zip,neighborhood,licenses_2014_25,provenance
98115,NE Seattle / Wedgwood,22841,"calculated: scripts/build_licensing_datasets.py from PRR C264029; home ZIP, 2014-2025 pooled issuances (not per-capita)"
98103,Wallingford / Fremont,19866,"calculated: scripts/build_licensing_datasets.py from PRR C264029; home ZIP, 2014-2025 pooled issuances (not per-capita)"
98117,Ballard,18590,"calculated: scripts/build_licensing_datasets.py from PRR C264029; home ZIP, 2014-2025 pooled issuances (not per-capita)"
98125,Lake City / Northgate,15106,"calculated: scripts/build_licensing_datasets.py from PRR C264029; home ZIP, 2014-2025 pooled issuances (not per-capita)"
98118,Columbia City,14208,"calculated: scripts/build_licensing_datasets.py from PRR C264029; home ZIP, 2014-2025 pooled issuances (not per-capita)"
98116,West Seattle / Alki,11770,"calculated: scripts/build_licensing_datasets.py from PRR C264029; home ZIP, 2014-2025 pooled issuances (not per-capita)"
98199,Magnolia,11575,"calculated: scripts/build_licensing_datasets.py from PRR C264029; home ZIP, 2014-2025 pooled issuances (not per-capita)"
98122,Capitol Hill / CD,11218,"calculated: scripts/build_licensing_datasets.py from PRR C264029; home ZIP, 2014-2025 pooled issuances (not per-capita)"
98126,West Seattle / Delridge,10384,"calculated: scripts/build_licensing_datasets.py from PRR C264029; home ZIP, 2014-2025 pooled issuances (not per-capita)"
98107,Ballard / Fremont,10346,"calculated: scripts/build_licensing_datasets.py from PRR C264029; home ZIP, 2014-2025 pooled issuances (not per-capita)"
98144,Beacon Hill / Mt Baker,9999,"calculated: scripts/build_licensing_datasets.py from PRR C264029; home ZIP, 2014-2025 pooled issuances (not per-capita)"
98106,South Delridge / Highland Park,9988,"calculated: scripts/build_licensing_datasets.py from PRR C264029; home ZIP, 2014-2025 pooled issuances (not per-capita)"
98105,University District,9616,"calculated: scripts/build_licensing_datasets.py from PRR C264029; home ZIP, 2014-2025 pooled issuances (not per-capita)"
98112,Madison Park / Montlake,9304,"calculated: scripts/build_licensing_datasets.py from PRR C264029; home ZIP, 2014-2025 pooled issuances (not per-capita)"
98136,West Seattle / Fauntleroy,8611,"calculated: scripts/build_licensing_datasets.py from PRR C264029; home ZIP, 2014-2025 pooled issuances (not per-capita)"
98133,Bitter Lake / Broadview,8542,"calculated: scripts/build_licensing_datasets.py from PRR C264029; home ZIP, 2014-2025 pooled issuances (not per-capita)"
98119,Queen Anne,8444,"calculated: scripts/build_licensing_datasets.py from PRR C264029; home ZIP, 2014-2025 pooled issuances (not per-capita)"
98109,Queen Anne / SLU,8186,"calculated: scripts/build_licensing_datasets.py from PRR C264029; home ZIP, 2014-2025 pooled issuances (not per-capita)"
98102,Capitol Hill / Eastlake,7044,"calculated: scripts/build_licensing_datasets.py from PRR C264029; home ZIP, 2014-2025 pooled issuances (not per-capita)"
98108,Georgetown / Beacon Hill,6108,"calculated: scripts/build_licensing_datasets.py from PRR C264029; home ZIP, 2014-2025 pooled issuances (not per-capita)"
98177,Broadview / Blue Ridge,4934,"calculated: scripts/build_licensing_datasets.py from PRR C264029; home ZIP, 2014-2025 pooled issuances (not per-capita)"
98121,Belltown,4083,"calculated: scripts/build_licensing_datasets.py from PRR C264029; home ZIP, 2014-2025 pooled issuances (not per-capita)"
98146,White Center / Highland Park,3580,"calculated: scripts/build_licensing_datasets.py from PRR C264029; home ZIP, 2014-2025 pooled issuances (not per-capita)"
98101,Downtown,2935,"calculated: scripts/build_licensing_datasets.py from PRR C264029; home ZIP, 2014-2025 pooled issuances (not per-capita)"
98178,Rainier Beach,2738,"calculated: scripts/build_licensing_datasets.py from PRR C264029; home ZIP, 2014-2025 pooled issuances (not per-capita)"
98104,Pioneer Square / ID,2246,"calculated: scripts/build_licensing_datasets.py from PRR C264029; home ZIP, 2014-2025 pooled issuances (not per-capita)"
98168,Tukwila-adjacent,486,"calculated: scripts/build_licensing_datasets.py from PRR C264029; home ZIP, 2014-2025 pooled issuances (not per-capita)"
98155,,431,"calculated: scripts/build_licensing_datasets.py from PRR C264029; home ZIP, 2014-2025 pooled issuances (not per-capita)"
98166,,197,"calculated: scripts/build_licensing_datasets.py from PRR C264029; home ZIP, 2014-2025 pooled issuances (not per-capita)"
98052,,151,"calculated: scripts/build_licensing_datasets.py from PRR C264029; home ZIP, 2014-2025 pooled issuances (not per-capita)"
98040,,145,"calculated: scripts/build_licensing_datasets.py from PRR C264029; home ZIP, 2014-2025 pooled issuances (not per-capita)"
98134,,145,"calculated: scripts/build_licensing_datasets.py from PRR C264029; home ZIP, 2014-2025 pooled issuances (not per-capita)"
98034,,116,"calculated: scripts/build_licensing_datasets.py from PRR C264029; home ZIP, 2014-2025 pooled issuances (not per-capita)"
98127,,97,"calculated: scripts/build_licensing_datasets.py from PRR C264029; home ZIP, 2014-2025 pooled issuances (not per-capita)"
98198,,94,"calculated: scripts/build_licensing_datasets.py from PRR C264029; home ZIP, 2014-2025 pooled issuances (not per-capita)"
98058,,91,"calculated: scripts/build_licensing_datasets.py from PRR C264029; home ZIP, 2014-2025 pooled issuances (not per-capita)"
98028,,91,"calculated: scripts/build_licensing_datasets.py from PRR C264029; home ZIP, 2014-2025 pooled issuances (not per-capita)"
98188,,89,"calculated: scripts/build_licensing_datasets.py from PRR C264029; home ZIP, 2014-2025 pooled issuances (not per-capita)"
98004,,86,"calculated: scripts/build_licensing_datasets.py from PRR C264029; home ZIP, 2014-2025 pooled issuances (not per-capita)"
98027,,74,"calculated: scripts/build_licensing_datasets.py from PRR C264029; home ZIP, 2014-2025 pooled issuances (not per-capita)"
98033,,72,"calculated: scripts/build_licensing_datasets.py from PRR C264029; home ZIP, 2014-2025 pooled issuances (not per-capita)"
98026,,71,"calculated: scripts/build_licensing_datasets.py from PRR C264029; home ZIP, 2014-2025 pooled issuances (not per-capita)"
98164,,69,"calculated: scripts/build_licensing_datasets.py from PRR C264029; home ZIP, 2014-2025 pooled issuances (not per-capita)"
98148,,66,"calculated: scripts/build_licensing_datasets.py from PRR C264029; home ZIP, 2014-2025 pooled issuances (not per-capita)"
98003,,65,"calculated: scripts/build_licensing_datasets.py from PRR C264029; home ZIP, 2014-2025 pooled issuances (not per-capita)"
98056,,63,"calculated: scripts/build_licensing_datasets.py from PRR C264029; home ZIP, 2014-2025 pooled issuances (not per-capita)"
98036,,61,"calculated: scripts/build_licensing_datasets.py from PRR C264029; home ZIP, 2014-2025 pooled issuances (not per-capita)"
98113,,61,"calculated: scripts/build_licensing_datasets.py from PRR C264029; home ZIP, 2014-2025 pooled issuances (not per-capita)"
98012,,61,"calculated: scripts/build_licensing_datasets.py from PRR C264029; home ZIP, 2014-2025 pooled issuances (not per-capita)"
98023,,58,"calculated: scripts/build_licensing_datasets.py from PRR C264029; home ZIP, 2014-2025 pooled issuances (not per-capita)"
98043,,57,"calculated: scripts/build_licensing_datasets.py from PRR C264029; home ZIP, 2014-2025 pooled issuances (not per-capita)"
98020,,54,"calculated: scripts/build_licensing_datasets.py from PRR C264029; home ZIP, 2014-2025 pooled issuances (not per-capita)"
98139,,53,"calculated: scripts/build_licensing_datasets.py from PRR C264029; home ZIP, 2014-2025 pooled issuances (not per-capita)"
98005,,51,"calculated: scripts/build_licensing_datasets.py from PRR C264029; home ZIP, 2014-2025 pooled issuances (not per-capita)"
98165,,50,"calculated: scripts/build_licensing_datasets.py from PRR C264029; home ZIP, 2014-2025 pooled issuances (not per-capita)"
98055,,50,"calculated: scripts/build_licensing_datasets.py from PRR C264029; home ZIP, 2014-2025 pooled issuances (not per-capita)"
98006,,49,"calculated: scripts/build_licensing_datasets.py from PRR C264029; home ZIP, 2014-2025 pooled issuances (not per-capita)"
98011,,47,"calculated: scripts/build_licensing_datasets.py from PRR C264029; home ZIP, 2014-2025 pooled issuances (not per-capita)"
98110,,47,"calculated: scripts/build_licensing_datasets.py from PRR C264029; home ZIP, 2014-2025 pooled issuances (not per-capita)"
98029,,46,"calculated: scripts/build_licensing_datasets.py from PRR C264029; home ZIP, 2014-2025 pooled issuances (not per-capita)"
98059,,44,"calculated: scripts/build_licensing_datasets.py from PRR C264029; home ZIP, 2014-2025 pooled issuances (not per-capita)"
98057,,43,"calculated: scripts/build_licensing_datasets.py from PRR C264029; home ZIP, 2014-2025 pooled issuances (not per-capita)"
98826,,40,"calculated: scripts/build_licensing_datasets.py from PRR C264029; home ZIP, 2014-2025 pooled issuances (not per-capita)"
98070,,40,"calculated: scripts/build_licensing_datasets.py from PRR C264029; home ZIP, 2014-2025 pooled issuances (not per-capita)"
98021,,40,"calculated: scripts/build_licensing_datasets.py from PRR C264029; home ZIP, 2014-2025 pooled issuances (not per-capita)"
98074,,38,"calculated: scripts/build_licensing_datasets.py from PRR C264029; home ZIP, 2014-2025 pooled issuances (not per-capita)"
98065,,38,"calculated: scripts/build_licensing_datasets.py from PRR C264029; home ZIP, 2014-2025 pooled issuances (not per-capita)"
98032,,37,"calculated: scripts/build_licensing_datasets.py from PRR C264029; home ZIP, 2014-2025 pooled issuances (not per-capita)"
98203,,37,"calculated: scripts/build_licensing_datasets.py from PRR C264029; home ZIP, 2014-2025 pooled issuances (not per-capita)"
98075,,36,"calculated: scripts/build_licensing_datasets.py from PRR C264029; home ZIP, 2014-2025 pooled issuances (not per-capita)"
98037,,35,"calculated: scripts/build_licensing_datasets.py from PRR C264029; home ZIP, 2014-2025 pooled issuances (not per-capita)"
98087,,35,"calculated: scripts/build_licensing_datasets.py from PRR C264029; home ZIP, 2014-2025 pooled issuances (not per-capita)"
98204,,35,"calculated: scripts/build_licensing_datasets.py from PRR C264029; home ZIP, 2014-2025 pooled issuances (not per-capita)"
98030,,35,"calculated: scripts/build_licensing_datasets.py from PRR C264029; home ZIP, 2014-2025 pooled issuances (not per-capita)"
98270,,34,"calculated: scripts/build_licensing_datasets.py from PRR C264029; home ZIP, 2014-2025 pooled issuances (not per-capita)"
98031,,34,"calculated: scripts/build_licensing_datasets.py from PRR C264029; home ZIP, 2014-2025 pooled issuances (not per-capita)"
98507,,34,"calculated: scripts/build_licensing_datasets.py from PRR C264029; home ZIP, 2014-2025 pooled issuances (not per-capita)"
98007,,33,"calculated: scripts/build_licensing_datasets.py from PRR C264029; home ZIP, 2014-2025 pooled issuances (not per-capita)"
98312,,32,"calculated: scripts/build_licensing_datasets.py from PRR C264029; home ZIP, 2014-2025 pooled issuances (not per-capita)"
98145,,32,"calculated: scripts/build_licensing_datasets.py from PRR C264029; home ZIP, 2014-2025 pooled issuances (not per-capita)"
98111,,32,"calculated: scripts/build_licensing_datasets.py from PRR C264029; home ZIP, 2014-2025 pooled issuances (not per-capita)"
98042,,32,"calculated: scripts/build_licensing_datasets.py from PRR C264029; home ZIP, 2014-2025 pooled issuances (not per-capita)"
98382,,30,"calculated: scripts/build_licensing_datasets.py from PRR C264029; home ZIP, 2014-2025 pooled issuances (not per-capita)"
98296,,30,"calculated: scripts/build_licensing_datasets.py from PRR C264029; home ZIP, 2014-2025 pooled issuances (not per-capita)"
98208,,30,"calculated: scripts/build_licensing_datasets.py from PRR C264029; home ZIP, 2014-2025 pooled issuances (not per-capita)"
98092,,30,"calculated: scripts/build_licensing_datasets.py from PRR C264029; home ZIP, 2014-2025 pooled issuances (not per-capita)"
98072,,29,"calculated: scripts/build_licensing_datasets.py from PRR C264029; home ZIP, 2014-2025 pooled issuances (not per-capita)"
98077,,29,"calculated: scripts/build_licensing_datasets.py from PRR C264029; home ZIP, 2014-2025 pooled issuances (not per-capita)"
98175,,27,"calculated: scripts/build_licensing_datasets.py from PRR C264029; home ZIP, 2014-2025 pooled issuances (not per-capita)"
98053,,27,"calculated: scripts/build_licensing_datasets.py from PRR C264029; home ZIP, 2014-2025 pooled issuances (not per-capita)"
98038,,26,"calculated: scripts/build_licensing_datasets.py from PRR C264029; home ZIP, 2014-2025 pooled issuances (not per-capita)"
98138,,25,"calculated: scripts/build_licensing_datasets.py from PRR C264029; home ZIP, 2014-2025 pooled issuances (not per-capita)"
98249,,25,"calculated: scripts/build_licensing_datasets.py from PRR C264029; home ZIP, 2014-2025 pooled issuances (not per-capita)"
98310,,25,"calculated: scripts/build_licensing_datasets.py from PRR C264029; home ZIP, 2014-2025 pooled issuances (not per-capita)"
98275,,24,"calculated: scripts/build_licensing_datasets.py from PRR C264029; home ZIP, 2014-2025 pooled issuances (not per-capita)"
98124,,24,"calculated: scripts/build_licensing_datasets.py from PRR C264029; home ZIP, 2014-2025 pooled issuances (not per-capita)"
97703,,23,"calculated: scripts/build_licensing_datasets.py from PRR C264029; home ZIP, 2014-2025 pooled issuances (not per-capita)"
98019,,23,"calculated: scripts/build_licensing_datasets.py from PRR C264029; home ZIP, 2014-2025 pooled issuances (not per-capita)"
98503,,23,"calculated: scripts/build_licensing_datasets.py from PRR C264029; home ZIP, 2014-2025 pooled issuances (not per-capita)"
98001,,22,"calculated: scripts/build_licensing_datasets.py from PRR C264029; home ZIP, 2014-2025 pooled issuances (not per-capita)"
98008,,22,"calculated: scripts/build_licensing_datasets.py from PRR C264029; home ZIP, 2014-2025 pooled issuances (not per-capita)"
98225,,20,"calculated: scripts/build_licensing_datasets.py from PRR C264029; home ZIP, 2014-2025 pooled issuances (not per-capita)"
97702,,20,"calculated: scripts/build_licensing_datasets.py from PRR C264029; home ZIP, 2014-2025 pooled issuances (not per-capita)"
98229,,19,"calculated: scripts/build_licensing_datasets.py from PRR C264029; home ZIP, 2014-2025 pooled issuances (not per-capita)"
98370,,18,"calculated: scripts/build_licensing_datasets.py from PRR C264029; home ZIP, 2014-2025 pooled issuances (not per-capita)"
98290,,18,"calculated: scripts/build_licensing_datasets.py from PRR C264029; home ZIP, 2014-2025 pooled issuances (not per-capita)"
98367,,18,"calculated: scripts/build_licensing_datasets.py from PRR C264029; home ZIP, 2014-2025 pooled issuances (not per-capita)"
98045,,18,"calculated: scripts/build_licensing_datasets.py from PRR C264029; home ZIP, 2014-2025 pooled issuances (not per-capita)"
98272,,18,"calculated: scripts/build_licensing_datasets.py from PRR C264029; home ZIP, 2014-2025 pooled issuances (not per-capita)"
59715,,18,"calculated: scripts/build_licensing_datasets.py from PRR C264029; home ZIP, 2014-2025 pooled issuances (not per-capita)"
98260,,17,"calculated: scripts/build_licensing_datasets.py from PRR C264029; home ZIP, 2014-2025 pooled issuances (not per-capita)"
99208,,17,"calculated: scripts/build_licensing_datasets.py from PRR C264029; home ZIP, 2014-2025 pooled issuances (not per-capita)"
98366,,16,"calculated: scripts/build_licensing_datasets.py from PRR C264029; home ZIP, 2014-2025 pooled issuances (not per-capita)"
97215,,16,"calculated: scripts/build_licensing_datasets.py from PRR C264029; home ZIP, 2014-2025 pooled issuances (not per-capita)"
98239,,16,"calculated: scripts/build_licensing_datasets.py from PRR C264029; home ZIP, 2014-2025 pooled issuances (not per-capita)"
98407,,15,"calculated: scripts/build_licensing_datasets.py from PRR C264029; home ZIP, 2014-2025 pooled issuances (not per-capita)"
98908,,15,"calculated: scripts/build_licensing_datasets.py from PRR C264029; home ZIP, 2014-2025 pooled issuances (not per-capita)"
99362,,15,"calculated: scripts/build_licensing_datasets.py from PRR C264029; home ZIP, 2014-2025 pooled issuances (not per-capita)"
98405,,15,"calculated: scripts/build_licensing_datasets.py from PRR C264029; home ZIP, 2014-2025 pooled issuances (not per-capita)"
98942,,15,"calculated: scripts/build_licensing_datasets.py from PRR C264029; home ZIP, 2014-2025 pooled issuances (not per-capita)"
98024,,15,"calculated: scripts/build_licensing_datasets.py from PRR C264029; home ZIP, 2014-2025 pooled issuances (not per-capita)"
60614,,14,"calculated: scripts/build_licensing_datasets.py from PRR C264029; home ZIP, 2014-2025 pooled issuances (not per-capita)"
98236,,14,"calculated: scripts/build_licensing_datasets.py from PRR C264029; home ZIP, 2014-2025 pooled issuances (not per-capita)"
98391,,14,"calculated: scripts/build_licensing_datasets.py from PRR C264029; home ZIP, 2014-2025 pooled issuances (not per-capita)"
98346,,14,"calculated: scripts/build_licensing_datasets.py from PRR C264029; home ZIP, 2014-2025 pooled issuances (not per-capita)"
98390,,14,"calculated: scripts/build_licensing_datasets.py from PRR C264029; home ZIP, 2014-2025 pooled issuances (not per-capita)"
98862,,13,"calculated: scripts/build_licensing_datasets.py from PRR C264029; home ZIP, 2014-2025 pooled issuances (not per-capita)"
98114,,13,"calculated: scripts/build_licensing_datasets.py from PRR C264029; home ZIP, 2014-2025 pooled issuances (not per-capita)"
98002,,13,"calculated: scripts/build_licensing_datasets.py from PRR C264029; home ZIP, 2014-2025 pooled issuances (not per-capita)"
90277,,13,"calculated: scripts/build_licensing_datasets.py from PRR C264029; home ZIP, 2014-2025 pooled issuances (not per-capita)"
98223,,13,"calculated: scripts/build_licensing_datasets.py from PRR C264029; home ZIP, 2014-2025 pooled issuances (not per-capita)"
98406,,13,"calculated: scripts/build_licensing_datasets.py from PRR C264029; home ZIP, 2014-2025 pooled issuances (not per-capita)"
98335,,12,"calculated: scripts/build_licensing_datasets.py from PRR C264029; home ZIP, 2014-2025 pooled issuances (not per-capita)"
98404,,12,"calculated: scripts/build_licensing_datasets.py from PRR C264029; home ZIP, 2014-2025 pooled issuances (not per-capita)"
96771,,12,"calculated: scripts/build_licensing_datasets.py from PRR C264029; home ZIP, 2014-2025 pooled issuances (not per-capita)"
98201,,12,"calculated: scripts/build_licensing_datasets.py from PRR C264029; home ZIP, 2014-2025 pooled issuances (not per-capita)"
98273,,11,"calculated: scripts/build_licensing_datasets.py from PRR C264029; home ZIP, 2014-2025 pooled issuances (not per-capita)"
98010,,11,"calculated: scripts/build_licensing_datasets.py from PRR C264029; home ZIP, 2014-2025 pooled issuances (not per-capita)"
98256,,11,"calculated: scripts/build_licensing_datasets.py from PRR C264029; home ZIP, 2014-2025 pooled issuances (not per-capita)"
98258,,11,"calculated: scripts/build_licensing_datasets.py from PRR C264029; home ZIP, 2014-2025 pooled issuances (not per-capita)"
98230,,10,"calculated: scripts/build_licensing_datasets.py from PRR C264029; home ZIP, 2014-2025 pooled issuances (not per-capita)"
92024,,10,"calculated: scripts/build_licensing_datasets.py from PRR C264029; home ZIP, 2014-2025 pooled issuances (not per-capita)"
93446,,10,"calculated: scripts/build_licensing_datasets.py from PRR C264029; home ZIP, 2014-2025 pooled issuances (not per-capita)"
98604,,10,"calculated: scripts/build_licensing_datasets.py from PRR C264029; home ZIP, 2014-2025 pooled issuances (not per-capita)"
81507,,10,"calculated: scripts/build_licensing_datasets.py from PRR C264029; home ZIP, 2014-2025 pooled issuances (not per-capita)"
85351,,10,"calculated: scripts/build_licensing_datasets.py from PRR C264029; home ZIP, 2014-2025 pooled issuances (not per-capita)"
97405,,10,"calculated: scripts/build_licensing_datasets.py from PRR C264029; home ZIP, 2014-2025 pooled issuances (not per-capita)"
98195,,10,"calculated: scripts/build_licensing_datasets.py from PRR C264029; home ZIP, 2014-2025 pooled issuances (not per-capita)"
98022,,9,"calculated: scripts/build_licensing_datasets.py from PRR C264029; home ZIP, 2014-2025 pooled issuances (not per-capita)"
92103,,9,"calculated: scripts/build_licensing_datasets.py from PRR C264029; home ZIP, 2014-2025 pooled issuances (not per-capita)"
59922,,9,"calculated: scripts/build_licensing_datasets.py from PRR C264029; home ZIP, 2014-2025 pooled issuances (not per-capita)"
98363,,9,"calculated: scripts/build_licensing_datasets.py from PRR C264029; home ZIP, 2014-2025 pooled issuances (not per-capita)"
98466,,9,"calculated: scripts/build_licensing_datasets.py from PRR C264029; home ZIP, 2014-2025 pooled issuances (not per-capita)"
98584,,9,"calculated: scripts/build_licensing_datasets.py from PRR C264029; home ZIP, 2014-2025 pooled issuances (not per-capita)"
98250,,9,"calculated: scripts/build_licensing_datasets.py from PRR C264029; home ZIP, 2014-2025 pooled issuances (not per-capita)"
98408,,9,"calculated: scripts/build_licensing_datasets.py from PRR C264029; home ZIP, 2014-2025 pooled issuances (not per-capita)"
98271,,9,"calculated: scripts/build_licensing_datasets.py from PRR C264029; home ZIP, 2014-2025 pooled issuances (not per-capita)"
98375,,9,"calculated: scripts/build_licensing_datasets.py from PRR C264029; home ZIP, 2014-2025 pooled issuances (not per-capita)"
92262,,9,"calculated: scripts/build_licensing_datasets.py from PRR C264029; home ZIP, 2014-2025 pooled issuances (not per-capita)"
98640,,9,"calculated: scripts/build_licensing_datasets.py from PRR C264029; home ZIP, 2014-2025 pooled issuances (not per-capita)"
98362,,8,"calculated: scripts/build_licensing_datasets.py from PRR C264029; home ZIP, 2014-2025 pooled issuances (not per-capita)"
98245,,8,"calculated: scripts/build_licensing_datasets.py from PRR C264029; home ZIP, 2014-2025 pooled issuances (not per-capita)"
98261,,8,"calculated: scripts/build_licensing_datasets.py from PRR C264029; home ZIP, 2014-2025 pooled issuances (not per-capita)"
99205,,8,"calculated: scripts/build_licensing_datasets.py from PRR C264029; home ZIP, 2014-2025 pooled issuances (not per-capita)"
98226,,8,"calculated: scripts/build_licensing_datasets.py from PRR C264029; home ZIP, 2014-2025 pooled issuances (not per-capita)"
98502,,8,"calculated: scripts/build_licensing_datasets.py from PRR C264029; home ZIP, 2014-2025 pooled issuances (not per-capita)"
17019,,7,"calculated: scripts/build_licensing_datasets.py from PRR C264029; home ZIP, 2014-2025 pooled issuances (not per-capita)"
92264,,7,"calculated: scripts/build_licensing_datasets.py from PRR C264029; home ZIP, 2014-2025 pooled issuances (not per-capita)"
98368,,7,"calculated: scripts/build_licensing_datasets.py from PRR C264029; home ZIP, 2014-2025 pooled issuances (not per-capita)"
98147,,7,"calculated: scripts/build_licensing_datasets.py from PRR C264029; home ZIP, 2014-2025 pooled issuances (not per-capita)"
98501,,7,"calculated: scripts/build_licensing_datasets.py from PRR C264029; home ZIP, 2014-2025 pooled issuances (not per-capita)"
98365,,7,"calculated: scripts/build_licensing_datasets.py from PRR C264029; home ZIP, 2014-2025 pooled issuances (not per-capita)"
92037,,7,"calculated: scripts/build_licensing_datasets.py from PRR C264029; home ZIP, 2014-2025 pooled issuances (not per-capita)"
93012,,7,"calculated: scripts/build_licensing_datasets.py from PRR C264029; home ZIP, 2014-2025 pooled issuances (not per-capita)"
98017,,7,"calculated: scripts/build_licensing_datasets.py from PRR C264029; home ZIP, 2014-2025 pooled issuances (not per-capita)"
98422,,7,"calculated: scripts/build_licensing_datasets.py from PRR C264029; home ZIP, 2014-2025 pooled issuances (not per-capita)"
97068,,7,"calculated: scripts/build_licensing_datasets.py from PRR C264029; home ZIP, 2014-2025 pooled issuances (not per-capita)"
54481,,7,"calculated: scripts/build_licensing_datasets.py from PRR C264029; home ZIP, 2014-2025 pooled issuances (not per-capita)"
98373,,7,"calculated: scripts/build_licensing_datasets.py from PRR C264029; home ZIP, 2014-2025 pooled issuances (not per-capita)"
02067,,7,"calculated: scripts/build_licensing_datasets.py from PRR C264029; home ZIP, 2014-2025 pooled issuances (not per-capita)"
94549,,7,"calculated: scripts/build_licensing_datasets.py from PRR C264029; home ZIP, 2014-2025 pooled issuances (not per-capita)"
98311,,7,"calculated: scripts/build_licensing_datasets.py from PRR C264029; home ZIP, 2014-2025 pooled issuances (not per-capita)"
98215,,7,"calculated: scripts/build_licensing_datasets.py from PRR C264029; home ZIP, 2014-2025 pooled issuances (not per-capita)"
98409,,6,"calculated: scripts/build_licensing_datasets.py from PRR C264029; home ZIP, 2014-2025 pooled issuances (not per-capita)"
92210,,6,"calculated: scripts/build_licensing_datasets.py from PRR C264029; home ZIP, 2014-2025 pooled issuances (not per-capita)"
98044,,6,"calculated: scripts/build_licensing_datasets.py from PRR C264029; home ZIP, 2014-2025 pooled issuances (not per-capita)"
98901,,6,"calculated: scripts/build_licensing_datasets.py from PRR C264029; home ZIP, 2014-2025 pooled issuances (not per-capita)"
61614,,6,"calculated: scripts/build_licensing_datasets.py from PRR C264029; home ZIP, 2014-2025 pooled issuances (not per-capita)"
80526,,6,"calculated: scripts/build_licensing_datasets.py from PRR C264029; home ZIP, 2014-2025 pooled issuances (not per-capita)"
59808,,6,"calculated: scripts/build_licensing_datasets.py from PRR C264029; home ZIP, 2014-2025 pooled issuances (not per-capita)"
98282,,6,"calculated: scripts/build_licensing_datasets.py from PRR C264029; home ZIP, 2014-2025 pooled issuances (not per-capita)"
98221,,6,"calculated: scripts/build_licensing_datasets.py from PRR C264029; home ZIP, 2014-2025 pooled issuances (not per-capita)"
99810,,6,"calculated: scripts/build_licensing_datasets.py from PRR C264029; home ZIP, 2014-2025 pooled issuances (not per-capita)"
98506,,6,"calculated: scripts/build_licensing_datasets.py from PRR C264029; home ZIP, 2014-2025 pooled issuances (not per-capita)"
98725,,6,"calculated: scripts/build_licensing_datasets.py from PRR C264029; home ZIP, 2014-2025 pooled issuances (not per-capita)"
98321,,6,"calculated: scripts/build_licensing_datasets.py from PRR C264029; home ZIP, 2014-2025 pooled issuances (not per-capita)"
98513,,6,"calculated: scripts/build_licensing_datasets.py from PRR C264029; home ZIP, 2014-2025 pooled issuances (not per-capita)"
80525,,6,"calculated: scripts/build_licensing_datasets.py from PRR C264029; home ZIP, 2014-2025 pooled issuances (not per-capita)"
98661,,6,"calculated: scripts/build_licensing_datasets.py from PRR C264029; home ZIP, 2014-2025 pooled issuances (not per-capita)"
02141,,6,"calculated: scripts/build_licensing_datasets.py from PRR C264029; home ZIP, 2014-2025 pooled issuances (not per-capita)"
99336,,6,"calculated: scripts/build_licensing_datasets.py from PRR C264029; home ZIP, 2014-2025 pooled issuances (not per-capita)"
93215,,6,"calculated: scripts/build_licensing_datasets.py from PRR C264029; home ZIP, 2014-2025 pooled issuances (not per-capita)"
98371,,5,"calculated: scripts/build_licensing_datasets.py from PRR C264029; home ZIP, 2014-2025 pooled issuances (not per-capita)"
99203,,5,"calculated: scripts/build_licensing_datasets.py from PRR C264029; home ZIP, 2014-2025 pooled issuances (not per-capita)"
92143,,5,"calculated: scripts/build_licensing_datasets.py from PRR C264029; home ZIP, 2014-2025 pooled issuances (not per-capita)"
98013,,5,"calculated: scripts/build_licensing_datasets.py from PRR C264029; home ZIP, 2014-2025 pooled issuances (not per-capita)"
98128,,5,"calculated: scripts/build_licensing_datasets.py from PRR C264029; home ZIP, 2014-2025 pooled issuances (not per-capita)"
98557,,5,"calculated: scripts/build_licensing_datasets.py from PRR C264029; home ZIP, 2014-2025 pooled issuances (not per-capita)"
89146,,5,"calculated: scripts/build_licensing_datasets.py from PRR C264029; home ZIP, 2014-2025 pooled issuances (not per-capita)"
98516,,5,"calculated: scripts/build_licensing_datasets.py from PRR C264029; home ZIP, 2014-2025 pooled issuances (not per-capita)"
92130,,5,"calculated: scripts/build_licensing_datasets.py from PRR C264029; home ZIP, 2014-2025 pooled issuances (not per-capita)"
98592,,5,"calculated: scripts/build_licensing_datasets.py from PRR C264029; home ZIP, 2014-2025 pooled issuances (not per-capita)"
32903,,5,"calculated: scripts/build_licensing_datasets.py from PRR C264029; home ZIP, 2014-2025 pooled issuances (not per-capita)"
99163,,5,"calculated: scripts/build_licensing_datasets.py from PRR C264029; home ZIP, 2014-2025 pooled issuances (not per-capita)"
87114,,5,"calculated: scripts/build_licensing_datasets.py from PRR C264029; home ZIP, 2014-2025 pooled issuances (not per-capita)"
99206,,5,"calculated: scripts/build_licensing_datasets.py from PRR C264029; home ZIP, 2014-2025 pooled issuances (not per-capita)"
27703,,5,"calculated: scripts/build_licensing_datasets.py from PRR C264029; home ZIP, 2014-2025 pooled issuances (not per-capita)"
98340,,5,"calculated: scripts/build_licensing_datasets.py from PRR C264029; home ZIP, 2014-2025 pooled issuances (not per-capita)"
74137,,5,"calculated: scripts/build_licensing_datasets.py from PRR C264029; home ZIP, 2014-2025 pooled issuances (not per-capita)"
38103,,5,"calculated: scripts/build_licensing_datasets.py from PRR C264029; home ZIP, 2014-2025 pooled issuances (not per-capita)"
98512,,5,"calculated: scripts/build_licensing_datasets.py from PRR C264029; home ZIP, 2014-2025 pooled issuances (not per-capita)"
98498,,5,"calculated: scripts/build_licensing_datasets.py from PRR C264029; home ZIP, 2014-2025 pooled issuances (not per-capita)"
12305,,5,"calculated: scripts/build_licensing_datasets.py from PRR C264029; home ZIP, 2014-2025 pooled issuances (not per-capita)"
60025,,5,"calculated: scripts/build_licensing_datasets.py from PRR C264029; home ZIP, 2014-2025 pooled issuances (not per-capita)"
02127,,5,"calculated: scripts/build_licensing_datasets.py from PRR C264029; home ZIP, 2014-2025 pooled issuances (not per-capita)"
98499,,5,"calculated: scripts/build_licensing_datasets.py from PRR C264029; home ZIP, 2014-2025 pooled issuances (not per-capita)"
98332,,5,"calculated: scripts/build_licensing_datasets.py from PRR C264029; home ZIP, 2014-2025 pooled issuances (not per-capita)"
98337,,5,"calculated: scripts/build_licensing_datasets.py from PRR C264029; home ZIP, 2014-2025 pooled issuances (not per-capita)"
08057,,5,"calculated: scripts/build_licensing_datasets.py from PRR C264029; home ZIP, 2014-2025 pooled issuances (not per-capita)"
94925,,5,"calculated: scripts/build_licensing_datasets.py from PRR C264029; home ZIP, 2014-2025 pooled issuances (not per-capita)"
32926,,5,"calculated: scripts/build_licensing_datasets.py from PRR C264029; home ZIP, 2014-2025 pooled issuances (not per-capita)"
91809,,5,"calculated: scripts/build_licensing_datasets.py from PRR C264029; home ZIP, 2014-2025 pooled issuances (not per-capita)"
78205,,4,"calculated: scripts/build_licensing_datasets.py from PRR C264029; home ZIP, 2014-2025 pooled issuances (not per-capita)"
85028,,4,"calculated: scripts/build_licensing_datasets.py from PRR C264029; home ZIP, 2014-2025 pooled issuances (not per-capita)"
99207,,4,"calculated: scripts/build_licensing_datasets.py from PRR C264029; home ZIP, 2014-2025 pooled issuances (not per-capita)"
97058,,4,"calculated: scripts/build_licensing_datasets.py from PRR C264029; home ZIP, 2014-2025 pooled issuances (not per-capita)"
60647,,4,"calculated: scripts/build_licensing_datasets.py from PRR C264029; home ZIP, 2014-2025 pooled issuances (not per-capita)"
83814,,4,"calculated: scripts/build_licensing_datasets.py from PRR C264029; home ZIP, 2014-2025 pooled issuances (not per-capita)"
98244,,4,"calculated: scripts/build_licensing_datasets.py from PRR C264029; home ZIP, 2014-2025 pooled issuances (not per-capita)"
07310,,4,"calculated: scripts/build_licensing_datasets.py from PRR C264029; home ZIP, 2014-2025 pooled issuances (not per-capita)"
55408,,4,"calculated: scripts/build_licensing_datasets.py from PRR C264029; home ZIP, 2014-2025 pooled issuances (not per-capita)"
98014,,4,"calculated: scripts/build_licensing_datasets.py from PRR C264029; home ZIP, 2014-2025 pooled issuances (not per-capita)"
20009,,4,"calculated: scripts/build_licensing_datasets.py from PRR C264029; home ZIP, 2014-2025 pooled issuances (not per-capita)"
15001,,4,"calculated: scripts/build_licensing_datasets.py from PRR C264029; home ZIP, 2014-2025 pooled issuances (not per-capita)"
55401,,4,"calculated: scripts/build_licensing_datasets.py from PRR C264029; home ZIP, 2014-2025 pooled issuances (not per-capita)"
98392,,4,"calculated: scripts/build_licensing_datasets.py from PRR C264029; home ZIP, 2014-2025 pooled issuances (not per-capita)"
98383,,4,"calculated: scripts/build_licensing_datasets.py from PRR C264029; home ZIP, 2014-2025 pooled issuances (not per-capita)"
95115,,4,"calculated: scripts/build_licensing_datasets.py from PRR C264029; home ZIP, 2014-2025 pooled issuances (not per-capita)"
98467,,4,"calculated: scripts/build_licensing_datasets.py from PRR C264029; home ZIP, 2014-2025 pooled issuances (not per-capita)"
80221,,4,"calculated: scripts/build_licensing_datasets.py from PRR C264029; home ZIP, 2014-2025 pooled issuances (not per-capita)"
87122,,4,"calculated: scripts/build_licensing_datasets.py from PRR C264029; home ZIP, 2014-2025 pooled issuances (not per-capita)"
08889,,4,"calculated: scripts/build_licensing_datasets.py from PRR C264029; home ZIP, 2014-2025 pooled issuances (not per-capita)"
78613,,4,"calculated: scripts/build_licensing_datasets.py from PRR C264029; home ZIP, 2014-2025 pooled issuances (not per-capita)"
32605,,4,"calculated: scripts/build_licensing_datasets.py from PRR C264029; home ZIP, 2014-2025 pooled issuances (not per-capita)"
55417,,4,"calculated: scripts/build_licensing_datasets.py from PRR C264029; home ZIP, 2014-2025 pooled issuances (not per-capita)"
98402,,4,"calculated: scripts/build_licensing_datasets.py from PRR C264029; home ZIP, 2014-2025 pooled issuances (not per-capita)"
97212,,4,"calculated: scripts/build_licensing_datasets.py from PRR C264029; home ZIP, 2014-2025 pooled issuances (not per-capita)"
55108,,4,"calculated: scripts/build_licensing_datasets.py from PRR C264029; home ZIP, 2014-2025 pooled issuances (not per-capita)"
46143,,4,"calculated: scripts/build_licensing_datasets.py from PRR C264029; home ZIP, 2014-2025 pooled issuances (not per-capita)"
98374,,4,"calculated: scripts/build_licensing_datasets.py from PRR C264029; home ZIP, 2014-2025 pooled issuances (not per-capita)"
27601,,4,"calculated: scripts/build_licensing_datasets.py from PRR C264029; home ZIP, 2014-2025 pooled issuances (not per-capita)"
84774,,4,"calculated: scripts/build_licensing_datasets.py from PRR C264029; home ZIP, 2014-2025 pooled issuances (not per-capita)"
97008,,4,"calculated: scripts/build_licensing_datasets.py from PRR C264029; home ZIP, 2014-2025 pooled issuances (not per-capita)"
33604,,4,"calculated: scripts/build_licensing_datasets.py from PRR C264029; home ZIP, 2014-2025 pooled issuances (not per-capita)"
78245,,4,"calculated: scripts/build_licensing_datasets.py from PRR C264029; home ZIP, 2014-2025 pooled issuances (not per-capita)"
78028,,4,"calculated: scripts/build_licensing_datasets.py from PRR C264029; home ZIP, 2014-2025 pooled issuances (not per-capita)"
55117,,4,"calculated: scripts/build_licensing_datasets.py from PRR C264029; home ZIP, 2014-2025 pooled issuances (not per-capita)"
98446,,4,"calculated: scripts/build_licensing_datasets.py from PRR C264029; home ZIP, 2014-2025 pooled issuances (not per-capita)"
78254,,4,"calculated: scripts/build_licensing_datasets.py from PRR C264029; home ZIP, 2014-2025 pooled issuances (not per-capita)"
97203,,4,"calculated: scripts/build_licensing_datasets.py from PRR C264029; home ZIP, 2014-2025 pooled issuances (not per-capita)"
78216,,4,"calculated: scripts/build_licensing_datasets.py from PRR C264029; home ZIP, 2014-2025 pooled issuances (not per-capita)"
77539,,4,"calculated: scripts/build_licensing_datasets.py from PRR C264029; home ZIP, 2014-2025 pooled issuances (not per-capita)"
81303,,4,"calculated: scripts/build_licensing_datasets.py from PRR C264029; home ZIP, 2014-2025 pooled issuances (not per-capita)"
99026,,4,"calculated: scripts/build_licensing_datasets.py from PRR C264029; home ZIP, 2014-2025 pooled issuances (not per-capita)"
33705,,4,"calculated: scripts/build_licensing_datasets.py from PRR C264029; home ZIP, 2014-2025 pooled issuances (not per-capita)"
53235,,4,"calculated: scripts/build_licensing_datasets.py from PRR C264029; home ZIP, 2014-2025 pooled issuances (not per-capita)"
17517,,4,"calculated: scripts/build_licensing_datasets.py from PRR C264029; home ZIP, 2014-2025 pooled issuances (not per-capita)"
97439,,4,"calculated: scripts/build_licensing_datasets.py from PRR C264029; home ZIP, 2014-2025 pooled issuances (not per-capita)"
22102,,4,"calculated: scripts/build_licensing_datasets.py from PRR C264029; home ZIP, 2014-2025 pooled issuances (not per-capita)"
98403,,4,"calculated: scripts/build_licensing_datasets.py from PRR C264029; home ZIP, 2014-2025 pooled issuances (not per-capita)"
99166,,4,"calculated: scripts/build_licensing_datasets.py from PRR C264029; home ZIP, 2014-2025 pooled issuances (not per-capita)"
87501,,4,"calculated: scripts/build_licensing_datasets.py from PRR C264029; home ZIP, 2014-2025 pooled issuances (not per-capita)"
98528,,4,"calculated: scripts/build_licensing_datasets.py from PRR C264029; home ZIP, 2014-2025 pooled issuances (not per-capita)"
99816,,4,"calculated: scripts/build_licensing_datasets.py from PRR C264029; home ZIP, 2014-2025 pooled issuances (not per-capita)"
91739,,4,"calculated: scripts/build_licensing_datasets.py from PRR C264029; home ZIP, 2014-2025 pooled issuances (not per-capita)"
98580,,4,"calculated: scripts/build_licensing_datasets.py from PRR C264029; home ZIP, 2014-2025 pooled issuances (not per-capita)"
95678,,3,"calculated: scripts/build_licensing_datasets.py from PRR C264029; home ZIP, 2014-2025 pooled issuances (not per-capita)"
98141,,3,"calculated: scripts/build_licensing_datasets.py from PRR C264029; home ZIP, 2014-2025 pooled issuances (not per-capita)"
99301,,3,"calculated: scripts/build_licensing_datasets.py from PRR C264029; home ZIP, 2014-2025 pooled issuances (not per-capita)"
98174,,3,"calculated: scripts/build_licensing_datasets.py from PRR C264029; home ZIP, 2014-2025 pooled issuances (not per-capita)"
98801,,3,"calculated: scripts/build_licensing_datasets.py from PRR C264029; home ZIP, 2014-2025 pooled issuances (not per-capita)"
98940,,3,"calculated: scripts/build_licensing_datasets.py from PRR C264029; home ZIP, 2014-2025 pooled issuances (not per-capita)"
98140,,3,"calculated: scripts/build_licensing_datasets.py from PRR C264029; home ZIP, 2014-2025 pooled issuances (not per-capita)"
94954,,3,"calculated: scripts/build_licensing_datasets.py from PRR C264029; home ZIP, 2014-2025 pooled issuances (not per-capita)"
99352,,3,"calculated: scripts/build_licensing_datasets.py from PRR C264029; home ZIP, 2014-2025 pooled issuances (not per-capita)"
91354,,3,"calculated: scripts/build_licensing_datasets.py from PRR C264029; home ZIP, 2014-2025 pooled issuances (not per-capita)"
78759,,3,"calculated: scripts/build_licensing_datasets.py from PRR C264029; home ZIP, 2014-2025 pooled issuances (not per-capita)"
87121,,3,"calculated: scripts/build_licensing_datasets.py from PRR C264029; home ZIP, 2014-2025 pooled issuances (not per-capita)"
83686,,3,"calculated: scripts/build_licensing_datasets.py from PRR C264029; home ZIP, 2014-2025 pooled issuances (not per-capita)"
90065,,3,"calculated: scripts/build_licensing_datasets.py from PRR C264029; home ZIP, 2014-2025 pooled issuances (not per-capita)"
98279,,3,"calculated: scripts/build_licensing_datasets.py from PRR C264029; home ZIP, 2014-2025 pooled issuances (not per-capita)"
98257,,3,"calculated: scripts/build_licensing_datasets.py from PRR C264029; home ZIP, 2014-2025 pooled issuances (not per-capita)"
91801,,3,"calculated: scripts/build_licensing_datasets.py from PRR C264029; home ZIP, 2014-2025 pooled issuances (not per-capita)"
93101,,3,"calculated: scripts/build_licensing_datasets.py from PRR C264029; home ZIP, 2014-2025 pooled issuances (not per-capita)"
92270,,3,"calculated: scripts/build_licensing_datasets.py from PRR C264029; home ZIP, 2014-2025 pooled issuances (not per-capita)"
98039,,3,"calculated: scripts/build_licensing_datasets.py from PRR C264029; home ZIP, 2014-2025 pooled issuances (not per-capita)"
80303,,3,"calculated: scripts/build_licensing_datasets.py from PRR C264029; home ZIP, 2014-2025 pooled issuances (not per-capita)"
45387,,3,"calculated: scripts/build_licensing_datasets.py from PRR C264029; home ZIP, 2014-2025 pooled issuances (not per-capita)"
98292,,3,"calculated: scripts/build_licensing_datasets.py from PRR C264029; home ZIP, 2014-2025 pooled issuances (not per-capita)"
92128,,3,"calculated: scripts/build_licensing_datasets.py from PRR C264029; home ZIP, 2014-2025 pooled issuances (not per-capita)"
22301,,3,"calculated: scripts/build_licensing_datasets.py from PRR C264029; home ZIP, 2014-2025 pooled issuances (not per-capita)"
98380,,3,"calculated: scripts/build_licensing_datasets.py from PRR C264029; home ZIP, 2014-2025 pooled issuances (not per-capita)"
94117,,3,"calculated: scripts/build_licensing_datasets.py from PRR C264029; home ZIP, 2014-2025 pooled issuances (not per-capita)"
80211,,3,"calculated: scripts/build_licensing_datasets.py from PRR C264029; home ZIP, 2014-2025 pooled issuances (not per-capita)"
98120,,3,"calculated: scripts/build_licensing_datasets.py from PRR C264029; home ZIP, 2014-2025 pooled issuances (not per-capita)"
87506,,3,"calculated: scripts/build_licensing_datasets.py from PRR C264029; home ZIP, 2014-2025 pooled issuances (not per-capita)"
98586,,3,"calculated: scripts/build_licensing_datasets.py from PRR C264029; home ZIP, 2014-2025 pooled issuances (not per-capita)"
93230,,3,"calculated: scripts/build_licensing_datasets.py from PRR C264029; home ZIP, 2014-2025 pooled issuances (not per-capita)"
08054,,3,"calculated: scripts/build_licensing_datasets.py from PRR C264029; home ZIP, 2014-2025 pooled issuances (not per-capita)"
97217,,3,"calculated: scripts/build_licensing_datasets.py from PRR C264029; home ZIP, 2014-2025 pooled issuances (not per-capita)"
55391,,3,"calculated: scripts/build_licensing_datasets.py from PRR C264029; home ZIP, 2014-2025 pooled issuances (not per-capita)"
92122,,3,"calculated: scripts/build_licensing_datasets.py from PRR C264029; home ZIP, 2014-2025 pooled issuances (not per-capita)"
19125,,3,"calculated: scripts/build_licensing_datasets.py from PRR C264029; home ZIP, 2014-2025 pooled issuances (not per-capita)"
85254,,3,"calculated: scripts/build_licensing_datasets.py from PRR C264029; home ZIP, 2014-2025 pooled issuances (not per-capita)"
98843,,3,"calculated: scripts/build_licensing_datasets.py from PRR C264029; home ZIP, 2014-2025 pooled issuances (not per-capita)"
97213,,3,"calculated: scripts/build_licensing_datasets.py from PRR C264029; home ZIP, 2014-2025 pooled issuances (not per-capita)"
20874,,3,"calculated: scripts/build_licensing_datasets.py from PRR C264029; home ZIP, 2014-2025 pooled issuances (not per-capita)"
83709,,3,"calculated: scripts/build_licensing_datasets.py from PRR C264029; home ZIP, 2014-2025 pooled issuances (not per-capita)"
84105,,3,"calculated: scripts/build_licensing_datasets.py from PRR C264029; home ZIP, 2014-2025 pooled issuances (not per-capita)"
87108,,3,"calculated: scripts/build_licensing_datasets.py from PRR C264029; home ZIP, 2014-2025 pooled issuances (not per-capita)"
60622,,3,"calculated: scripts/build_licensing_datasets.py from PRR C264029; home ZIP, 2014-2025 pooled issuances (not per-capita)"
98264,,3,"calculated: scripts/build_licensing_datasets.py from PRR C264029; home ZIP, 2014-2025 pooled issuances (not per-capita)"
97080,,3,"calculated: scripts/build_licensing_datasets.py from PRR C264029; home ZIP, 2014-2025 pooled issuances (not per-capita)"
99354,,3,"calculated: scripts/build_licensing_datasets.py from PRR C264029; home ZIP, 2014-2025 pooled issuances (not per-capita)"
68105,,3,"calculated: scripts/build_licensing_datasets.py from PRR C264029; home ZIP, 2014-2025 pooled issuances (not per-capita)"
98664,,3,"calculated: scripts/build_licensing_datasets.py from PRR C264029; home ZIP, 2014-2025 pooled issuances (not per-capita)"
11111,,3,"calculated: scripts/build_licensing_datasets.py from PRR C264029; home ZIP, 2014-2025 pooled issuances (not per-capita)"
89703,,3,"calculated: scripts/build_licensing_datasets.py from PRR C264029; home ZIP, 2014-2025 pooled issuances (not per-capita)"
94107,,3,"calculated: scripts/build_licensing_datasets.py from PRR C264029; home ZIP, 2014-2025 pooled issuances (not per-capita)"
18401,,3,"calculated: scripts/build_licensing_datasets.py from PRR C264029; home ZIP, 2014-2025 pooled issuances (not per-capita)"
78722,,3,"calculated: scripts/build_licensing_datasets.py from PRR C264029; home ZIP, 2014-2025 pooled issuances (not per-capita)"
50401,,3,"calculated: scripts/build_licensing_datasets.py from PRR C264029; home ZIP, 2014-2025 pooled issuances (not per-capita)"
78758,,3,"calculated: scripts/build_licensing_datasets.py from PRR C264029; home ZIP, 2014-2025 pooled issuances (not per-capita)"
90115,,3,"calculated: scripts/build_licensing_datasets.py from PRR C264029; home ZIP, 2014-2025 pooled issuances (not per-capita)"
99328,,3,"calculated: scripts/build_licensing_datasets.py from PRR C264029; home ZIP, 2014-2025 pooled issuances (not per-capita)"
98202,,3,"calculated: scripts/build_licensing_datasets.py from PRR C264029; home ZIP, 2014-2025 pooled issuances (not per-capita)"
32210,,3,"calculated: scripts/build_licensing_datasets.py from PRR C264029; home ZIP, 2014-2025 pooled issuances (not per-capita)"
95816,,3,"calculated: scripts/build_licensing_datasets.py from PRR C264029; home ZIP, 2014-2025 pooled issuances (not per-capita)"
08512,,3,"calculated: scripts/build_licensing_datasets.py from PRR C264029; home ZIP, 2014-2025 pooled issuances (not per-capita)"
95405,,3,"calculated: scripts/build_licensing_datasets.py from PRR C264029; home ZIP, 2014-2025 pooled issuances (not per-capita)"
97801,,3,"calculated: scripts/build_licensing_datasets.py from PRR C264029; home ZIP, 2014-2025 pooled issuances (not per-capita)"
44147,,3,"calculated: scripts/build_licensing_datasets.py from PRR C264029; home ZIP, 2014-2025 pooled issuances (not per-capita)"
98662,,3,"calculated: scripts/build_licensing_datasets.py from PRR C264029; home ZIP, 2014-2025 pooled issuances (not per-capita)"
04750,,2,"calculated: scripts/build_licensing_datasets.py from PRR C264029; home ZIP, 2014-2025 pooled issuances (not per-capita)"
55102,,2,"calculated: scripts/build_licensing_datasets.py from PRR C264029; home ZIP, 2014-2025 pooled issuances (not per-capita)"
72758,,2,"calculated: scripts/build_licensing_datasets.py from PRR C264029; home ZIP, 2014-2025 pooled issuances (not per-capita)"
80439,,2,"calculated: scripts/build_licensing_datasets.py from PRR C264029; home ZIP, 2014-2025 pooled issuances (not per-capita)"
87571,,2,"calculated: scripts/build_licensing_datasets.py from PRR C264029; home ZIP, 2014-2025 pooled issuances (not per-capita)"
38112,,2,"calculated: scripts/build_licensing_datasets.py from PRR C264029; home ZIP, 2014-2025 pooled issuances (not per-capita)"
98902,,2,"calculated: scripts/build_licensing_datasets.py from PRR C264029; home ZIP, 2014-2025 pooled issuances (not per-capita)"
94559,,2,"calculated: scripts/build_licensing_datasets.py from PRR C264029; home ZIP, 2014-2025 pooled issuances (not per-capita)"
98047,,2,"calculated: scripts/build_licensing_datasets.py from PRR C264029; home ZIP, 2014-2025 pooled issuances (not per-capita)"
94937,,2,"calculated: scripts/build_licensing_datasets.py from PRR C264029; home ZIP, 2014-2025 pooled issuances (not per-capita)"
98129,,2,"calculated: scripts/build_licensing_datasets.py from PRR C264029; home ZIP, 2014-2025 pooled issuances (not per-capita)"
85018,,2,"calculated: scripts/build_licensing_datasets.py from PRR C264029; home ZIP, 2014-2025 pooled issuances (not per-capita)"
94401,,2,"calculated: scripts/build_licensing_datasets.py from PRR C264029; home ZIP, 2014-2025 pooled issuances (not per-capita)"
99117,,2,"calculated: scripts/build_licensing_datasets.py from PRR C264029; home ZIP, 2014-2025 pooled issuances (not per-capita)"
11972,,2,"calculated: scripts/build_licensing_datasets.py from PRR C264029; home ZIP, 2014-2025 pooled issuances (not per-capita)"
92064,,2,"calculated: scripts/build_licensing_datasets.py from PRR C264029; home ZIP, 2014-2025 pooled issuances (not per-capita)"
37221,,2,"calculated: scripts/build_licensing_datasets.py from PRR C264029; home ZIP, 2014-2025 pooled issuances (not per-capita)"
98814,,2,"calculated: scripts/build_licensing_datasets.py from PRR C264029; home ZIP, 2014-2025 pooled issuances (not per-capita)"
98179,,2,"calculated: scripts/build_licensing_datasets.py from PRR C264029; home ZIP, 2014-2025 pooled issuances (not per-capita)"
99503,,2,"calculated: scripts/build_licensing_datasets.py from PRR C264029; home ZIP, 2014-2025 pooled issuances (not per-capita)"
98329,,2,"calculated: scripts/build_licensing_datasets.py from PRR C264029; home ZIP, 2014-2025 pooled issuances (not per-capita)"
89178,,2,"calculated: scripts/build_licensing_datasets.py from PRR C264029; home ZIP, 2014-2025 pooled issuances (not per-capita)"
98632,,2,"calculated: scripts/build_licensing_datasets.py from PRR C264029; home ZIP, 2014-2025 pooled issuances (not per-capita)"
79912,,2,"calculated: scripts/build_licensing_datasets.py from PRR C264029; home ZIP, 2014-2025 pooled issuances (not per-capita)"
19707,,2,"calculated: scripts/build_licensing_datasets.py from PRR C264029; home ZIP, 2014-2025 pooled issuances (not per-capita)"
60189,,2,"calculated: scripts/build_licensing_datasets.py from PRR C264029; home ZIP, 2014-2025 pooled issuances (not per-capita)"
84121,,2,"calculated: scripts/build_licensing_datasets.py from PRR C264029; home ZIP, 2014-2025 pooled issuances (not per-capita)"
66221,,2,"calculated: scripts/build_licensing_datasets.py from PRR C264029; home ZIP, 2014-2025 pooled issuances (not per-capita)"
11218,,2,"calculated: scripts/build_licensing_datasets.py from PRR C264029; home ZIP, 2014-2025 pooled issuances (not per-capita)"
19096,,2,"calculated: scripts/build_licensing_datasets.py from PRR C264029; home ZIP, 2014-2025 pooled issuances (not per-capita)"
65107,,2,"calculated: scripts/build_licensing_datasets.py from PRR C264029; home ZIP, 2014-2025 pooled issuances (not per-capita)"
98635,,2,"calculated: scripts/build_licensing_datasets.py from PRR C264029; home ZIP, 2014-2025 pooled issuances (not per-capita)"
24050,,2,"calculated: scripts/build_licensing_datasets.py from PRR C264029; home ZIP, 2014-2025 pooled issuances (not per-capita)"
84790,,2,"calculated: scripts/build_licensing_datasets.py from PRR C264029; home ZIP, 2014-2025 pooled issuances (not per-capita)"
94530,,2,"calculated: scripts/build_licensing_datasets.py from PRR C264029; home ZIP, 2014-2025 pooled issuances (not per-capita)"
97034,,2,"calculated: scripts/build_licensing_datasets.py from PRR C264029; home ZIP, 2014-2025 pooled issuances (not per-capita)"
93140,,2,"calculated: scripts/build_licensing_datasets.py from PRR C264029; home ZIP, 2014-2025 pooled issuances (not per-capita)"
92120,,2,"calculated: scripts/build_licensing_datasets.py from PRR C264029; home ZIP, 2014-2025 pooled issuances (not per-capita)"
04005,,2,"calculated: scripts/build_licensing_datasets.py from PRR C264029; home ZIP, 2014-2025 pooled issuances (not per-capita)"
92845,,2,"calculated: scripts/build_licensing_datasets.py from PRR C264029; home ZIP, 2014-2025 pooled issuances (not per-capita)"
43201,,2,"calculated: scripts/build_licensing_datasets.py from PRR C264029; home ZIP, 2014-2025 pooled issuances (not per-capita)"
55415,,2,"calculated: scripts/build_licensing_datasets.py from PRR C264029; home ZIP, 2014-2025 pooled issuances (not per-capita)"
95120,,2,"calculated: scripts/build_licensing_datasets.py from PRR C264029; home ZIP, 2014-2025 pooled issuances (not per-capita)"
98532,,2,"calculated: scripts/build_licensing_datasets.py from PRR C264029; home ZIP, 2014-2025 pooled issuances (not per-capita)"
85003,,2,"calculated: scripts/build_licensing_datasets.py from PRR C264029; home ZIP, 2014-2025 pooled issuances (not per-capita)"
97239,,2,"calculated: scripts/build_licensing_datasets.py from PRR C264029; home ZIP, 2014-2025 pooled issuances (not per-capita)"
98550,,2,"calculated: scripts/build_licensing_datasets.py from PRR C264029; home ZIP, 2014-2025 pooled issuances (not per-capita)"
90026,,2,"calculated: scripts/build_licensing_datasets.py from PRR C264029; home ZIP, 2014-2025 pooled issuances (not per-capita)"
98291,,2,"calculated: scripts/build_licensing_datasets.py from PRR C264029; home ZIP, 2014-2025 pooled issuances (not per-capita)"
92660,,2,"calculated: scripts/build_licensing_datasets.py from PRR C264029; home ZIP, 2014-2025 pooled issuances (not per-capita)"
95945,,2,"calculated: scripts/build_licensing_datasets.py from PRR C264029; home ZIP, 2014-2025 pooled issuances (not per-capita)"
06785,,2,"calculated: scripts/build_licensing_datasets.py from PRR C264029; home ZIP, 2014-2025 pooled issuances (not per-capita)"
12498,,2,"calculated: scripts/build_licensing_datasets.py from PRR C264029; home ZIP, 2014-2025 pooled issuances (not per-capita)"
96160,,2,"calculated: scripts/build_licensing_datasets.py from PRR C264029; home ZIP, 2014-2025 pooled issuances (not per-capita)"
19146,,2,"calculated: scripts/build_licensing_datasets.py from PRR C264029; home ZIP, 2014-2025 pooled issuances (not per-capita)"
99133,,2,"calculated: scripts/build_licensing_datasets.py from PRR C264029; home ZIP, 2014-2025 pooled issuances (not per-capita)"
22203,,2,"calculated: scripts/build_licensing_datasets.py from PRR C264029; home ZIP, 2014-2025 pooled issuances (not per-capita)"
78681,,2,"calculated: scripts/build_licensing_datasets.py from PRR C264029; home ZIP, 2014-2025 pooled issuances (not per-capita)"
98277,,2,"calculated: scripts/build_licensing_datasets.py from PRR C264029; home ZIP, 2014-2025 pooled issuances (not per-capita)"
11216,,2,"calculated: scripts/build_licensing_datasets.py from PRR C264029; home ZIP, 2014-2025 pooled issuances (not per-capita)"
95621,,2,"calculated: scripts/build_licensing_datasets.py from PRR C264029; home ZIP, 2014-2025 pooled issuances (not per-capita)"
59718,,2,"calculated: scripts/build_licensing_datasets.py from PRR C264029; home ZIP, 2014-2025 pooled issuances (not per-capita)"
94705,,2,"calculated: scripts/build_licensing_datasets.py from PRR C264029; home ZIP, 2014-2025 pooled issuances (not per-capita)"
28787,,2,"calculated: scripts/build_licensing_datasets.py from PRR C264029; home ZIP, 2014-2025 pooled issuances (not per-capita)"
92868,,2,"calculated: scripts/build_licensing_datasets.py from PRR C264029; home ZIP, 2014-2025 pooled issuances (not per-capita)"
90046,,2,"calculated: scripts/build_licensing_datasets.py from PRR C264029; home ZIP, 2014-2025 pooled issuances (not per-capita)"
49546,,2,"calculated: scripts/build_licensing_datasets.py from PRR C264029; home ZIP, 2014-2025 pooled issuances (not per-capita)"
27522,,2,"calculated: scripts/build_licensing_datasets.py from PRR C264029; home ZIP, 2014-2025 pooled issuances (not per-capita)"
98253,,2,"calculated: scripts/build_licensing_datasets.py from PRR C264029; home ZIP, 2014-2025 pooled issuances (not per-capita)"
97211,,2,"calculated: scripts/build_licensing_datasets.py from PRR C264029; home ZIP, 2014-2025 pooled issuances (not per-capita)"
60190,,2,"calculated: scripts/build_licensing_datasets.py from PRR C264029; home ZIP, 2014-2025 pooled issuances (not per-capita)"
55447,,2,"calculated: scripts/build_licensing_datasets.py from PRR C264029; home ZIP, 2014-2025 pooled issuances (not per-capita)"
90814,,2,"calculated: scripts/build_licensing_datasets.py from PRR C264029; home ZIP, 2014-2025 pooled issuances (not per-capita)"
85014,,2,"calculated: scripts/build_licensing_datasets.py from PRR C264029; home ZIP, 2014-2025 pooled issuances (not per-capita)"
40223,,2,"calculated: scripts/build_licensing_datasets.py from PRR C264029; home ZIP, 2014-2025 pooled issuances (not per-capita)"
80212,,2,"calculated: scripts/build_licensing_datasets.py from PRR C264029; home ZIP, 2014-2025 pooled issuances (not per-capita)"
85050,,2,"calculated: scripts/build_licensing_datasets.py from PRR C264029; home ZIP, 2014-2025 pooled issuances (not per-capita)"
98444,,2,"calculated: scripts/build_licensing_datasets.py from PRR C264029; home ZIP, 2014-2025 pooled issuances (not per-capita)"
97202,,2,"calculated: scripts/build_licensing_datasets.py from PRR C264029; home ZIP, 2014-2025 pooled issuances (not per-capita)"
90034,,2,"calculated: scripts/build_licensing_datasets.py from PRR C264029; home ZIP, 2014-2025 pooled issuances (not per-capita)"
80220,,2,"calculated: scripts/build_licensing_datasets.py from PRR C264029; home ZIP, 2014-2025 pooled issuances (not per-capita)"
94115,,2,"calculated: scripts/build_licensing_datasets.py from PRR C264029; home ZIP, 2014-2025 pooled issuances (not per-capita)"
95608,,2,"calculated: scripts/build_licensing_datasets.py from PRR C264029; home ZIP, 2014-2025 pooled issuances (not per-capita)"
80122,,2,"calculated: scripts/build_licensing_datasets.py from PRR C264029; home ZIP, 2014-2025 pooled issuances (not per-capita)"
86303,,2,"calculated: scripts/build_licensing_datasets.py from PRR C264029; home ZIP, 2014-2025 pooled issuances (not per-capita)"
28226,,2,"calculated: scripts/build_licensing_datasets.py from PRR C264029; home ZIP, 2014-2025 pooled issuances (not per-capita)"
98328,,2,"calculated: scripts/build_licensing_datasets.py from PRR C264029; home ZIP, 2014-2025 pooled issuances (not per-capita)"
29661,,2,"calculated: scripts/build_licensing_datasets.py from PRR C264029; home ZIP, 2014-2025 pooled issuances (not per-capita)"
97756,,2,"calculated: scripts/build_licensing_datasets.py from PRR C264029; home ZIP, 2014-2025 pooled issuances (not per-capita)"
94112,,2,"calculated: scripts/build_licensing_datasets.py from PRR C264029; home ZIP, 2014-2025 pooled issuances (not per-capita)"
96734,,2,"calculated: scripts/build_licensing_datasets.py from PRR C264029; home ZIP, 2014-2025 pooled issuances (not per-capita)"
60439,,2,"calculated: scripts/build_licensing_datasets.py from PRR C264029; home ZIP, 2014-2025 pooled issuances (not per-capita)"
98274,,2,"calculated: scripts/build_licensing_datasets.py from PRR C264029; home ZIP, 2014-2025 pooled issuances (not per-capita)"
76210,,2,"calculated: scripts/build_licensing_datasets.py from PRR C264029; home ZIP, 2014-2025 pooled issuances (not per-capita)"
05470,,2,"calculated: scripts/build_licensing_datasets.py from PRR C264029; home ZIP, 2014-2025 pooled issuances (not per-capita)"
85251,,2,"calculated: scripts/build_licensing_datasets.py from PRR C264029; home ZIP, 2014-2025 pooled issuances (not per-capita)"
99223,,2,"calculated: scripts/build_licensing_datasets.py from PRR C264029; home ZIP, 2014-2025 pooled issuances (not per-capita)"
87048,,2,"calculated: scripts/build_licensing_datasets.py from PRR C264029; home ZIP, 2014-2025 pooled issuances (not per-capita)"
92129,,2,"calculated: scripts/build_licensing_datasets.py from PRR C264029; home ZIP, 2014-2025 pooled issuances (not per-capita)"
77027,,2,"calculated: scripts/build_licensing_datasets.py from PRR C264029; home ZIP, 2014-2025 pooled issuances (not per-capita)"
99112,,2,"calculated: scripts/build_licensing_datasets.py from PRR C264029; home ZIP, 2014-2025 pooled issuances (not per-capita)"
99824,,2,"calculated: scripts/build_licensing_datasets.py from PRR C264029; home ZIP, 2014-2025 pooled issuances (not per-capita)"
98445,,2,"calculated: scripts/build_licensing_datasets.py from PRR C264029; home ZIP, 2014-2025 pooled issuances (not per-capita)"
93940,,2,"calculated: scripts/build_licensing_datasets.py from PRR C264029; home ZIP, 2014-2025 pooled issuances (not per-capita)"
94608,,2,"calculated: scripts/build_licensing_datasets.py from PRR C264029; home ZIP, 2014-2025 pooled issuances (not per-capita)"
95110,,2,"calculated: scripts/build_licensing_datasets.py from PRR C264029; home ZIP, 2014-2025 pooled issuances (not per-capita)"
98131,,2,"calculated: scripts/build_licensing_datasets.py from PRR C264029; home ZIP, 2014-2025 pooled issuances (not per-capita)"
98240,,2,"calculated: scripts/build_licensing_datasets.py from PRR C264029; home ZIP, 2014-2025 pooled issuances (not per-capita)"
85202,,2,"calculated: scripts/build_licensing_datasets.py from PRR C264029; home ZIP, 2014-2025 pooled issuances (not per-capita)"
80205,,2,"calculated: scripts/build_licensing_datasets.py from PRR C264029; home ZIP, 2014-2025 pooled issuances (not per-capita)"
98685,,2,"calculated: scripts/build_licensing_datasets.py from PRR C264029; home ZIP, 2014-2025 pooled issuances (not per-capita)"
03820,,2,"calculated: scripts/build_licensing_datasets.py from PRR C264029; home ZIP, 2014-2025 pooled issuances (not per-capita)"
95014,,2,"calculated: scripts/build_licensing_datasets.py from PRR C264029; home ZIP, 2014-2025 pooled issuances (not per-capita)"
83854,,2,"calculated: scripts/build_licensing_datasets.py from PRR C264029; home ZIP, 2014-2025 pooled issuances (not per-capita)"
97009,,2,"calculated: scripts/build_licensing_datasets.py from PRR C264029; home ZIP, 2014-2025 pooled issuances (not per-capita)"
77043,,2,"calculated: scripts/build_licensing_datasets.py from PRR C264029; home ZIP, 2014-2025 pooled issuances (not per-capita)"
19035,,2,"calculated: scripts/build_licensing_datasets.py from PRR C264029; home ZIP, 2014-2025 pooled issuances (not per-capita)"
98294,,2,"calculated: scripts/build_licensing_datasets.py from PRR C264029; home ZIP, 2014-2025 pooled issuances (not per-capita)"
99126,,2,"calculated: scripts/build_licensing_datasets.py from PRR C264029; home ZIP, 2014-2025 pooled issuances (not per-capita)"
03054,,2,"calculated: scripts/build_licensing_datasets.py from PRR C264029; home ZIP, 2014-2025 pooled issuances (not per-capita)"
89148,,2,"calculated: scripts/build_licensing_datasets.py from PRR C264029; home ZIP, 2014-2025 pooled issuances (not per-capita)"
98705,,2,"calculated: scripts/build_licensing_datasets.py from PRR C264029; home ZIP, 2014-2025 pooled issuances (not per-capita)"
96740,,2,"calculated: scripts/build_licensing_datasets.py from PRR C264029; home ZIP, 2014-2025 pooled issuances (not per-capita)"
99353,,2,"calculated: scripts/build_licensing_datasets.py from PRR C264029; home ZIP, 2014-2025 pooled issuances (not per-capita)"
44118,,2,"calculated: scripts/build_licensing_datasets.py from PRR C264029; home ZIP, 2014-2025 pooled issuances (not per-capita)"
89109,,2,"calculated: scripts/build_licensing_datasets.py from PRR C264029; home ZIP, 2014-2025 pooled issuances (not per-capita)"
95610,,2,"calculated: scripts/build_licensing_datasets.py from PRR C264029; home ZIP, 2014-2025 pooled issuances (not per-capita)"
33301,,2,"calculated: scripts/build_licensing_datasets.py from PRR C264029; home ZIP, 2014-2025 pooled issuances (not per-capita)"
97218,,2,"calculated: scripts/build_licensing_datasets.py from PRR C264029; home ZIP, 2014-2025 pooled issuances (not per-capita)"
98130,,2,"calculated: scripts/build_licensing_datasets.py from PRR C264029; home ZIP, 2014-2025 pooled issuances (not per-capita)"
79410,,2,"calculated: scripts/build_licensing_datasets.py from PRR C264029; home ZIP, 2014-2025 pooled issuances (not per-capita)"
29058,,2,"calculated: scripts/build_licensing_datasets.py from PRR C264029; home ZIP, 2014-2025 pooled issuances (not per-capita)"
29210,,2,"calculated: scripts/build_licensing_datasets.py from PRR C264029; home ZIP, 2014-2025 pooled issuances (not per-capita)"
77042,,2,"calculated: scripts/build_licensing_datasets.py from PRR C264029; home ZIP, 2014-2025 pooled issuances (not per-capita)"
75022,,2,"calculated: scripts/build_licensing_datasets.py from PRR C264029; home ZIP, 2014-2025 pooled issuances (not per-capita)"
98360,,2,"calculated: scripts/build_licensing_datasets.py from PRR C264029; home ZIP, 2014-2025 pooled issuances (not per-capita)"
98251,,2,"calculated: scripts/build_licensing_datasets.py from PRR C264029; home ZIP, 2014-2025 pooled issuances (not per-capita)"
99003,,2,"calculated: scripts/build_licensing_datasets.py from PRR C264029; home ZIP, 2014-2025 pooled issuances (not per-capita)"
98354,,2,"calculated: scripts/build_licensing_datasets.py from PRR C264029; home ZIP, 2014-2025 pooled issuances (not per-capita)"
46259,,2,"calculated: scripts/build_licensing_datasets.py from PRR C264029; home ZIP, 2014-2025 pooled issuances (not per-capita)"
47963,,2,"calculated: scripts/build_licensing_datasets.py from PRR C264029; home ZIP, 2014-2025 pooled issuances (not per-capita)"
38555,,2,"calculated: scripts/build_licensing_datasets.py from PRR C264029; home ZIP, 2014-2025 pooled issuances (not per-capita)"
99320,,2,"calculated: scripts/build_licensing_datasets.py from PRR C264029; home ZIP, 2014-2025 pooled issuances (not per-capita)"
98016,,2,"calculated: scripts/build_licensing_datasets.py from PRR C264029; home ZIP, 2014-2025 pooled issuances (not per-capita)"
75061,,2,"calculated: scripts/build_licensing_datasets.py from PRR C264029; home ZIP, 2014-2025 pooled issuances (not per-capita)"
99103,,2,"calculated: scripts/build_licensing_datasets.py from PRR C264029; home ZIP, 2014-2025 pooled issuances (not per-capita)"
55901,,2,"calculated: scripts/build_licensing_datasets.py from PRR C264029; home ZIP, 2014-2025 pooled issuances (not per-capita)"
85234,,2,"calculated: scripts/build_licensing_datasets.py from PRR C264029; home ZIP, 2014-2025 pooled issuances (not per-capita)"
98132,,2,"calculated: scripts/build_licensing_datasets.py from PRR C264029; home ZIP, 2014-2025 pooled issuances (not per-capita)"
98387,,2,"calculated: scripts/build_licensing_datasets.py from PRR C264029; home ZIP, 2014-2025 pooled issuances (not per-capita)"
85308,,2,"calculated: scripts/build_licensing_datasets.py from PRR C264029; home ZIP, 2014-2025 pooled issuances (not per-capita)"
95354,,2,"calculated: scripts/build_licensing_datasets.py from PRR C264029; home ZIP, 2014-2025 pooled issuances (not per-capita)"
53703,,1,"calculated: scripts/build_licensing_datasets.py from PRR C264029; home ZIP, 2014-2025 pooled issuances (not per-capita)"
94040,,1,"calculated: scripts/build_licensing_datasets.py from PRR C264029; home ZIP, 2014-2025 pooled issuances (not per-capita)"
98283,,1,"calculated: scripts/build_licensing_datasets.py from PRR C264029; home ZIP, 2014-2025 pooled issuances (not per-capita)"
93458,,1,"calculated: scripts/build_licensing_datasets.py from PRR C264029; home ZIP, 2014-2025 pooled issuances (not per-capita)"
98194,,1,"calculated: scripts/build_licensing_datasets.py from PRR C264029; home ZIP, 2014-2025 pooled issuances (not per-capita)"
10003,,1,"calculated: scripts/build_licensing_datasets.py from PRR C264029; home ZIP, 2014-2025 pooled issuances (not per-capita)"
06511,,1,"calculated: scripts/build_licensing_datasets.py from PRR C264029; home ZIP, 2014-2025 pooled issuances (not per-capita)"
91836,,1,"calculated: scripts/build_licensing_datasets.py from PRR C264029; home ZIP, 2014-2025 pooled issuances (not per-capita)"
95618,,1,"calculated: scripts/build_licensing_datasets.py from PRR C264029; home ZIP, 2014-2025 pooled issuances (not per-capita)"
05055,,1,"calculated: scripts/build_licensing_datasets.py from PRR C264029; home ZIP, 2014-2025 pooled issuances (not per-capita)"
22827,,1,"calculated: scripts/build_licensing_datasets.py from PRR C264029; home ZIP, 2014-2025 pooled issuances (not per-capita)"
98153,,1,"calculated: scripts/build_licensing_datasets.py from PRR C264029; home ZIP, 2014-2025 pooled issuances (not per-capita)"
98009,,1,"calculated: scripts/build_licensing_datasets.py from PRR C264029; home ZIP, 2014-2025 pooled issuances (not per-capita)"
80487,,1,"calculated: scripts/build_licensing_datasets.py from PRR C264029; home ZIP, 2014-2025 pooled issuances (not per-capita)"
68902,,1,"calculated: scripts/build_licensing_datasets.py from PRR C264029; home ZIP, 2014-2025 pooled issuances (not per-capita)"
97124,,1,"calculated: scripts/build_licensing_datasets.py from PRR C264029; home ZIP, 2014-2025 pooled issuances (not per-capita)"
98018,,1,"calculated: scripts/build_licensing_datasets.py from PRR C264029; home ZIP, 2014-2025 pooled issuances (not per-capita)"
53715,,1,"calculated: scripts/build_licensing_datasets.py from PRR C264029; home ZIP, 2014-2025 pooled issuances (not per-capita)"
85718,,1,"calculated: scripts/build_licensing_datasets.py from PRR C264029; home ZIP, 2014-2025 pooled issuances (not per-capita)"
99669,,1,"calculated: scripts/build_licensing_datasets.py from PRR C264029; home ZIP, 2014-2025 pooled issuances (not per-capita)"
90291,,1,"calculated: scripts/build_licensing_datasets.py from PRR C264029; home ZIP, 2014-2025 pooled issuances (not per-capita)"
92201,,1,"calculated: scripts/build_licensing_datasets.py from PRR C264029; home ZIP, 2014-2025 pooled issuances (not per-capita)"
88108,,1,"calculated: scripts/build_licensing_datasets.py from PRR C264029; home ZIP, 2014-2025 pooled issuances (not per-capita)"
48823,,1,"calculated: scripts/build_licensing_datasets.py from PRR C264029; home ZIP, 2014-2025 pooled issuances (not per-capita)"
97225,,1,"calculated: scripts/build_licensing_datasets.py from PRR C264029; home ZIP, 2014-2025 pooled issuances (not per-capita)"
98372,,1,"calculated: scripts/build_licensing_datasets.py from PRR C264029; home ZIP, 2014-2025 pooled issuances (not per-capita)"
10510,,1,"calculated: scripts/build_licensing_datasets.py from PRR C264029; home ZIP, 2014-2025 pooled issuances (not per-capita)"
04074,,1,"calculated: scripts/build_licensing_datasets.py from PRR C264029; home ZIP, 2014-2025 pooled issuances (not per-capita)"
69361,,1,"calculated: scripts/build_licensing_datasets.py from PRR C264029; home ZIP, 2014-2025 pooled issuances (not per-capita)"
44113,,1,"calculated: scripts/build_licensing_datasets.py from PRR C264029; home ZIP, 2014-2025 pooled issuances (not per-capita)"
68119,,1,"calculated: scripts/build_licensing_datasets.py from PRR C264029; home ZIP, 2014-2025 pooled issuances (not per-capita)"
40206,,1,"calculated: scripts/build_licensing_datasets.py from PRR C264029; home ZIP, 2014-2025 pooled issuances (not per-capita)"
48103,,1,"calculated: scripts/build_licensing_datasets.py from PRR C264029; home ZIP, 2014-2025 pooled issuances (not per-capita)"
83353,,1,"calculated: scripts/build_licensing_datasets.py from PRR C264029; home ZIP, 2014-2025 pooled issuances (not per-capita)"
55304,,1,"calculated: scripts/build_licensing_datasets.py from PRR C264029; home ZIP, 2014-2025 pooled issuances (not per-capita)"
83702,,1,"calculated: scripts/build_licensing_datasets.py from PRR C264029; home ZIP, 2014-2025 pooled issuances (not per-capita)"
94563,,1,"calculated: scripts/build_licensing_datasets.py from PRR C264029; home ZIP, 2014-2025 pooled issuances (not per-capita)"
98717,,1,"calculated: scripts/build_licensing_datasets.py from PRR C264029; home ZIP, 2014-2025 pooled issuances (not per-capita)"
92114,,1,"calculated: scripts/build_licensing_datasets.py from PRR C264029; home ZIP, 2014-2025 pooled issuances (not per-capita)"
98555,,1,"calculated: scripts/build_licensing_datasets.py from PRR C264029; home ZIP, 2014-2025 pooled issuances (not per-capita)"
89012,,1,"calculated: scripts/build_licensing_datasets.py from PRR C264029; home ZIP, 2014-2025 pooled issuances (not per-capita)"
07090,,1,"calculated: scripts/build_licensing_datasets.py from PRR C264029; home ZIP, 2014-2025 pooled issuances (not per-capita)"
34243,,1,"calculated: scripts/build_licensing_datasets.py from PRR C264029; home ZIP, 2014-2025 pooled issuances (not per-capita)"
92009,,1,"calculated: scripts/build_licensing_datasets.py from PRR C264029; home ZIP, 2014-2025 pooled issuances (not per-capita)"
10002,,1,"calculated: scripts/build_licensing_datasets.py from PRR C264029; home ZIP, 2014-2025 pooled issuances (not per-capita)"
59804,,1,"calculated: scripts/build_licensing_datasets.py from PRR C264029; home ZIP, 2014-2025 pooled issuances (not per-capita)"
99115,,1,"calculated: scripts/build_licensing_datasets.py from PRR C264029; home ZIP, 2014-2025 pooled issuances (not per-capita)"
02142,,1,"calculated: scripts/build_licensing_datasets.py from PRR C264029; home ZIP, 2014-2025 pooled issuances (not per-capita)"
98149,,1,"calculated: scripts/build_licensing_datasets.py from PRR C264029; home ZIP, 2014-2025 pooled issuances (not per-capita)"
33706,,1,"calculated: scripts/build_licensing_datasets.py from PRR C264029; home ZIP, 2014-2025 pooled issuances (not per-capita)"
80020,,1,"calculated: scripts/build_licensing_datasets.py from PRR C264029; home ZIP, 2014-2025 pooled issuances (not per-capita)"
78749,,1,"calculated: scripts/build_licensing_datasets.py from PRR C264029; home ZIP, 2014-2025 pooled issuances (not per-capita)"
65126,,1,"calculated: scripts/build_licensing_datasets.py from PRR C264029; home ZIP, 2014-2025 pooled issuances (not per-capita)"
97219,,1,"calculated: scripts/build_licensing_datasets.py from PRR C264029; home ZIP, 2014-2025 pooled issuances (not per-capita)"
67206,,1,"calculated: scripts/build_licensing_datasets.py from PRR C264029; home ZIP, 2014-2025 pooled issuances (not per-capita)"
89107,,1,"calculated: scripts/build_licensing_datasets.py from PRR C264029; home ZIP, 2014-2025 pooled issuances (not per-capita)"
99144,,1,"calculated: scripts/build_licensing_datasets.py from PRR C264029; home ZIP, 2014-2025 pooled issuances (not per-capita)"
91789,,1,"calculated: scripts/build_licensing_datasets.py from PRR C264029; home ZIP, 2014-2025 pooled issuances (not per-capita)"
37203,,1,"calculated: scripts/build_licensing_datasets.py from PRR C264029; home ZIP, 2014-2025 pooled issuances (not per-capita)"
98067,,1,"calculated: scripts/build_licensing_datasets.py from PRR C264029; home ZIP, 2014-2025 pooled issuances (not per-capita)"
90017,,1,"calculated: scripts/build_licensing_datasets.py from PRR C264029; home ZIP, 2014-2025 pooled issuances (not per-capita)"
80130,,1,"calculated: scripts/build_licensing_datasets.py from PRR C264029; home ZIP, 2014-2025 pooled issuances (not per-capita)"
84115,,1,"calculated: scripts/build_licensing_datasets.py from PRR C264029; home ZIP, 2014-2025 pooled issuances (not per-capita)"
29201,,1,"calculated: scripts/build_licensing_datasets.py from PRR C264029; home ZIP, 2014-2025 pooled issuances (not per-capita)"
80204,,1,"calculated: scripts/build_licensing_datasets.py from PRR C264029; home ZIP, 2014-2025 pooled issuances (not per-capita)"
60091,,1,"calculated: scripts/build_licensing_datasets.py from PRR C264029; home ZIP, 2014-2025 pooled issuances (not per-capita)"
80002,,1,"calculated: scripts/build_licensing_datasets.py from PRR C264029; home ZIP, 2014-2025 pooled issuances (not per-capita)"
92104,,1,"calculated: scripts/build_licensing_datasets.py from PRR C264029; home ZIP, 2014-2025 pooled issuances (not per-capita)"
07461,,1,"calculated: scripts/build_licensing_datasets.py from PRR C264029; home ZIP, 2014-2025 pooled issuances (not per-capita)"
70301,,1,"calculated: scripts/build_licensing_datasets.py from PRR C264029; home ZIP, 2014-2025 pooled issuances (not per-capita)"
95370,,1,"calculated: scripts/build_licensing_datasets.py from PRR C264029; home ZIP, 2014-2025 pooled issuances (not per-capita)"
33409,,1,"calculated: scripts/build_licensing_datasets.py from PRR C264029; home ZIP, 2014-2025 pooled issuances (not per-capita)"
99508,,1,"calculated: scripts/build_licensing_datasets.py from PRR C264029; home ZIP, 2014-2025 pooled issuances (not per-capita)"
97709,,1,"calculated: scripts/build_licensing_datasets.py from PRR C264029; home ZIP, 2014-2025 pooled issuances (not per-capita)"
90405,,1,"calculated: scripts/build_licensing_datasets.py from PRR C264029; home ZIP, 2014-2025 pooled issuances (not per-capita)"
75034,,1,"calculated: scripts/build_licensing_datasets.py from PRR C264029; home ZIP, 2014-2025 pooled issuances (not per-capita)"
94301,,1,"calculated: scripts/build_licensing_datasets.py from PRR C264029; home ZIP, 2014-2025 pooled issuances (not per-capita)"
75023,,1,"calculated: scripts/build_licensing_datasets.py from PRR C264029; home ZIP, 2014-2025 pooled issuances (not per-capita)"
87120,,1,"calculated: scripts/build_licensing_datasets.py from PRR C264029; home ZIP, 2014-2025 pooled issuances (not per-capita)"
80218,,1,"calculated: scripts/build_licensing_datasets.py from PRR C264029; home ZIP, 2014-2025 pooled issuances (not per-capita)"
99350,,1,"calculated: scripts/build_licensing_datasets.py from PRR C264029; home ZIP, 2014-2025 pooled issuances (not per-capita)"
93110,,1,"calculated: scripts/build_licensing_datasets.py from PRR C264029; home ZIP, 2014-2025 pooled issuances (not per-capita)"
60084,,1,"calculated: scripts/build_licensing_datasets.py from PRR C264029; home ZIP, 2014-2025 pooled issuances (not per-capita)"
78750,,1,"calculated: scripts/build_licensing_datasets.py from PRR C264029; home ZIP, 2014-2025 pooled issuances (not per-capita)"
92618,,1,"calculated: scripts/build_licensing_datasets.py from PRR C264029; home ZIP, 2014-2025 pooled issuances (not per-capita)"
85750,,1,"calculated: scripts/build_licensing_datasets.py from PRR C264029; home ZIP, 2014-2025 pooled issuances (not per-capita)"
02472,,1,"calculated: scripts/build_licensing_datasets.py from PRR C264029; home ZIP, 2014-2025 pooled issuances (not per-capita)"
92115,,1,"calculated: scripts/build_licensing_datasets.py from PRR C264029; home ZIP, 2014-2025 pooled issuances (not per-capita)"
94602,,1,"calculated: scripts/build_licensing_datasets.py from PRR C264029; home ZIP, 2014-2025 pooled issuances (not per-capita)"
73071,,1,"calculated: scripts/build_licensing_datasets.py from PRR C264029; home ZIP, 2014-2025 pooled issuances (not per-capita)"
20016,,1,"calculated: scripts/build_licensing_datasets.py from PRR C264029; home ZIP, 2014-2025 pooled issuances (not per-capita)"
23185,,1,"calculated: scripts/build_licensing_datasets.py from PRR C264029; home ZIP, 2014-2025 pooled issuances (not per-capita)"
60016,,1,"calculated: scripts/build_licensing_datasets.py from PRR C264029; home ZIP, 2014-2025 pooled issuances (not per-capita)"
55410,,1,"calculated: scripts/build_licensing_datasets.py from PRR C264029; home ZIP, 2014-2025 pooled issuances (not per-capita)"
30005,,1,"calculated: scripts/build_licensing_datasets.py from PRR C264029; home ZIP, 2014-2025 pooled issuances (not per-capita)"
20171,,1,"calculated: scripts/build_licensing_datasets.py from PRR C264029; home ZIP, 2014-2025 pooled issuances (not per-capita)"
23223,,1,"calculated: scripts/build_licensing_datasets.py from PRR C264029; home ZIP, 2014-2025 pooled issuances (not per-capita)"
90029,,1,"calculated: scripts/build_licensing_datasets.py from PRR C264029; home ZIP, 2014-2025 pooled issuances (not per-capita)"
80010,,1,"calculated: scripts/build_licensing_datasets.py from PRR C264029; home ZIP, 2014-2025 pooled issuances (not per-capita)"
98701,,1,"calculated: scripts/build_licensing_datasets.py from PRR C264029; home ZIP, 2014-2025 pooled issuances (not per-capita)"
07302,,1,"calculated: scripts/build_licensing_datasets.py from PRR C264029; home ZIP, 2014-2025 pooled issuances (not per-capita)"
19380,,1,"calculated: scripts/build_licensing_datasets.py from PRR C264029; home ZIP, 2014-2025 pooled issuances (not per-capita)"
22205,,1,"calculated: scripts/build_licensing_datasets.py from PRR C264029; home ZIP, 2014-2025 pooled issuances (not per-capita)"
86326,,1,"calculated: scripts/build_licensing_datasets.py from PRR C264029; home ZIP, 2014-2025 pooled issuances (not per-capita)"
87594,,1,"calculated: scripts/build_licensing_datasets.py from PRR C264029; home ZIP, 2014-2025 pooled issuances (not per-capita)"
85083,,1,"calculated: scripts/build_licensing_datasets.py from PRR C264029; home ZIP, 2014-2025 pooled issuances (not per-capita)"
94901,,1,"calculated: scripts/build_licensing_datasets.py from PRR C264029; home ZIP, 2014-2025 pooled issuances (not per-capita)"
49506,,1,"calculated: scripts/build_licensing_datasets.py from PRR C264029; home ZIP, 2014-2025 pooled issuances (not per-capita)"
80210,,1,"calculated: scripts/build_licensing_datasets.py from PRR C264029; home ZIP, 2014-2025 pooled issuances (not per-capita)"
17111,,1,"calculated: scripts/build_licensing_datasets.py from PRR C264029; home ZIP, 2014-2025 pooled issuances (not per-capita)"
20814,,1,"calculated: scripts/build_licensing_datasets.py from PRR C264029; home ZIP, 2014-2025 pooled issuances (not per-capita)"
55407,,1,"calculated: scripts/build_licensing_datasets.py from PRR C264029; home ZIP, 2014-2025 pooled issuances (not per-capita)"
30341,,1,"calculated: scripts/build_licensing_datasets.py from PRR C264029; home ZIP, 2014-2025 pooled issuances (not per-capita)"
84405,,1,"calculated: scripts/build_licensing_datasets.py from PRR C264029; home ZIP, 2014-2025 pooled issuances (not per-capita)"
97210,,1,"calculated: scripts/build_licensing_datasets.py from PRR C264029; home ZIP, 2014-2025 pooled issuances (not per-capita)"
32205,,1,"calculated: scripts/build_licensing_datasets.py from PRR C264029; home ZIP, 2014-2025 pooled issuances (not per-capita)"
90045,,1,"calculated: scripts/build_licensing_datasets.py from PRR C264029; home ZIP, 2014-2025 pooled issuances (not per-capita)"
80104,,1,"calculated: scripts/build_licensing_datasets.py from PRR C264029; home ZIP, 2014-2025 pooled issuances (not per-capita)"
55369,,1,"calculated: scripts/build_licensing_datasets.py from PRR C264029; home ZIP, 2014-2025 pooled issuances (not per-capita)"
94158,,1,"calculated: scripts/build_licensing_datasets.py from PRR C264029; home ZIP, 2014-2025 pooled issuances (not per-capita)"
63132,,1,"calculated: scripts/build_licensing_datasets.py from PRR C264029; home ZIP, 2014-2025 pooled issuances (not per-capita)"
85375,,1,"calculated: scripts/build_licensing_datasets.py from PRR C264029; home ZIP, 2014-2025 pooled issuances (not per-capita)"
29464,,1,"calculated: scripts/build_licensing_datasets.py from PRR C264029; home ZIP, 2014-2025 pooled issuances (not per-capita)"
19103,,1,"calculated: scripts/build_licensing_datasets.py from PRR C264029; home ZIP, 2014-2025 pooled issuances (not per-capita)"
77380,,1,"calculated: scripts/build_licensing_datasets.py from PRR C264029; home ZIP, 2014-2025 pooled issuances (not per-capita)"
55127,,1,"calculated: scripts/build_licensing_datasets.py from PRR C264029; home ZIP, 2014-2025 pooled issuances (not per-capita)"
46280,,1,"calculated: scripts/build_licensing_datasets.py from PRR C264029; home ZIP, 2014-2025 pooled issuances (not per-capita)"
83712,,1,"calculated: scripts/build_licensing_datasets.py from PRR C264029; home ZIP, 2014-2025 pooled issuances (not per-capita)"
50208,,1,"calculated: scripts/build_licensing_datasets.py from PRR C264029; home ZIP, 2014-2025 pooled issuances (not per-capita)"
60202,,1,"calculated: scripts/build_licensing_datasets.py from PRR C264029; home ZIP, 2014-2025 pooled issuances (not per-capita)"
07042,,1,"calculated: scripts/build_licensing_datasets.py from PRR C264029; home ZIP, 2014-2025 pooled issuances (not per-capita)"
53202,,1,"calculated: scripts/build_licensing_datasets.py from PRR C264029; home ZIP, 2014-2025 pooled issuances (not per-capita)"
80026,,1,"calculated: scripts/build_licensing_datasets.py from PRR C264029; home ZIP, 2014-2025 pooled issuances (not per-capita)"
30605,,1,"calculated: scripts/build_licensing_datasets.py from PRR C264029; home ZIP, 2014-2025 pooled issuances (not per-capita)"
37167,,1,"calculated: scripts/build_licensing_datasets.py from PRR C264029; home ZIP, 2014-2025 pooled issuances (not per-capita)"
92591,,1,"calculated: scripts/build_licensing_datasets.py from PRR C264029; home ZIP, 2014-2025 pooled issuances (not per-capita)"
23226,,1,"calculated: scripts/build_licensing_datasets.py from PRR C264029; home ZIP, 2014-2025 pooled issuances (not per-capita)"
92801,,1,"calculated: scripts/build_licensing_datasets.py from PRR C264029; home ZIP, 2014-2025 pooled issuances (not per-capita)"
94611,,1,"calculated: scripts/build_licensing_datasets.py from PRR C264029; home ZIP, 2014-2025 pooled issuances (not per-capita)"
92108,,1,"calculated: scripts/build_licensing_datasets.py from PRR C264029; home ZIP, 2014-2025 pooled issuances (not per-capita)"
97701,,1,"calculated: scripts/build_licensing_datasets.py from PRR C264029; home ZIP, 2014-2025 pooled issuances (not per-capita)"
10028,,1,"calculated: scripts/build_licensing_datasets.py from PRR C264029; home ZIP, 2014-2025 pooled issuances (not per-capita)"
85302,,1,"calculated: scripts/build_licensing_datasets.py from PRR C264029; home ZIP, 2014-2025 pooled issuances (not per-capita)"
98176,,1,"calculated: scripts/build_licensing_datasets.py from PRR C264029; home ZIP, 2014-2025 pooled issuances (not per-capita)"
95131,,1,"calculated: scripts/build_licensing_datasets.py from PRR C264029; home ZIP, 2014-2025 pooled issuances (not per-capita)"
48060,,1,"calculated: scripts/build_licensing_datasets.py from PRR C264029; home ZIP, 2014-2025 pooled issuances (not per-capita)"
96706,,1,"calculated: scripts/build_licensing_datasets.py from PRR C264029; home ZIP, 2014-2025 pooled issuances (not per-capita)"
80228,,1,"calculated: scripts/build_licensing_datasets.py from PRR C264029; home ZIP, 2014-2025 pooled issuances (not per-capita)"
37939,,1,"calculated: scripts/build_licensing_datasets.py from PRR C264029; home ZIP, 2014-2025 pooled issuances (not per-capita)"
27282,,1,"calculated: scripts/build_licensing_datasets.py from PRR C264029; home ZIP, 2014-2025 pooled issuances (not per-capita)"
94601,,1,"calculated: scripts/build_licensing_datasets.py from PRR C264029; home ZIP, 2014-2025 pooled issuances (not per-capita)"
92706,,1,"calculated: scripts/build_licensing_datasets.py from PRR C264029; home ZIP, 2014-2025 pooled issuances (not per-capita)"
48009,,1,"calculated: scripts/build_licensing_datasets.py from PRR C264029; home ZIP, 2014-2025 pooled issuances (not per-capita)"
70115,,1,"calculated: scripts/build_licensing_datasets.py from PRR C264029; home ZIP, 2014-2025 pooled issuances (not per-capita)"
97223,,1,"calculated: scripts/build_licensing_datasets.py from PRR C264029; home ZIP, 2014-2025 pooled issuances (not per-capita)"
55807,,1,"calculated: scripts/build_licensing_datasets.py from PRR C264029; home ZIP, 2014-2025 pooled issuances (not per-capita)"
18519,,1,"calculated: scripts/build_licensing_datasets.py from PRR C264029; home ZIP, 2014-2025 pooled issuances (not per-capita)"
78753,,1,"calculated: scripts/build_licensing_datasets.py from PRR C264029; home ZIP, 2014-2025 pooled issuances (not per-capita)"
95765,,1,"calculated: scripts/build_licensing_datasets.py from PRR C264029; home ZIP, 2014-2025 pooled issuances (not per-capita)"
86004,,1,"calculated: scripts/build_licensing_datasets.py from PRR C264029; home ZIP, 2014-2025 pooled issuances (not per-capita)"
02420,,1,"calculated: scripts/build_licensing_datasets.py from PRR C264029; home ZIP, 2014-2025 pooled issuances (not per-capita)"
94043,,1,"calculated: scripts/build_licensing_datasets.py from PRR C264029; home ZIP, 2014-2025 pooled issuances (not per-capita)"
56098,,1,"calculated: scripts/build_licensing_datasets.py from PRR C264029; home ZIP, 2014-2025 pooled issuances (not per-capita)"
95503,,1,"calculated: scripts/build_licensing_datasets.py from PRR C264029; home ZIP, 2014-2025 pooled issuances (not per-capita)"
84111,,1,"calculated: scripts/build_licensing_datasets.py from PRR C264029; home ZIP, 2014-2025 pooled issuances (not per-capita)"
98232,,1,"calculated: scripts/build_licensing_datasets.py from PRR C264029; home ZIP, 2014-2025 pooled issuances (not per-capita)"
91767,,1,"calculated: scripts/build_licensing_datasets.py from PRR C264029; home ZIP, 2014-2025 pooled issuances (not per-capita)"
91355,,1,"calculated: scripts/build_licensing_datasets.py from PRR C264029; home ZIP, 2014-2025 pooled issuances (not per-capita)"
89423,,1,"calculated: scripts/build_licensing_datasets.py from PRR C264029; home ZIP, 2014-2025 pooled issuances (not per-capita)"
60610,,1,"calculated: scripts/build_licensing_datasets.py from PRR C264029; home ZIP, 2014-2025 pooled issuances (not per-capita)"
22304,,1,"calculated: scripts/build_licensing_datasets.py from PRR C264029; home ZIP, 2014-2025 pooled issuances (not per-capita)"
99201,,1,"calculated: scripts/build_licensing_datasets.py from PRR C264029; home ZIP, 2014-2025 pooled issuances (not per-capita)"
80401,,1,"calculated: scripts/build_licensing_datasets.py from PRR C264029; home ZIP, 2014-2025 pooled issuances (not per-capita)"
98338,,1,"calculated: scripts/build_licensing_datasets.py from PRR C264029; home ZIP, 2014-2025 pooled issuances (not per-capita)"
80223,,1,"calculated: scripts/build_licensing_datasets.py from PRR C264029; home ZIP, 2014-2025 pooled issuances (not per-capita)"
20011,,1,"calculated: scripts/build_licensing_datasets.py from PRR C264029; home ZIP, 2014-2025 pooled issuances (not per-capita)"
83843,,1,"calculated: scripts/build_licensing_datasets.py from PRR C264029; home ZIP, 2014-2025 pooled issuances (not per-capita)"
97227,,1,"calculated: scripts/build_licensing_datasets.py from PRR C264029; home ZIP, 2014-2025 pooled issuances (not per-capita)"
10024,,1,"calculated: scripts/build_licensing_datasets.py from PRR C264029; home ZIP, 2014-2025 pooled issuances (not per-capita)"
06089,,1,"calculated: scripts/build_licensing_datasets.py from PRR C264029; home ZIP, 2014-2025 pooled issuances (not per-capita)"
84403,,1,"calculated: scripts/build_licensing_datasets.py from PRR C264029; home ZIP, 2014-2025 pooled issuances (not per-capita)"
02184,,1,"calculated: scripts/build_licensing_datasets.py from PRR C264029; home ZIP, 2014-2025 pooled issuances (not per-capita)"
49201,,1,"calculated: scripts/build_licensing_datasets.py from PRR C264029; home ZIP, 2014-2025 pooled issuances (not per-capita)"
11225,,1,"calculated: scripts/build_licensing_datasets.py from PRR C264029; home ZIP, 2014-2025 pooled issuances (not per-capita)"
95134,,1,"calculated: scripts/build_licensing_datasets.py from PRR C264029; home ZIP, 2014-2025 pooled issuances (not per-capita)"
97030,,1,"calculated: scripts/build_licensing_datasets.py from PRR C264029; home ZIP, 2014-2025 pooled issuances (not per-capita)"
94582,,1,"calculated: scripts/build_licensing_datasets.py from PRR C264029; home ZIP, 2014-2025 pooled issuances (not per-capita)"
10036,,1,"calculated: scripts/build_licensing_datasets.py from PRR C264029; home ZIP, 2014-2025 pooled issuances (not per-capita)"
78723,,1,"calculated: scripts/build_licensing_datasets.py from PRR C264029; home ZIP, 2014-2025 pooled issuances (not per-capita)"
94116,,1,"calculated: scripts/build_licensing_datasets.py from PRR C264029; home ZIP, 2014-2025 pooled issuances (not per-capita)"
80015,,1,"calculated: scripts/build_licensing_datasets.py from PRR C264029; home ZIP, 2014-2025 pooled issuances (not per-capita)"
85281,,1,"calculated: scripts/build_licensing_datasets.py from PRR C264029; home ZIP, 2014-2025 pooled issuances (not per-capita)"
99016,,1,"calculated: scripts/build_licensing_datasets.py from PRR C264029; home ZIP, 2014-2025 pooled issuances (not per-capita)"
98596,,1,"calculated: scripts/build_licensing_datasets.py from PRR C264029; home ZIP, 2014-2025 pooled issuances (not per-capita)"
01375,,1,"calculated: scripts/build_licensing_datasets.py from PRR C264029; home ZIP, 2014-2025 pooled issuances (not per-capita)"
89144,,1,"calculated: scripts/build_licensing_datasets.py from PRR C264029; home ZIP, 2014-2025 pooled issuances (not per-capita)"
20024,,1,"calculated: scripts/build_licensing_datasets.py from PRR C264029; home ZIP, 2014-2025 pooled issuances (not per-capita)"
48375,,1,"calculated: scripts/build_licensing_datasets.py from PRR C264029; home ZIP, 2014-2025 pooled issuances (not per-capita)"
90048,,1,"calculated: scripts/build_licensing_datasets.py from PRR C264029; home ZIP, 2014-2025 pooled issuances (not per-capita)"
97478,,1,"calculated: scripts/build_licensing_datasets.py from PRR C264029; home ZIP, 2014-2025 pooled issuances (not per-capita)"
03904,,1,"calculated: scripts/build_licensing_datasets.py from PRR C264029; home ZIP, 2014-2025 pooled issuances (not per-capita)"
48088,,1,"calculated: scripts/build_licensing_datasets.py from PRR C264029; home ZIP, 2014-2025 pooled issuances (not per-capita)"
02114,,1,"calculated: scripts/build_licensing_datasets.py from PRR C264029; home ZIP, 2014-2025 pooled issuances (not per-capita)"
98431,,1,"calculated: scripts/build_licensing_datasets.py from PRR C264029; home ZIP, 2014-2025 pooled issuances (not per-capita)"
38671,,1,"calculated: scripts/build_licensing_datasets.py from PRR C264029; home ZIP, 2014-2025 pooled issuances (not per-capita)"
35216,,1,"calculated: scripts/build_licensing_datasets.py from PRR C264029; home ZIP, 2014-2025 pooled issuances (not per-capita)"
99507,,1,"calculated: scripts/build_licensing_datasets.py from PRR C264029; home ZIP, 2014-2025 pooled issuances (not per-capita)"
94111,,1,"calculated: scripts/build_licensing_datasets.py from PRR C264029; home ZIP, 2014-2025 pooled issuances (not per-capita)"
89509,,1,"calculated: scripts/build_licensing_datasets.py from PRR C264029; home ZIP, 2014-2025 pooled issuances (not per-capita)"
89011,,1,"calculated: scripts/build_licensing_datasets.py from PRR C264029; home ZIP, 2014-2025 pooled issuances (not per-capita)"
65807,,1,"calculated: scripts/build_licensing_datasets.py from PRR C264029; home ZIP, 2014-2025 pooled issuances (not per-capita)"
98807,,1,"calculated: scripts/build_licensing_datasets.py from PRR C264029; home ZIP, 2014-2025 pooled issuances (not per-capita)"
94526,,1,"calculated: scripts/build_licensing_datasets.py from PRR C264029; home ZIP, 2014-2025 pooled issuances (not per-capita)"
43130,,1,"calculated: scripts/build_licensing_datasets.py from PRR C264029; home ZIP, 2014-2025 pooled issuances (not per-capita)"
98342,,1,"calculated: scripts/build_licensing_datasets.py from PRR C264029; home ZIP, 2014-2025 pooled issuances (not per-capita)"
55082,,1,"calculated: scripts/build_licensing_datasets.py from PRR C264029; home ZIP, 2014-2025 pooled issuances (not per-capita)"
30309,,1,"calculated: scripts/build_licensing_datasets.py from PRR C264029; home ZIP, 2014-2025 pooled issuances (not per-capita)"
92110,,1,"calculated: scripts/build_licensing_datasets.py from PRR C264029; home ZIP, 2014-2025 pooled issuances (not per-capita)"
98524,,1,"calculated: scripts/build_licensing_datasets.py from PRR C264029; home ZIP, 2014-2025 pooled issuances (not per-capita)"
94539,,1,"calculated: scripts/build_licensing_datasets.py from PRR C264029; home ZIP, 2014-2025 pooled issuances (not per-capita)"
96032,,1,"calculated: scripts/build_licensing_datasets.py from PRR C264029; home ZIP, 2014-2025 pooled issuances (not per-capita)"
91877,,1,"calculated: scripts/build_licensing_datasets.py from PRR C264029; home ZIP, 2014-2025 pooled issuances (not per-capita)"
33957,,1,"calculated: scripts/build_licensing_datasets.py from PRR C264029; home ZIP, 2014-2025 pooled issuances (not per-capita)"
75024,,1,"calculated: scripts/build_licensing_datasets.py from PRR C264029; home ZIP, 2014-2025 pooled issuances (not per-capita)"
98359,,1,"calculated: scripts/build_licensing_datasets.py from PRR C264029; home ZIP, 2014-2025 pooled issuances (not per-capita)"
15203,,1,"calculated: scripts/build_licensing_datasets.py from PRR C264029; home ZIP, 2014-2025 pooled issuances (not per-capita)"
40059,,1,"calculated: scripts/build_licensing_datasets.py from PRR C264029; home ZIP, 2014-2025 pooled issuances (not per-capita)"
85268,,1,"calculated: scripts/build_licensing_datasets.py from PRR C264029; home ZIP, 2014-2025 pooled issuances (not per-capita)"
94303,,1,"calculated: scripts/build_licensing_datasets.py from PRR C264029; home ZIP, 2014-2025 pooled issuances (not per-capita)"
83704,,1,"calculated: scripts/build_licensing_datasets.py from PRR C264029; home ZIP, 2014-2025 pooled issuances (not per-capita)"
98135,,1,"calculated: scripts/build_licensing_datasets.py from PRR C264029; home ZIP, 2014-2025 pooled issuances (not per-capita)"
98911,,1,"calculated: scripts/build_licensing_datasets.py from PRR C264029; home ZIP, 2014-2025 pooled issuances (not per-capita)"
98156,,1,"calculated: scripts/build_licensing_datasets.py from PRR C264029; home ZIP, 2014-2025 pooled issuances (not per-capita)"
97015,,1,"calculated: scripts/build_licensing_datasets.py from PRR C264029; home ZIP, 2014-2025 pooled issuances (not per-capita)"
91016,,1,"calculated: scripts/build_licensing_datasets.py from PRR C264029; home ZIP, 2014-2025 pooled issuances (not per-capita)"
98546,,1,"calculated: scripts/build_licensing_datasets.py from PRR C264029; home ZIP, 2014-2025 pooled issuances (not per-capita)"
21030,,1,"calculated: scripts/build_licensing_datasets.py from PRR C264029; home ZIP, 2014-2025 pooled issuances (not per-capita)"
60123,,1,"calculated: scripts/build_licensing_datasets.py from PRR C264029; home ZIP, 2014-2025 pooled issuances (not per-capita)"
80207,,1,"calculated: scripts/build_licensing_datasets.py from PRR C264029; home ZIP, 2014-2025 pooled issuances (not per-capita)"
99092,,1,"calculated: scripts/build_licensing_datasets.py from PRR C264029; home ZIP, 2014-2025 pooled issuances (not per-capita)"
14618,,1,"calculated: scripts/build_licensing_datasets.py from PRR C264029; home ZIP, 2014-2025 pooled issuances (not per-capita)"
98930,,1,"calculated: scripts/build_licensing_datasets.py from PRR C264029; home ZIP, 2014-2025 pooled issuances (not per-capita)"
60175,,1,"calculated: scripts/build_licensing_datasets.py from PRR C264029; home ZIP, 2014-2025 pooled issuances (not per-capita)"
94089,,1,"calculated: scripts/build_licensing_datasets.py from PRR C264029; home ZIP, 2014-2025 pooled issuances (not per-capita)"
97229,,1,"calculated: scripts/build_licensing_datasets.py from PRR C264029; home ZIP, 2014-2025 pooled issuances (not per-capita)"
56701,,1,"calculated: scripts/build_licensing_datasets.py from PRR C264029; home ZIP, 2014-2025 pooled issuances (not per-capita)"
98922,,1,"calculated: scripts/build_licensing_datasets.py from PRR C264029; home ZIP, 2014-2025 pooled issuances (not per-capita)"
47906,,1,"calculated: scripts/build_licensing_datasets.py from PRR C264029; home ZIP, 2014-2025 pooled issuances (not per-capita)"
59874,,1,"calculated: scripts/build_licensing_datasets.py from PRR C264029; home ZIP, 2014-2025 pooled issuances (not per-capita)"
32905,,1,"calculated: scripts/build_licensing_datasets.py from PRR C264029; home ZIP, 2014-2025 pooled issuances (not per-capita)"
94708,,1,"calculated: scripts/build_licensing_datasets.py from PRR C264029; home ZIP, 2014-2025 pooled issuances (not per-capita)"
91802,,1,"calculated: scripts/build_licensing_datasets.py from PRR C264029; home ZIP, 2014-2025 pooled issuances (not per-capita)"
67216,,1,"calculated: scripts/build_licensing_datasets.py from PRR C264029; home ZIP, 2014-2025 pooled issuances (not per-capita)"
99119,,1,"calculated: scripts/build_licensing_datasets.py from PRR C264029; home ZIP, 2014-2025 pooled issuances (not per-capita)"
01757,,1,"calculated: scripts/build_licensing_datasets.py from PRR C264029; home ZIP, 2014-2025 pooled issuances (not per-capita)"
68521,,1,"calculated: scripts/build_licensing_datasets.py from PRR C264029; home ZIP, 2014-2025 pooled issuances (not per-capita)"
21230,,1,"calculated: scripts/build_licensing_datasets.py from PRR C264029; home ZIP, 2014-2025 pooled issuances (not per-capita)"
34224,,1,"calculated: scripts/build_licensing_datasets.py from PRR C264029; home ZIP, 2014-2025 pooled issuances (not per-capita)"
48124,,1,"calculated: scripts/build_licensing_datasets.py from PRR C264029; home ZIP, 2014-2025 pooled issuances (not per-capita)"
97739,,1,"calculated: scripts/build_licensing_datasets.py from PRR C264029; home ZIP, 2014-2025 pooled issuances (not per-capita)"
68022,,1,"calculated: scripts/build_licensing_datasets.py from PRR C264029; home ZIP, 2014-2025 pooled issuances (not per-capita)"
95616,,1,"calculated: scripts/build_licensing_datasets.py from PRR C264029; home ZIP, 2014-2025 pooled issuances (not per-capita)"
92121,,1,"calculated: scripts/build_licensing_datasets.py from PRR C264029; home ZIP, 2014-2025 pooled issuances (not per-capita)"
84047,,1,"calculated: scripts/build_licensing_datasets.py from PRR C264029; home ZIP, 2014-2025 pooled issuances (not per-capita)"
98421,,1,"calculated: scripts/build_licensing_datasets.py from PRR C264029; home ZIP, 2014-2025 pooled issuances (not per-capita)"
33325,,1,"calculated: scripts/build_licensing_datasets.py from PRR C264029; home ZIP, 2014-2025 pooled issuances (not per-capita)"
31082,,1,"calculated: scripts/build_licensing_datasets.py from PRR C264029; home ZIP, 2014-2025 pooled issuances (not per-capita)"
59701,,1,"calculated: scripts/build_licensing_datasets.py from PRR C264029; home ZIP, 2014-2025 pooled issuances (not per-capita)"
98682,,1,"calculated: scripts/build_licensing_datasets.py from PRR C264029; home ZIP, 2014-2025 pooled issuances (not per-capita)"
60014,,1,"calculated: scripts/build_licensing_datasets.py from PRR C264029; home ZIP, 2014-2025 pooled issuances (not per-capita)"
85713,,1,"calculated: scripts/build_licensing_datasets.py from PRR C264029; home ZIP, 2014-2025 pooled issuances (not per-capita)"
98816,,1,"calculated: scripts/build_licensing_datasets.py from PRR C264029; home ZIP, 2014-2025 pooled issuances (not per-capita)"
16507,,1,"calculated: scripts/build_licensing_datasets.py from PRR C264029; home ZIP, 2014-2025 pooled issuances (not per-capita)"
92126,,1,"calculated: scripts/build_licensing_datasets.py from PRR C264029; home ZIP, 2014-2025 pooled issuances (not per-capita)"
83864,,1,"calculated: scripts/build_licensing_datasets.py from PRR C264029; home ZIP, 2014-2025 pooled issuances (not per-capita)"
98169,,1,"calculated: scripts/build_licensing_datasets.py from PRR C264029; home ZIP, 2014-2025 pooled issuances (not per-capita)"
98316,,1,"calculated: scripts/build_licensing_datasets.py from PRR C264029; home ZIP, 2014-2025 pooled issuances (not per-capita)"
99125,,1,"calculated: scripts/build_licensing_datasets.py from PRR C264029; home ZIP, 2014-2025 pooled issuances (not per-capita)"
94122,,1,"calculated: scripts/build_licensing_datasets.py from PRR C264029; home ZIP, 2014-2025 pooled issuances (not per-capita)"
60506,,1,"calculated: scripts/build_licensing_datasets.py from PRR C264029; home ZIP, 2014-2025 pooled issuances (not per-capita)"
94087,,1,"calculated: scripts/build_licensing_datasets.py from PRR C264029; home ZIP, 2014-2025 pooled issuances (not per-capita)"
96816,,1,"calculated: scripts/build_licensing_datasets.py from PRR C264029; home ZIP, 2014-2025 pooled issuances (not per-capita)"
22015,,1,"calculated: scripts/build_licensing_datasets.py from PRR C264029; home ZIP, 2014-2025 pooled issuances (not per-capita)"
66205,,1,"calculated: scripts/build_licensing_datasets.py from PRR C264029; home ZIP, 2014-2025 pooled issuances (not per-capita)"
98597,,1,"calculated: scripts/build_licensing_datasets.py from PRR C264029; home ZIP, 2014-2025 pooled issuances (not per-capita)"
98626,,1,"calculated: scripts/build_licensing_datasets.py from PRR C264029; home ZIP, 2014-2025 pooled issuances (not per-capita)"
92840,,1,"calculated: scripts/build_licensing_datasets.py from PRR C264029; home ZIP, 2014-2025 pooled issuances (not per-capita)"
55126,,1,"calculated: scripts/build_licensing_datasets.py from PRR C264029; home ZIP, 2014-2025 pooled issuances (not per-capita)"
98301,,1,"calculated: scripts/build_licensing_datasets.py from PRR C264029; home ZIP, 2014-2025 pooled issuances (not per-capita)"
98642,,1,"calculated: scripts/build_licensing_datasets.py from PRR C264029; home ZIP, 2014-2025 pooled issuances (not per-capita)"
28715,,1,"calculated: scripts/build_licensing_datasets.py from PRR C264029; home ZIP, 2014-2025 pooled issuances (not per-capita)"
98191,,1,"calculated: scripts/build_licensing_datasets.py from PRR C264029; home ZIP, 2014-2025 pooled issuances (not per-capita)"
98046,,1,"calculated: scripts/build_licensing_datasets.py from PRR C264029; home ZIP, 2014-2025 pooled issuances (not per-capita)"
98937,,1,"calculated: scripts/build_licensing_datasets.py from PRR C264029; home ZIP, 2014-2025 pooled issuances (not per-capita)"
63775,,1,"calculated: scripts/build_licensing_datasets.py from PRR C264029; home ZIP, 2014-2025 pooled issuances (not per-capita)"
95747,,1,"calculated: scripts/build_licensing_datasets.py from PRR C264029; home ZIP, 2014-2025 pooled issuances (not per-capita)"
92056,,1,"calculated: scripts/build_licensing_datasets.py from PRR C264029; home ZIP, 2014-2025 pooled issuances (not per-capita)"
61611,,1,"calculated: scripts/build_licensing_datasets.py from PRR C264029; home ZIP, 2014-2025 pooled issuances (not per-capita)"
98185,,1,"calculated: scripts/build_licensing_datasets.py from PRR C264029; home ZIP, 2014-2025 pooled issuances (not per-capita)"
98926,,1,"calculated: scripts/build_licensing_datasets.py from PRR C264029; home ZIP, 2014-2025 pooled issuances (not per-capita)"
99224,,1,"calculated: scripts/build_licensing_datasets.py from PRR C264029; home ZIP, 2014-2025 pooled issuances (not per-capita)"
84070,,1,"calculated: scripts/build_licensing_datasets.py from PRR C264029; home ZIP, 2014-2025 pooled issuances (not per-capita)"
34953,,1,"calculated: scripts/build_licensing_datasets.py from PRR C264029; home ZIP, 2014-2025 pooled issuances (not per-capita)"
92571,,1,"calculated: scripts/build_licensing_datasets.py from PRR C264029; home ZIP, 2014-2025 pooled issuances (not per-capita)"
33704,,1,"calculated: scripts/build_licensing_datasets.py from PRR C264029; home ZIP, 2014-2025 pooled issuances (not per-capita)"
08807,,1,"calculated: scripts/build_licensing_datasets.py from PRR C264029; home ZIP, 2014-2025 pooled issuances (not per-capita)"
