{
"type": "FeatureCollection",
"name": "seattle_block_groups",
"crs": { "type": "name", "properties": { "name": "urn:ogc:def:crs:OGC:1.3:CRS84" } },
"features": [
{ "type": "Feature", "properties": { "GEOID": "530330059012", "population": 1056, "pop_in_seattle": 1055.9999999999995, "area_in_seattle": 191995.52048220587 }, "geometry": { "type": "Polygon", "coordinates": [ [ [ -122.367911, 47.648276 ], [ -122.367534, 47.648374 ], [ -122.367313, 47.648458 ], [ -122.367148, 47.648577 ], [ -122.367093, 47.648652 ], [ -122.367057, 47.648755 ], [ -122.367061, 47.648863 ], [ -122.367087, 47.648933 ], [ -122.36719, 47.649059 ], [ -122.367529, 47.649302 ], [ -122.367209, 47.649563 ], [ -122.366988, 47.649672 ], [ -122.366794, 47.649717 ], [ -122.366252, 47.649777 ], [ -122.365547, 47.649854 ], [ -122.364836, 47.649931 ], [ -122.364842, 47.650226 ], [ -122.36484, 47.650461 ], [ -122.363538, 47.650473 ], [ -122.362965, 47.650405 ], [ -122.360881, 47.650416 ], [ -122.360884, 47.649544 ], [ -122.360889, 47.648653 ], [ -122.360891, 47.648185 ], [ -122.360893, 47.647793 ], [ -122.360895, 47.647293 ], [ -122.360895, 47.647119 ], [ -122.360896, 47.646922 ], [ -122.360897, 47.646651 ], [ -122.362188, 47.646647 ], [ -122.363467, 47.646655 ], [ -122.363484, 47.646861 ], [ -122.365709, 47.646853 ], [ -122.366257, 47.646853 ], [ -122.367518, 47.646848 ], [ -122.368102, 47.646847 ], [ -122.368104, 47.647207 ], [ -122.368105, 47.647507 ], [ -122.368107, 47.648244 ], [ -122.367911, 47.648276 ] ] ] } },
{ "type": "Feature", "properties": { "GEOID": "530330070022", "population": 1312, "pop_in_seattle": 1311.9999999999995, "area_in_seattle": 191870.61572579018 }, "geometry": { "type": "Polygon", "coordinates": [ [ [ -122.357931, 47.628717 ], [ -122.357329, 47.628712 ], [ -122.357115, 47.628711 ], [ -122.357011, 47.628711 ], [ -122.356632, 47.62871 ], [ -122.355371, 47.628715 ], [ -122.355371, 47.62894 ], [ -122.354744, 47.628938 ], [ -122.354065, 47.628935 ], [ -122.354059, 47.629763 ], [ -122.354155, 47.629764 ], [ -122.354144, 47.630607 ], [ -122.354141, 47.630996 ], [ -122.353729, 47.630996 ], [ -122.353717, 47.632312 ], [ -122.353225, 47.632311 ], [ -122.35263, 47.63231 ], [ -122.351319, 47.632308 ], [ -122.351327, 47.631417 ], [ -122.351336, 47.629752 ], [ -122.351222, 47.629749 ], [ -122.350142, 47.629749 ], [ -122.350149, 47.62892 ], [ -122.350155, 47.628138 ], [ -122.350156, 47.627953 ], [ -122.350164, 47.627747 ], [ -122.350163, 47.627167 ], [ -122.351468, 47.627172 ], [ -122.352773, 47.627177 ], [ -122.354079, 47.627183 ], [ -122.355384, 47.627187 ], [ -122.356691, 47.627191 ], [ -122.357997, 47.627194 ], [ -122.357994, 47.627722 ], [ -122.357931, 47.628717 ] ] ] } },
{ "type": "Feature", "properties": { "GEOID": "530330044013", "population": 1177, "pop_in_seattle": 1177.0, "area_in_seattle": 113055.38040419544 }, "geometry": { "type": "Polygon", "coordinates": [ [ [ -122.311883, 47.668517 ], [ -122.310748, 47.668537 ], [ -122.309606, 47.668539 ], [ -122.309417, 47.66854 ], [ -122.309454, 47.666408 ], [ -122.308305, 47.6664 ], [ -122.307169, 47.666393 ], [ -122.306621, 47.666396 ], [ -122.306499, 47.666416 ], [ -122.306507, 47.664923 ], [ -122.306508, 47.664852 ], [ -122.307193, 47.664858 ], [ -122.308329, 47.664865 ], [ -122.309477, 47.664874 ], [ -122.309677, 47.664875 ], [ -122.310803, 47.664882 ], [ -122.311939, 47.664891 ], [ -122.311918, 47.666426 ], [ -122.311883, 47.668517 ] ] ] } },
{ "type": "Feature", "properties": { "GEOID": "530330044011", "population": 1426, "pop_in_seattle": 1425.9999999999998, "area_in_seattle": 328144.84718303103 }, "geometry": { "type": "Polygon", "coordinates": [ [ [ -122.311919, 47.673977 ], [ -122.311764, 47.673985 ], [ -122.310412, 47.673973 ], [ -122.310274, 47.673941 ], [ -122.309779, 47.67381 ], [ -122.306511, 47.67262 ], [ -122.3065, 47.670722 ], [ -122.306499, 47.670672 ], [ -122.306497, 47.669337 ], [ -122.306492, 47.669176 ], [ -122.306485, 47.668531 ], [ -122.306489, 47.668004 ], [ -122.306499, 47.666416 ], [ -122.306621, 47.666396 ], [ -122.307169, 47.666393 ], [ -122.308305, 47.6664 ], [ -122.309454, 47.666408 ], [ -122.309417, 47.66854 ], [ -122.309606, 47.668539 ], [ -122.310748, 47.668537 ], [ -122.311883, 47.668517 ], [ -122.311889, 47.669444 ], [ -122.311898, 47.670741 ], [ -122.312031, 47.67075 ], [ -122.313035, 47.670985 ], [ -122.314173, 47.671251 ], [ -122.314176, 47.671451 ], [ -122.314181, 47.672153 ], [ -122.314333, 47.673332 ], [ -122.311919, 47.673977 ] ] ] } },
{ "type": "Feature", "properties": { "GEOID": "530330054023", "population": 936, "pop_in_seattle": 935.99999999999977, "area_in_seattle": 117495.63164512109 }, "geometry": { "type": "Polygon", "coordinates": [ [ [ -122.347249, 47.656655 ], [ -122.346911, 47.656654 ], [ -122.346713, 47.656654 ], [ -122.346584, 47.656654 ], [ -122.345953, 47.656652 ], [ -122.345272, 47.656649 ], [ -122.344647, 47.656647 ], [ -122.344085, 47.656645 ], [ -122.343558, 47.656644 ], [ -122.343565, 47.655382 ], [ -122.343561, 47.654205 ], [ -122.343448, 47.654119 ], [ -122.344072, 47.653766 ], [ -122.343984, 47.653711 ], [ -122.344001, 47.652706 ], [ -122.344723, 47.652718 ], [ -122.345349, 47.652721 ], [ -122.345965, 47.652743 ], [ -122.346124, 47.652683 ], [ -122.346289, 47.65264 ], [ -122.346459, 47.652618 ], [ -122.34662, 47.652618 ], [ -122.346869, 47.652618 ], [ -122.347254, 47.652618 ], [ -122.347253, 47.652737 ], [ -122.347241, 47.654133 ], [ -122.347256, 47.655393 ], [ -122.347249, 47.656605 ], [ -122.347249, 47.656655 ] ] ] } },
{ "type": "Feature", "properties": { "GEOID": "530330041021", "population": 1360, "pop_in_seattle": 1359.9999999999998, "area_in_seattle": 2610927.7267719046 }, "geometry": { "type": "Polygon", "coordinates": [ [ [ -122.26592, 47.666227 ], [ -122.263575, 47.666839 ], [ -122.262976, 47.666995 ], [ -122.262597, 47.667097 ], [ -122.262425, 47.667154 ], [ -122.262368, 47.667174 ], [ -122.262077, 47.667294 ], [ -122.261807, 47.667435 ], [ -122.259517, 47.668983 ], [ -122.259535, 47.669964 ], [ -122.260971, 47.669952 ], [ -122.261199, 47.669951 ], [ -122.262133, 47.669943 ], [ -122.263428, 47.669941 ], [ -122.26346, 47.672059 ], [ -122.263475, 47.672101 ], [ -122.263489, 47.672138 ], [ -122.2635, 47.672826 ], [ -122.263505, 47.673188 ], [ -122.263579, 47.673695 ], [ -122.26354, 47.673751 ], [ -122.263516, 47.673831 ], [ -122.263522, 47.674271 ], [ -122.263533, 47.674996 ], [ -122.263801, 47.67513 ], [ -122.263547, 47.675767 ], [ -122.263207, 47.67578 ], [ -122.261968, 47.675783 ], [ -122.261437, 47.675784 ], [ -122.259684, 47.675784 ], [ -122.259019, 47.67579 ], [ -122.258185, 47.675799 ], [ -122.258188, 47.675694 ], [ -122.258187, 47.675647 ], [ -122.258182, 47.675284 ], [ -122.258165, 47.674256 ], [ -122.258152, 47.673571 ], [ -122.258151, 47.673519 ], [ -122.258151, 47.673498 ], [ -122.258151, 47.673472 ], [ -122.254847, 47.673528 ], [ -122.254819, 47.673563 ], [ -122.254796, 47.67359 ], [ -122.254774, 47.673617 ], [ -122.254647, 47.673771 ], [ -122.254404, 47.674065 ], [ -122.253986, 47.674473 ], [ -122.253405, 47.674493 ], [ -122.252256, 47.674153 ], [ -122.251244, 47.673683 ], [ -122.249941, 47.673054 ], [ -122.231924, 47.663757 ], [ -122.23226, 47.663395 ], [ -122.233939, 47.661951 ], [ -122.235832, 47.660633 ], [ -122.237078, 47.65993 ], [ -122.237918, 47.659456 ], [ -122.239443, 47.658764 ], [ -122.264038, 47.663602 ], [ -122.266028, 47.664899 ], [ -122.266162, 47.664981 ], [ -122.266935, 47.665876 ], [ -122.266978, 47.665868 ], [ -122.26702, 47.66594 ], [ -122.26592, 47.666227 ] ] ] } },
{ "type": "Feature", "properties": { "GEOID": "530330103021", "population": 1395, "pop_in_seattle": 1395.0, "area_in_seattle": 168934.71310857736 }, "geometry": { "type": "Polygon", "coordinates": [ [ [ -122.292582, 47.560792 ], [ -122.291496, 47.560764 ], [ -122.291016, 47.560762 ], [ -122.289925, 47.560717 ], [ -122.288823, 47.560723 ], [ -122.288234, 47.560721 ], [ -122.287692, 47.560719 ], [ -122.287005, 47.560717 ], [ -122.285966, 47.559462 ], [ -122.285684, 47.559057 ], [ -122.285445, 47.558654 ], [ -122.285044, 47.557847 ], [ -122.286143, 47.55785 ], [ -122.288817, 47.557856 ], [ -122.288816, 47.55705 ], [ -122.290912, 47.557056 ], [ -122.291389, 47.557863 ], [ -122.291801, 47.558543 ], [ -122.291883, 47.558669 ], [ -122.29196, 47.558807 ], [ -122.292296, 47.559351 ], [ -122.292309, 47.559385 ], [ -122.292422, 47.559561 ], [ -122.292603, 47.559846 ], [ -122.293203, 47.560809 ], [ -122.292582, 47.560792 ] ] ] } },
{ "type": "Feature", "properties": { "GEOID": "530330080031", "population": 1417, "pop_in_seattle": 1417.0000000000002, "area_in_seattle": 69264.336442987493 }, "geometry": { "type": "Polygon", "coordinates": [ [ [ -122.34703, 47.616024 ], [ -122.346151, 47.615504 ], [ -122.346096, 47.615472 ], [ -122.346057, 47.615449 ], [ -122.344795, 47.614703 ], [ -122.343496, 47.613934 ], [ -122.344355, 47.613269 ], [ -122.345215, 47.612605 ], [ -122.346515, 47.613373 ], [ -122.347705, 47.614076 ], [ -122.347807, 47.614137 ], [ -122.347836, 47.614154 ], [ -122.348748, 47.614694 ], [ -122.347889, 47.615359 ], [ -122.34703, 47.616024 ] ] ] } },
{ "type": "Feature", "properties": { "GEOID": "530330070011", "population": 1341, "pop_in_seattle": 1340.9999999999998, "area_in_seattle": 213867.7910476313 }, "geometry": { "type": "Polygon", "coordinates": [ [ [ -122.363204, 47.627837 ], [ -122.363217, 47.628666 ], [ -122.363188, 47.628734 ], [ -122.363158, 47.628806 ], [ -122.363121, 47.629594 ], [ -122.361815, 47.62959 ], [ -122.361808, 47.630458 ], [ -122.361805, 47.631327 ], [ -122.361801, 47.632322 ], [ -122.361025, 47.632322 ], [ -122.3605, 47.63232 ], [ -122.359684, 47.632319 ], [ -122.359194, 47.632318 ], [ -122.358342, 47.632318 ], [ -122.357888, 47.632316 ], [ -122.3579, 47.631308 ], [ -122.357911, 47.630443 ], [ -122.357921, 47.629575 ], [ -122.35793, 47.629285 ], [ -122.357931, 47.628717 ], [ -122.357994, 47.627722 ], [ -122.357997, 47.627194 ], [ -122.358001, 47.626719 ], [ -122.359308, 47.626724 ], [ -122.360614, 47.626729 ], [ -122.363219, 47.626739 ], [ -122.363219, 47.627618 ], [ -122.363204, 47.627837 ] ] ] } },
{ "type": "Feature", "properties": { "GEOID": "530330036023", "population": 1360, "pop_in_seattle": 1360.0, "area_in_seattle": 217215.72444014059 }, "geometry": { "type": "Polygon", "coordinates": [ [ [ -122.324541, 47.679797 ], [ -122.323294, 47.680049 ], [ -122.322861, 47.680161 ], [ -122.322873, 47.680879 ], [ -122.322884, 47.681603 ], [ -122.322888, 47.682029 ], [ -122.322898, 47.682732 ], [ -122.322904, 47.683157 ], [ -122.322908, 47.683437 ], [ -122.322909, 47.683536 ], [ -122.322911, 47.683685 ], [ -122.322913, 47.683883 ], [ -122.322917, 47.684151 ], [ -122.322921, 47.684395 ], [ -122.322929, 47.685071 ], [ -122.322612, 47.684807 ], [ -122.322359, 47.684615 ], [ -122.321574, 47.683961 ], [ -122.321497, 47.683894 ], [ -122.321105, 47.683539 ], [ -122.320947, 47.683396 ], [ -122.320857, 47.683327 ], [ -122.320764, 47.683274 ], [ -122.320617, 47.683213 ], [ -122.320442, 47.683179 ], [ -122.320201, 47.683162 ], [ -122.318588, 47.68307 ], [ -122.317489, 47.683061 ], [ -122.317483, 47.682802 ], [ -122.317696, 47.682702 ], [ -122.319021, 47.682084 ], [ -122.319315, 47.681941 ], [ -122.319631, 47.681775 ], [ -122.319836, 47.68165 ], [ -122.320377, 47.681379 ], [ -122.320545, 47.681288 ], [ -122.320628, 47.681229 ], [ -122.320668, 47.681191 ], [ -122.320796, 47.681069 ], [ -122.320856, 47.68098 ], [ -122.320819, 47.680727 ], [ -122.320762, 47.6802 ], [ -122.320736, 47.679584 ], [ -122.320732, 47.6795 ], [ -122.320643, 47.677248 ], [ -122.320652, 47.67652 ], [ -122.320706, 47.675855 ], [ -122.32105, 47.675859 ], [ -122.321219, 47.67586 ], [ -122.321302, 47.675861 ], [ -122.321853, 47.675865 ], [ -122.322332, 47.67587 ], [ -122.323913, 47.677563 ], [ -122.32499, 47.678756 ], [ -122.32483, 47.679026 ], [ -122.324541, 47.679797 ] ] ] } },
{ "type": "Feature", "properties": { "GEOID": "530330052023", "population": 1163, "pop_in_seattle": 1162.9999999999998, "area_in_seattle": 81903.331030845191 }, "geometry": { "type": "Polygon", "coordinates": [ [ [ -122.322381, 47.658789 ], [ -122.322323, 47.659448 ], [ -122.322085, 47.65945 ], [ -122.321923, 47.659452 ], [ -122.321781, 47.659454 ], [ -122.321548, 47.659461 ], [ -122.321462, 47.659455 ], [ -122.320838, 47.659461 ], [ -122.319783, 47.659459 ], [ -122.318788, 47.659456 ], [ -122.317753, 47.659454 ], [ -122.317782, 47.658367 ], [ -122.317804, 47.657512 ], [ -122.318798, 47.657514 ], [ -122.319793, 47.657516 ], [ -122.320848, 47.657517 ], [ -122.321137, 47.657472 ], [ -122.321279, 47.657427 ], [ -122.321382, 47.657371 ], [ -122.321623, 47.657147 ], [ -122.321885, 47.656831 ], [ -122.322163, 47.656511 ], [ -122.322219, 47.656435 ], [ -122.322214, 47.655917 ], [ -122.32231, 47.655915 ], [ -122.322412, 47.655911 ], [ -122.322407, 47.656022 ], [ -122.322405, 47.656285 ], [ -122.322405, 47.6564 ], [ -122.322445, 47.657218 ], [ -122.32244, 47.657888 ], [ -122.322381, 47.658789 ] ] ] } },
{ "type": "Feature", "properties": { "GEOID": "530330036011", "population": 1265, "pop_in_seattle": 1264.9999999999991, "area_in_seattle": 245593.02866290431 }, "geometry": { "type": "Polygon", "coordinates": [ [ [ -122.325474, 47.6736 ], [ -122.325462, 47.674368 ], [ -122.32545, 47.675135 ], [ -122.325438, 47.675902 ], [ -122.324402, 47.675891 ], [ -122.323388, 47.67588 ], [ -122.32311, 47.675877 ], [ -122.322839, 47.675874 ], [ -122.322332, 47.67587 ], [ -122.321853, 47.675865 ], [ -122.321302, 47.675861 ], [ -122.321219, 47.67586 ], [ -122.32105, 47.675859 ], [ -122.320706, 47.675855 ], [ -122.320459, 47.675852 ], [ -122.320054, 47.67585 ], [ -122.319344, 47.675844 ], [ -122.318703, 47.675839 ], [ -122.317365, 47.675828 ], [ -122.317365, 47.674978 ], [ -122.317365, 47.674155 ], [ -122.317365, 47.673333 ], [ -122.317365, 47.672736 ], [ -122.317365, 47.672267 ], [ -122.317365, 47.672013 ], [ -122.317821, 47.672117 ], [ -122.318783, 47.672336 ], [ -122.318872, 47.672261 ], [ -122.318995, 47.672211 ], [ -122.319681, 47.672218 ], [ -122.320062, 47.672222 ], [ -122.320796, 47.672227 ], [ -122.32097, 47.672225 ], [ -122.321326, 47.672224 ], [ -122.321597, 47.67224 ], [ -122.321768, 47.67225 ], [ -122.321807, 47.672252 ], [ -122.321978, 47.672262 ], [ -122.322107, 47.67227 ], [ -122.322288, 47.672308 ], [ -122.322316, 47.672268 ], [ -122.322372, 47.672241 ], [ -122.322822, 47.672243 ], [ -122.323448, 47.672246 ], [ -122.324461, 47.672253 ], [ -122.325133, 47.672257 ], [ -122.325226, 47.672258 ], [ -122.325495, 47.67226 ], [ -122.325486, 47.672832 ], [ -122.325474, 47.6736 ] ] ] } },
{ "type": "Feature", "properties": { "GEOID": "530330053041", "population": 1865, "pop_in_seattle": 1865.0, "area_in_seattle": 27680.605470887418 }, "geometry": { "type": "Polygon", "coordinates": [ [ [ -122.318221, 47.655524 ], [ -122.318207, 47.655546 ], [ -122.317893, 47.656034 ], [ -122.317854, 47.656216 ], [ -122.317836, 47.6563 ], [ -122.31782, 47.656887 ], [ -122.317178, 47.65688 ], [ -122.316696, 47.656874 ], [ -122.316712, 47.656407 ], [ -122.316712, 47.656244 ], [ -122.316708, 47.656024 ], [ -122.315574, 47.65601 ], [ -122.314426, 47.655998 ], [ -122.314443, 47.655366 ], [ -122.314575, 47.65539 ], [ -122.314994, 47.655394 ], [ -122.315119, 47.655361 ], [ -122.315336, 47.655366 ], [ -122.315616, 47.655372 ], [ -122.316804, 47.655375 ], [ -122.317304, 47.65538 ], [ -122.317837, 47.655385 ], [ -122.318249, 47.655376 ], [ -122.318339, 47.655373 ], [ -122.318221, 47.655524 ] ] ] } },
{ "type": "Feature", "properties": { "GEOID": "530330070021", "population": 1271, "pop_in_seattle": 1270.9999999999998, "area_in_seattle": 116130.41594077893 }, "geometry": { "type": "Polygon", "coordinates": [ [ [ -122.357921, 47.629575 ], [ -122.357911, 47.630443 ], [ -122.3579, 47.631308 ], [ -122.357888, 47.632316 ], [ -122.357635, 47.632315 ], [ -122.35714, 47.632315 ], [ -122.357017, 47.632315 ], [ -122.356779, 47.632315 ], [ -122.35631, 47.632315 ], [ -122.35624, 47.632315 ], [ -122.355659, 47.632315 ], [ -122.354645, 47.632313 ], [ -122.354442, 47.632313 ], [ -122.353717, 47.632312 ], [ -122.353729, 47.630996 ], [ -122.354141, 47.630996 ], [ -122.354144, 47.630607 ], [ -122.354155, 47.629764 ], [ -122.354059, 47.629763 ], [ -122.354065, 47.628935 ], [ -122.354744, 47.628938 ], [ -122.355371, 47.62894 ], [ -122.355371, 47.628715 ], [ -122.356632, 47.62871 ], [ -122.357011, 47.628711 ], [ -122.357115, 47.628711 ], [ -122.357329, 47.628712 ], [ -122.357931, 47.628717 ], [ -122.35793, 47.629285 ], [ -122.357921, 47.629575 ] ] ] } },
{ "type": "Feature", "properties": { "GEOID": "530330042023", "population": 1556, "pop_in_seattle": 1555.9999999999993, "area_in_seattle": 369216.99377551675 }, "geometry": { "type": "Polygon", "coordinates": [ [ [ -122.29628, 47.675776 ], [ -122.295376, 47.675777 ], [ -122.295088, 47.675784 ], [ -122.294322, 47.675791 ], [ -122.29404, 47.675787 ], [ -122.293265, 47.675786 ], [ -122.292985, 47.675787 ], [ -122.29221, 47.675789 ], [ -122.291627, 47.675789 ], [ -122.291154, 47.67579 ], [ -122.290275, 47.675782 ], [ -122.290256, 47.673983 ], [ -122.290235, 47.672146 ], [ -122.290214, 47.670319 ], [ -122.290194, 47.66851 ], [ -122.290755, 47.668511 ], [ -122.290847, 47.668511 ], [ -122.291436, 47.668512 ], [ -122.292646, 47.668513 ], [ -122.293204, 47.668514 ], [ -122.293856, 47.668515 ], [ -122.295065, 47.668517 ], [ -122.295641, 47.668517 ], [ -122.296203, 47.668518 ], [ -122.296214, 47.670182 ], [ -122.296229, 47.67215 ], [ -122.296419, 47.67215 ], [ -122.29642, 47.672241 ], [ -122.296426, 47.67397 ], [ -122.296433, 47.675776 ], [ -122.29628, 47.675776 ] ] ] } },
{ "type": "Feature", "properties": { "GEOID": "530330068003", "population": 1024, "pop_in_seattle": 1023.9999999999998, "area_in_seattle": 244443.17502284658 }, "geometry": { "type": "Polygon", "coordinates": [ [ [ -122.362297, 47.637758 ], [ -122.362274, 47.639595 ], [ -122.360932, 47.639596 ], [ -122.359591, 47.639595 ], [ -122.358252, 47.639595 ], [ -122.357567, 47.639594 ], [ -122.357336, 47.639594 ], [ -122.357147, 47.639594 ], [ -122.356914, 47.639594 ], [ -122.355575, 47.639593 ], [ -122.35558, 47.639114 ], [ -122.355588, 47.638318 ], [ -122.3556, 47.637414 ], [ -122.355603, 47.637172 ], [ -122.35561, 47.636565 ], [ -122.355616, 47.635954 ], [ -122.356957, 47.635954 ], [ -122.35766, 47.635954 ], [ -122.358297, 47.635954 ], [ -122.358313, 47.634741 ], [ -122.359653, 47.634741 ], [ -122.360995, 47.634741 ], [ -122.362336, 47.63474 ], [ -122.36232, 47.635933 ], [ -122.362297, 47.637758 ] ] ] } },
{ "type": "Feature", "properties": { "GEOID": "530330101012", "population": 1707, "pop_in_seattle": 1706.9999999999998, "area_in_seattle": 233810.592246949 }, "geometry": { "type": "Polygon", "coordinates": [ [ [ -122.296803, 47.567777 ], [ -122.296789, 47.56809 ], [ -122.296772, 47.568691 ], [ -122.296768, 47.569093 ], [ -122.296753, 47.57012 ], [ -122.296734, 47.571555 ], [ -122.29554, 47.56986 ], [ -122.294897, 47.56898 ], [ -122.294658, 47.568613 ], [ -122.294375, 47.568179 ], [ -122.29429, 47.568058 ], [ -122.294258, 47.568011 ], [ -122.294073, 47.567725 ], [ -122.293773, 47.567308 ], [ -122.292928, 47.566196 ], [ -122.292652, 47.565214 ], [ -122.292453, 47.564502 ], [ -122.292433, 47.564432 ], [ -122.292003, 47.564423 ], [ -122.291665, 47.564417 ], [ -122.291245, 47.562831 ], [ -122.291004, 47.562827 ], [ -122.290983, 47.562828 ], [ -122.291, 47.561902 ], [ -122.291007, 47.561557 ], [ -122.29101, 47.561408 ], [ -122.291016, 47.560762 ], [ -122.291496, 47.560764 ], [ -122.292582, 47.560792 ], [ -122.293203, 47.560809 ], [ -122.293641, 47.5615 ], [ -122.293856, 47.561831 ], [ -122.293913, 47.56192 ], [ -122.293963, 47.561999 ], [ -122.294025, 47.562096 ], [ -122.294153, 47.562293 ], [ -122.294546, 47.562881 ], [ -122.294922, 47.563427 ], [ -122.29521, 47.56385 ], [ -122.295637, 47.564525 ], [ -122.295701, 47.564619 ], [ -122.296093, 47.565227 ], [ -122.296531, 47.565953 ], [ -122.296619, 47.566139 ], [ -122.29668, 47.566273 ], [ -122.296724, 47.566401 ], [ -122.296765, 47.566528 ], [ -122.296807, 47.566763 ], [ -122.296833, 47.567076 ], [ -122.296827, 47.567239 ], [ -122.296803, 47.567777 ] ] ] } },
{ "type": "Feature", "properties": { "GEOID": "530330054013", "population": 1261, "pop_in_seattle": 1260.9999999999995, "area_in_seattle": 621937.83581857511 }, "geometry": { "type": "Polygon", "coordinates": [ [ [ -122.346646, 47.650853 ], [ -122.345993, 47.650753 ], [ -122.345417, 47.650666 ], [ -122.344748, 47.650565 ], [ -122.344024, 47.650543 ], [ -122.343482, 47.650539 ], [ -122.34268, 47.650532 ], [ -122.341985, 47.650526 ], [ -122.341375, 47.650521 ], [ -122.340241, 47.650511 ], [ -122.339366, 47.650515 ], [ -122.338712, 47.650512 ], [ -122.337519, 47.650506 ], [ -122.336325, 47.6505 ], [ -122.33634, 47.649194 ], [ -122.336352, 47.648043 ], [ -122.336361, 47.647315 ], [ -122.336363, 47.647091 ], [ -122.336367, 47.646917 ], [ -122.336364, 47.646834 ], [ -122.336386, 47.645799 ], [ -122.336198, 47.645281 ], [ -122.336358, 47.645132 ], [ -122.336664, 47.64484 ], [ -122.340429, 47.641248 ], [ -122.343057, 47.643419 ], [ -122.34704, 47.646709 ], [ -122.347233, 47.646796 ], [ -122.34724, 47.648444 ], [ -122.34724, 47.648551 ], [ -122.347242, 47.649041 ], [ -122.347242, 47.649189 ], [ -122.347243, 47.649629 ], [ -122.347245, 47.650129 ], [ -122.347246, 47.650329 ], [ -122.347248, 47.650942 ], [ -122.346646, 47.650853 ] ] ] } },
{ "type": "Feature", "properties": { "GEOID": "530330047033", "population": 1145, "pop_in_seattle": 1144.9999999999998, "area_in_seattle": 681388.41470908781 }, "geometry": { "type": "Polygon", "coordinates": [ [ [ -122.376224, 47.661517 ], [ -122.376105, 47.661531 ], [ -122.376027, 47.66153 ], [ -122.374022, 47.661511 ], [ -122.373599, 47.661471 ], [ -122.372691, 47.66147 ], [ -122.370771, 47.661468 ], [ -122.37077, 47.662122 ], [ -122.37077, 47.662198 ], [ -122.370769, 47.662927 ], [ -122.370768, 47.663614 ], [ -122.370768, 47.663656 ], [ -122.370768, 47.663715 ], [ -122.370767, 47.664385 ], [ -122.370766, 47.665041 ], [ -122.370765, 47.665696 ], [ -122.372712, 47.665704 ], [ -122.373511, 47.665706 ], [ -122.3735, 47.666424 ], [ -122.373494, 47.667161 ], [ -122.373495, 47.667888 ], [ -122.373489, 47.66865 ], [ -122.372342, 47.668662 ], [ -122.370761, 47.66866 ], [ -122.370762, 47.667884 ], [ -122.368608, 47.667884 ], [ -122.366181, 47.667911 ], [ -122.366183, 47.667181 ], [ -122.366185, 47.666458 ], [ -122.366186, 47.666418 ], [ -122.366187, 47.665727 ], [ -122.366187, 47.66569 ], [ -122.366189, 47.665036 ], [ -122.366191, 47.664379 ], [ -122.366193, 47.66365 ], [ -122.366195, 47.66292 ], [ -122.366197, 47.662191 ], [ -122.366175, 47.661459 ], [ -122.366158, 47.660794 ], [ -122.366205, 47.660686 ], [ -122.366317, 47.660592 ], [ -122.365771, 47.660028 ], [ -122.365056, 47.659293 ], [ -122.364726, 47.658949 ], [ -122.363986, 47.658189 ], [ -122.36357, 47.657762 ], [ -122.362769, 47.656934 ], [ -122.363595, 47.656932 ], [ -122.36384, 47.656927 ], [ -122.363952, 47.656924 ], [ -122.364593, 47.656914 ], [ -122.364967, 47.656912 ], [ -122.365293, 47.656915 ], [ -122.365623, 47.656911 ], [ -122.365807, 47.656895 ], [ -122.365981, 47.656856 ], [ -122.36603, 47.65681 ], [ -122.366082, 47.656743 ], [ -122.366096, 47.656587 ], [ -122.366102, 47.656121 ], [ -122.366107, 47.655788 ], [ -122.367339, 47.65642 ], [ -122.370501, 47.657474 ], [ -122.371713, 47.657878 ], [ -122.376027, 47.659319 ], [ -122.376224, 47.659353 ], [ -122.376224, 47.660972 ], [ -122.376224, 47.661517 ] ] ] } },
{ "type": "Feature", "properties": { "GEOID": "530330086002", "population": 2113, "pop_in_seattle": 2113.0, "area_in_seattle": 226182.85128770437 }, "geometry": { "type": "Polygon", "coordinates": [ [ [ -122.320574, 47.604361 ], [ -122.320458, 47.60436 ], [ -122.319413, 47.604358 ], [ -122.319403, 47.603584 ], [ -122.319384, 47.603563 ], [ -122.319373, 47.60355 ], [ -122.319353, 47.603537 ], [ -122.319312, 47.603522 ], [ -122.318104, 47.603515 ], [ -122.318107, 47.604356 ], [ -122.316783, 47.604359 ], [ -122.316783, 47.60464 ], [ -122.316783, 47.604978 ], [ -122.316782, 47.605195 ], [ -122.316782, 47.605565 ], [ -122.316782, 47.606201 ], [ -122.315472, 47.606196 ], [ -122.314167, 47.60619 ], [ -122.312862, 47.606185 ], [ -122.312867, 47.604342 ], [ -122.312872, 47.603519 ], [ -122.312875, 47.602677 ], [ -122.312879, 47.601685 ], [ -122.314124, 47.601687 ], [ -122.31493, 47.601688 ], [ -122.316783, 47.601692 ], [ -122.317825, 47.601693 ], [ -122.319583, 47.601696 ], [ -122.320739, 47.601699 ], [ -122.320741, 47.602691 ], [ -122.320742, 47.602841 ], [ -122.320743, 47.603284 ], [ -122.320744, 47.60352 ], [ -122.320744, 47.603577 ], [ -122.320746, 47.604269 ], [ -122.320574, 47.604361 ] ] ] } },
{ "type": "Feature", "properties": { "GEOID": "530330080042", "population": 956, "pop_in_seattle": 955.99999999999966, "area_in_seattle": 51553.67393843086 }, "geometry": { "type": "Polygon", "coordinates": [ [ [ -122.353818, 47.614593 ], [ -122.35327, 47.615023 ], [ -122.352411, 47.615687 ], [ -122.351478, 47.615136 ], [ -122.350543, 47.614583 ], [ -122.349608, 47.614029 ], [ -122.350467, 47.613365 ], [ -122.350987, 47.612966 ], [ -122.351056, 47.612911 ], [ -122.351168, 47.612803 ], [ -122.352175, 47.613333 ], [ -122.352391, 47.613461 ], [ -122.353101, 47.613882 ], [ -122.354026, 47.614432 ], [ -122.353992, 47.614458 ], [ -122.353818, 47.614593 ] ] ] } },
{ "type": "Feature", "properties": { "GEOID": "530330072022", "population": 808, "pop_in_seattle": 808.0, "area_in_seattle": 95511.111750716344 }, "geometry": { "type": "Polygon", "coordinates": [ [ [ -122.341403, 47.613777 ], [ -122.341335, 47.613829 ], [ -122.340637, 47.614241 ], [ -122.340355, 47.614439 ], [ -122.339592, 47.615005 ], [ -122.339511, 47.615096 ], [ -122.339444, 47.615161 ], [ -122.338673, 47.615775 ], [ -122.338061, 47.616361 ], [ -122.337839, 47.615282 ], [ -122.337746, 47.61483 ], [ -122.337565, 47.613945 ], [ -122.337441, 47.61329 ], [ -122.337387, 47.612965 ], [ -122.337374, 47.612858 ], [ -122.337362, 47.612679 ], [ -122.33742, 47.612654 ], [ -122.337495, 47.612621 ], [ -122.338544, 47.61218 ], [ -122.339278, 47.611871 ], [ -122.339594, 47.611627 ], [ -122.340894, 47.612396 ], [ -122.342194, 47.613165 ], [ -122.341539, 47.613671 ], [ -122.341403, 47.613777 ] ] ] } },
{ "type": "Feature", "properties": { "GEOID": "530330103022", "population": 1188, "pop_in_seattle": 1188.0000000000005, "area_in_seattle": 214303.86255932332 }, "geometry": { "type": "Polygon", "coordinates": [ [ [ -122.288816, 47.55705 ], [ -122.288817, 47.557856 ], [ -122.286143, 47.55785 ], [ -122.285044, 47.557847 ], [ -122.284631, 47.557039 ], [ -122.284499, 47.556844 ], [ -122.284336, 47.55666 ], [ -122.283481, 47.555898 ], [ -122.283485, 47.555486 ], [ -122.283493, 47.553438 ], [ -122.285539, 47.553449 ], [ -122.286119, 47.553446 ], [ -122.289029, 47.553446 ], [ -122.289202, 47.553815 ], [ -122.289402, 47.554254 ], [ -122.28958, 47.554621 ], [ -122.289655, 47.554777 ], [ -122.28985, 47.555184 ], [ -122.289898, 47.555288 ], [ -122.290153, 47.555814 ], [ -122.290329, 47.556102 ], [ -122.290912, 47.557056 ], [ -122.288816, 47.55705 ] ] ] } },
{ "type": "Feature", "properties": { "GEOID": "530330073021", "population": 1176, "pop_in_seattle": 1175.9999999999998, "area_in_seattle": 82924.420373902205 }, "geometry": { "type": "Polygon", "coordinates": [ [ [ -122.337456, 47.615055 ], [ -122.336597, 47.615719 ], [ -122.335297, 47.614951 ], [ -122.334438, 47.615615 ], [ -122.333579, 47.616279 ], [ -122.332308, 47.615487 ], [ -122.331913, 47.61506 ], [ -122.331813, 47.615006 ], [ -122.332724, 47.614616 ], [ -122.332952, 47.614519 ], [ -122.334062, 47.614055 ], [ -122.335174, 47.613594 ], [ -122.336284, 47.613128 ], [ -122.337208, 47.612742 ], [ -122.337362, 47.612679 ], [ -122.337374, 47.612858 ], [ -122.337387, 47.612965 ], [ -122.337441, 47.61329 ], [ -122.337565, 47.613945 ], [ -122.337746, 47.61483 ], [ -122.337456, 47.615055 ] ] ] } },
{ "type": "Feature", "properties": { "GEOID": "530330073031", "population": 1440, "pop_in_seattle": 1440.0, "area_in_seattle": 153373.42437933714 }, "geometry": { "type": "Polygon", "coordinates": [ [ [ -122.33847, 47.625746 ], [ -122.338298, 47.625752 ], [ -122.337124, 47.625738 ], [ -122.33673, 47.625732 ], [ -122.335813, 47.625732 ], [ -122.335142, 47.625731 ], [ -122.334931, 47.625747 ], [ -122.334788, 47.625775 ], [ -122.334656, 47.625815 ], [ -122.334539, 47.625861 ], [ -122.334388, 47.625722 ], [ -122.334352, 47.625652 ], [ -122.334336, 47.625544 ], [ -122.334338, 47.62512 ], [ -122.33434, 47.625041 ], [ -122.334336, 47.624614 ], [ -122.334336, 47.624539 ], [ -122.334336, 47.624391 ], [ -122.333713, 47.624265 ], [ -122.333008, 47.624267 ], [ -122.333001, 47.623114 ], [ -122.332995, 47.621972 ], [ -122.334327, 47.62197 ], [ -122.334327, 47.622026 ], [ -122.335849, 47.62203 ], [ -122.337153, 47.622035 ], [ -122.338415, 47.622039 ], [ -122.338457, 47.622039 ], [ -122.338448, 47.623207 ], [ -122.338437, 47.624551 ], [ -122.338423, 47.625227 ], [ -122.338444, 47.625395 ], [ -122.338472, 47.625514 ], [ -122.33852, 47.625624 ], [ -122.33859, 47.625731 ], [ -122.33847, 47.625746 ] ] ] } },
{ "type": "Feature", "properties": { "GEOID": "530330101023", "population": 1468, "pop_in_seattle": 1467.9999999999998, "area_in_seattle": 180103.85636899696 }, "geometry": { "type": "Polygon", "coordinates": [ [ [ -122.290986, 47.57247 ], [ -122.290972, 47.572482 ], [ -122.289912, 47.572473 ], [ -122.289404, 47.572469 ], [ -122.288834, 47.572464 ], [ -122.287757, 47.572455 ], [ -122.286898, 47.572448 ], [ -122.285946, 47.572441 ], [ -122.285135, 47.572434 ], [ -122.284905, 47.572433 ], [ -122.284849, 47.572432 ], [ -122.283804, 47.572424 ], [ -122.283136, 47.572419 ], [ -122.282872, 47.570679 ], [ -122.282871, 47.56976 ], [ -122.283409, 47.569763 ], [ -122.283946, 47.569766 ], [ -122.285024, 47.569771 ], [ -122.285548, 47.569774 ], [ -122.28611, 47.569783 ], [ -122.287209, 47.569773 ], [ -122.288286, 47.569762 ], [ -122.288909, 47.569764 ], [ -122.289955, 47.569766 ], [ -122.290701, 47.569769 ], [ -122.291025, 47.569936 ], [ -122.291, 47.57158 ], [ -122.290986, 47.57247 ] ] ] } },
{ "type": "Feature", "properties": { "GEOID": "530330036013", "population": 1175, "pop_in_seattle": 1175.0000000000005, "area_in_seattle": 107559.69104827286 }, "geometry": { "type": "Polygon", "coordinates": [ [ [ -122.331978, 47.677755 ], [ -122.331848, 47.677894 ], [ -122.331649, 47.678081 ], [ -122.331446, 47.678185 ], [ -122.331161, 47.678295 ], [ -122.330814, 47.678361 ], [ -122.330496, 47.678386 ], [ -122.329392, 47.678357 ], [ -122.328279, 47.678309 ], [ -122.327849, 47.678329 ], [ -122.327513, 47.678368 ], [ -122.327179, 47.678433 ], [ -122.326838, 47.678555 ], [ -122.326594, 47.678671 ], [ -122.32644, 47.678767 ], [ -122.326309, 47.678868 ], [ -122.326266, 47.678903 ], [ -122.326103, 47.678968 ], [ -122.325928, 47.679005 ], [ -122.325696, 47.679024 ], [ -122.325593, 47.679006 ], [ -122.32538, 47.678932 ], [ -122.32499, 47.678756 ], [ -122.323913, 47.677563 ], [ -122.322332, 47.67587 ], [ -122.322839, 47.675874 ], [ -122.32311, 47.675877 ], [ -122.323388, 47.67588 ], [ -122.324402, 47.675891 ], [ -122.325438, 47.675902 ], [ -122.325712, 47.675905 ], [ -122.327228, 47.677564 ], [ -122.32823, 47.677506 ], [ -122.328351, 47.677511 ], [ -122.329465, 47.677558 ], [ -122.330053, 47.677582 ], [ -122.330508, 47.677597 ], [ -122.330608, 47.677586 ], [ -122.330733, 47.677551 ], [ -122.330841, 47.677496 ], [ -122.330925, 47.677424 ], [ -122.330979, 47.67734 ], [ -122.331015, 47.677231 ], [ -122.332171, 47.677406 ], [ -122.332095, 47.677569 ], [ -122.331978, 47.677755 ] ] ] } },
{ "type": "Feature", "properties": { "GEOID": "530330044022", "population": 1232, "pop_in_seattle": 1231.9999999999998, "area_in_seattle": 128957.25559364658 }, "geometry": { "type": "Polygon", "coordinates": [ [ [ -122.317365, 47.670053 ], [ -122.317365, 47.670751 ], [ -122.317365, 47.671477 ], [ -122.317365, 47.672013 ], [ -122.316009, 47.671696 ], [ -122.315191, 47.671505 ], [ -122.314173, 47.671251 ], [ -122.313035, 47.670985 ], [ -122.312031, 47.67075 ], [ -122.311898, 47.670741 ], [ -122.311889, 47.669444 ], [ -122.311883, 47.668517 ], [ -122.311929, 47.668517 ], [ -122.31302, 47.668516 ], [ -122.314156, 47.668523 ], [ -122.315192, 47.668561 ], [ -122.316288, 47.668568 ], [ -122.317365, 47.668575 ], [ -122.317366, 47.669301 ], [ -122.317366, 47.669427 ], [ -122.317365, 47.670053 ] ] ] } },
{ "type": "Feature", "properties": { "GEOID": "530330036022", "population": 1396, "pop_in_seattle": 1396.0, "area_in_seattle": 134561.23851244379 }, "geometry": { "type": "Polygon", "coordinates": [ [ [ -122.329346, 47.683251 ], [ -122.3283, 47.683239 ], [ -122.328223, 47.68319 ], [ -122.327937, 47.683187 ], [ -122.327091, 47.68318 ], [ -122.326957, 47.683193 ], [ -122.326901, 47.683199 ], [ -122.326857, 47.683199 ], [ -122.325593, 47.683185 ], [ -122.324581, 47.683174 ], [ -122.323893, 47.683167 ], [ -122.322904, 47.683157 ], [ -122.322898, 47.682732 ], [ -122.322888, 47.682029 ], [ -122.322884, 47.681603 ], [ -122.322873, 47.680879 ], [ -122.322861, 47.680161 ], [ -122.323294, 47.680049 ], [ -122.324541, 47.679797 ], [ -122.32483, 47.679026 ], [ -122.32499, 47.678756 ], [ -122.32538, 47.678932 ], [ -122.325593, 47.679006 ], [ -122.325696, 47.679024 ], [ -122.325928, 47.679005 ], [ -122.326103, 47.678968 ], [ -122.326266, 47.678903 ], [ -122.325945, 47.679224 ], [ -122.325771, 47.679594 ], [ -122.325713, 47.679718 ], [ -122.325714, 47.679815 ], [ -122.325748, 47.680101 ], [ -122.325827, 47.680291 ], [ -122.32594, 47.680475 ], [ -122.326132, 47.680709 ], [ -122.326441, 47.681003 ], [ -122.326678, 47.681139 ], [ -122.32749, 47.681656 ], [ -122.328259, 47.682148 ], [ -122.328572, 47.682321 ], [ -122.328774, 47.68241 ], [ -122.329059, 47.682512 ], [ -122.329358, 47.682594 ], [ -122.329586, 47.68264 ], [ -122.329437, 47.683017 ], [ -122.329346, 47.683251 ] ] ] } },
{ "type": "Feature", "properties": { "GEOID": "530330106013", "population": 1393, "pop_in_seattle": 1393.0, "area_in_seattle": 435531.00842070661 }, "geometry": { "type": "Polygon", "coordinates": [ [ [ -122.387245, 47.542278 ], [ -122.387223, 47.543017 ], [ -122.387223, 47.543072 ], [ -122.387217, 47.54487 ], [ -122.386657, 47.544965 ], [ -122.386537, 47.544867 ], [ -122.386486, 47.544849 ], [ -122.386411, 47.544838 ], [ -122.38584, 47.544833 ], [ -122.385755, 47.54484 ], [ -122.385648, 47.544854 ], [ -122.384455, 47.544835 ], [ -122.383157, 47.544818 ], [ -122.381877, 47.544801 ], [ -122.381261, 47.544784 ], [ -122.380508, 47.544765 ], [ -122.379141, 47.544729 ], [ -122.377793, 47.544705 ], [ -122.376447, 47.544681 ], [ -122.37649, 47.54286 ], [ -122.376533, 47.541038 ], [ -122.376577, 47.539218 ], [ -122.37836, 47.539244 ], [ -122.378355, 47.539537 ], [ -122.378368, 47.539578 ], [ -122.378403, 47.539611 ], [ -122.378449, 47.53964 ], [ -122.378514, 47.53966 ], [ -122.379255, 47.539669 ], [ -122.380391, 47.539686 ], [ -122.38192, 47.539708 ], [ -122.381912, 47.540173 ], [ -122.382395, 47.539996 ], [ -122.382565, 47.539967 ], [ -122.382779, 47.539989 ], [ -122.383211, 47.540128 ], [ -122.383295, 47.540155 ], [ -122.384487, 47.540338 ], [ -122.385226, 47.540452 ], [ -122.38615, 47.540514 ], [ -122.386308, 47.540553 ], [ -122.386466, 47.540634 ], [ -122.386601, 47.540694 ], [ -122.386722, 47.54072 ], [ -122.387262, 47.540729 ], [ -122.387254, 47.541483 ], [ -122.387245, 47.542278 ] ] ] } },
{ "type": "Feature", "properties": { "GEOID": "530330036012", "population": 1398, "pop_in_seattle": 1398.0000000000002, "area_in_seattle": 320484.44898257207 }, "geometry": { "type": "Polygon", "coordinates": [ [ [ -122.333552, 47.673146 ], [ -122.333548, 47.673688 ], [ -122.333545, 47.674213 ], [ -122.333541, 47.674456 ], [ -122.333534, 47.675263 ], [ -122.333441, 47.675316 ], [ -122.333067, 47.675616 ], [ -122.332686, 47.675982 ], [ -122.332568, 47.676177 ], [ -122.332171, 47.677406 ], [ -122.331015, 47.677231 ], [ -122.330979, 47.67734 ], [ -122.330925, 47.677424 ], [ -122.330841, 47.677496 ], [ -122.330733, 47.677551 ], [ -122.330608, 47.677586 ], [ -122.330508, 47.677597 ], [ -122.330053, 47.677582 ], [ -122.329465, 47.677558 ], [ -122.328351, 47.677511 ], [ -122.32823, 47.677506 ], [ -122.327228, 47.677564 ], [ -122.325712, 47.675905 ], [ -122.325438, 47.675902 ], [ -122.32545, 47.675135 ], [ -122.325462, 47.674368 ], [ -122.325474, 47.6736 ], [ -122.325486, 47.672832 ], [ -122.325495, 47.67226 ], [ -122.328214, 47.67228 ], [ -122.330904, 47.672299 ], [ -122.332434, 47.672309 ], [ -122.333559, 47.672317 ], [ -122.333554, 47.672921 ], [ -122.333552, 47.673146 ] ] ] } },
{ "type": "Feature", "properties": { "GEOID": "530330098021", "population": 1105, "pop_in_seattle": 1105.0000000000005, "area_in_seattle": 325045.67077002698 }, "geometry": { "type": "Polygon", "coordinates": [ [ [ -122.382529, 47.571225 ], [ -122.381415, 47.571216 ], [ -122.380889, 47.571211 ], [ -122.380337, 47.571207 ], [ -122.379259, 47.571199 ], [ -122.378181, 47.57119 ], [ -122.377104, 47.571182 ], [ -122.376086, 47.571173 ], [ -122.376122, 47.570225 ], [ -122.376152, 47.568355 ], [ -122.376158, 47.567999 ], [ -122.376188, 47.566485 ], [ -122.376198, 47.565545 ], [ -122.37619, 47.565037 ], [ -122.376191, 47.564535 ], [ -122.376191, 47.564075 ], [ -122.377451, 47.564075 ], [ -122.377706, 47.564076 ], [ -122.378773, 47.563262 ], [ -122.378771, 47.564679 ], [ -122.378769, 47.566487 ], [ -122.38009, 47.566487 ], [ -122.380765, 47.566487 ], [ -122.381015, 47.566487 ], [ -122.381451, 47.566488 ], [ -122.382812, 47.566488 ], [ -122.38281, 47.568369 ], [ -122.382808, 47.569274 ], [ -122.382807, 47.570179 ], [ -122.383582, 47.57018 ], [ -122.383582, 47.571233 ], [ -122.382529, 47.571225 ] ] ] } },
{ "type": "Feature", "properties": { "GEOID": "530330105021", "population": 1247, "pop_in_seattle": 1247.0, "area_in_seattle": 305768.71165630117 }, "geometry": { "type": "Polygon", "coordinates": [ [ [ -122.394869, 47.561171 ], [ -122.393518, 47.56116 ], [ -122.392161, 47.561148 ], [ -122.392145, 47.562958 ], [ -122.390836, 47.562949 ], [ -122.389483, 47.562947 ], [ -122.388131, 47.562945 ], [ -122.387396, 47.562945 ], [ -122.386891, 47.562943 ], [ -122.386777, 47.562906 ], [ -122.386768, 47.561195 ], [ -122.386784, 47.561111 ], [ -122.386832, 47.559323 ], [ -122.387543, 47.558836 ], [ -122.388762, 47.557999 ], [ -122.388993, 47.557892 ], [ -122.389609, 47.557673 ], [ -122.389714, 47.557588 ], [ -122.389793, 47.557512 ], [ -122.389893, 47.557416 ], [ -122.389961, 47.557318 ], [ -122.390001, 47.557233 ], [ -122.390028, 47.557121 ], [ -122.390111, 47.557128 ], [ -122.390155, 47.557146 ], [ -122.390164, 47.55736 ], [ -122.390184, 47.5574 ], [ -122.390231, 47.557438 ], [ -122.39041, 47.557498 ], [ -122.390555, 47.55753 ], [ -122.390968, 47.557535 ], [ -122.39114, 47.557537 ], [ -122.392262, 47.557546 ], [ -122.393605, 47.557558 ], [ -122.394948, 47.557564 ], [ -122.394914, 47.559362 ], [ -122.394869, 47.561171 ] ] ] } },
{ "type": "Feature", "properties": { "GEOID": "530330106011", "population": 1308, "pop_in_seattle": 1307.9999999999998, "area_in_seattle": 325837.02954295737 }, "geometry": { "type": "Polygon", "coordinates": [ [ [ -122.38704, 47.552109 ], [ -122.386936, 47.552107 ], [ -122.385579, 47.552089 ], [ -122.384279, 47.552072 ], [ -122.38298, 47.552055 ], [ -122.381653, 47.552034 ], [ -122.381077, 47.552026 ], [ -122.380878, 47.552023 ], [ -122.380721, 47.552021 ], [ -122.380334, 47.552016 ], [ -122.379646, 47.552006 ], [ -122.378996, 47.551997 ], [ -122.37765, 47.551978 ], [ -122.376309, 47.551959 ], [ -122.37634, 47.55014 ], [ -122.376371, 47.548321 ], [ -122.377718, 47.548344 ], [ -122.379065, 47.548371 ], [ -122.380421, 47.548395 ], [ -122.38107, 47.548407 ], [ -122.381262, 47.54841 ], [ -122.381787, 47.54842 ], [ -122.383085, 47.548437 ], [ -122.384384, 47.548454 ], [ -122.385684, 47.548471 ], [ -122.387146, 47.54849 ], [ -122.387093, 47.550299 ], [ -122.38704, 47.552109 ] ] ] } },
{ "type": "Feature", "properties": { "GEOID": "530330105024", "population": 1549, "pop_in_seattle": 1549.0000000000005, "area_in_seattle": 100840.98614981874 }, "geometry": { "type": "Polygon", "coordinates": [ [ [ -122.386768, 47.561195 ], [ -122.386777, 47.562906 ], [ -122.386645, 47.562872 ], [ -122.386118, 47.56287 ], [ -122.385457, 47.562873 ], [ -122.384137, 47.562872 ], [ -122.384138, 47.56119 ], [ -122.384112, 47.561076 ], [ -122.384093, 47.560965 ], [ -122.384116, 47.559312 ], [ -122.384157, 47.557557 ], [ -122.384129, 47.557475 ], [ -122.384365, 47.557478 ], [ -122.384536, 47.557479 ], [ -122.384686, 47.557481 ], [ -122.385421, 47.557486 ], [ -122.385566, 47.557487 ], [ -122.385562, 47.557582 ], [ -122.385511, 47.559317 ], [ -122.386832, 47.559323 ], [ -122.386784, 47.561111 ], [ -122.386768, 47.561195 ] ] ] } },
{ "type": "Feature", "properties": { "GEOID": "530330118013", "population": 1330, "pop_in_seattle": 1329.9999999999995, "area_in_seattle": 451156.84376505978 }, "geometry": { "type": "Polygon", "coordinates": [ [ [ -122.275846, 47.526117 ], [ -122.27479, 47.526118 ], [ -122.274668, 47.526118 ], [ -122.274668, 47.527586 ], [ -122.274474, 47.527903 ], [ -122.273676, 47.527904 ], [ -122.273417, 47.527905 ], [ -122.272812, 47.527906 ], [ -122.272678, 47.527906 ], [ -122.271758, 47.527907 ], [ -122.271402, 47.527908 ], [ -122.270216, 47.52791 ], [ -122.270088, 47.527912 ], [ -122.269988, 47.527914 ], [ -122.269989, 47.529128 ], [ -122.269464, 47.529135 ], [ -122.26756, 47.527706 ], [ -122.266478, 47.526893 ], [ -122.266477, 47.526309 ], [ -122.266476, 47.525817 ], [ -122.264761, 47.524531 ], [ -122.264636, 47.524466 ], [ -122.264557, 47.523291 ], [ -122.266334, 47.523296 ], [ -122.267316, 47.523299 ], [ -122.269278, 47.523304 ], [ -122.269988, 47.523305 ], [ -122.269992, 47.522322 ], [ -122.270057, 47.522323 ], [ -122.271408, 47.522332 ], [ -122.272804, 47.522332 ], [ -122.272864, 47.522348 ], [ -122.272939, 47.522359 ], [ -122.27431, 47.522349 ], [ -122.274331, 47.522061 ], [ -122.274327, 47.521504 ], [ -122.276045, 47.522811 ], [ -122.276254, 47.523036 ], [ -122.276405, 47.52331 ], [ -122.276557, 47.523972 ], [ -122.276579, 47.524252 ], [ -122.276653, 47.524782 ], [ -122.276709, 47.525189 ], [ -122.276943, 47.526117 ], [ -122.275846, 47.526117 ] ] ] } },
{ "type": "Feature", "properties": { "GEOID": "530330067022", "population": 1064, "pop_in_seattle": 1064.0000000000002, "area_in_seattle": 63864.704993302017 }, "geometry": { "type": "Polygon", "coordinates": [ [ [ -122.34354, 47.626266 ], [ -122.343488, 47.627021 ], [ -122.343485, 47.627142 ], [ -122.342453, 47.627137 ], [ -122.342328, 47.627137 ], [ -122.342206, 47.627136 ], [ -122.341022, 47.627132 ], [ -122.339884, 47.627127 ], [ -122.339624, 47.627169 ], [ -122.339207, 47.626589 ], [ -122.33859, 47.625731 ], [ -122.338737, 47.625708 ], [ -122.33888, 47.625668 ], [ -122.339737, 47.625391 ], [ -122.339875, 47.625424 ], [ -122.340939, 47.625422 ], [ -122.34102, 47.625412 ], [ -122.341145, 47.625395 ], [ -122.342343, 47.625402 ], [ -122.343587, 47.625406 ], [ -122.343562, 47.62594 ], [ -122.34354, 47.626266 ] ] ] } },
{ "type": "Feature", "properties": { "GEOID": "530330002013", "population": 1429, "pop_in_seattle": 1429.0000000000007, "area_in_seattle": 395671.65754258429 }, "geometry": { "type": "Polygon", "coordinates": [ [ [ -122.320834, 47.721438 ], [ -122.320845, 47.722353 ], [ -122.319171, 47.72234 ], [ -122.318947, 47.722339 ], [ -122.318123, 47.722337 ], [ -122.318119, 47.722685 ], [ -122.318117, 47.722828 ], [ -122.318116, 47.723008 ], [ -122.318115, 47.723067 ], [ -122.318113, 47.723576 ], [ -122.318105, 47.724886 ], [ -122.317963, 47.726591 ], [ -122.317919, 47.726692 ], [ -122.317803, 47.726817 ], [ -122.317673, 47.72691 ], [ -122.317352, 47.727038 ], [ -122.317013, 47.727136 ], [ -122.316889, 47.72715 ], [ -122.316777, 47.727133 ], [ -122.316736, 47.727004 ], [ -122.316796, 47.726681 ], [ -122.316303, 47.726651 ], [ -122.315458, 47.726642 ], [ -122.314144, 47.72664 ], [ -122.314042, 47.726692 ], [ -122.313956, 47.726724 ], [ -122.313861, 47.726742 ], [ -122.3137, 47.726744 ], [ -122.313493, 47.726738 ], [ -122.313141, 47.726712 ], [ -122.312652, 47.726619 ], [ -122.312657, 47.725306 ], [ -122.31266, 47.72444 ], [ -122.312662, 47.723995 ], [ -122.312664, 47.723029 ], [ -122.312672, 47.721221 ], [ -122.31268, 47.719436 ], [ -122.314044, 47.719438 ], [ -122.314796, 47.719427 ], [ -122.315408, 47.71943 ], [ -122.316175, 47.719435 ], [ -122.317002, 47.71944 ], [ -122.317361, 47.719501 ], [ -122.317681, 47.719582 ], [ -122.318135, 47.719448 ], [ -122.320864, 47.719466 ], [ -122.320857, 47.720538 ], [ -122.320834, 47.721438 ] ] ] } },
{ "type": "Feature", "properties": { "GEOID": "530330002012", "population": 1698, "pop_in_seattle": 1697.9999999999998, "area_in_seattle": 488020.29097055289 }, "geometry": { "type": "Polygon", "coordinates": [ [ [ -122.310048, 47.733919 ], [ -122.310027, 47.732096 ], [ -122.310007, 47.730272 ], [ -122.309986, 47.728438 ], [ -122.309976, 47.72753 ], [ -122.309965, 47.726594 ], [ -122.309077, 47.72659 ], [ -122.307278, 47.726586 ], [ -122.307277, 47.724792 ], [ -122.307276, 47.722981 ], [ -122.307327, 47.722422 ], [ -122.307275, 47.721842 ], [ -122.307275, 47.721241 ], [ -122.307274, 47.7212 ], [ -122.307273, 47.719363 ], [ -122.309105, 47.71938 ], [ -122.309976, 47.719388 ], [ -122.310892, 47.719396 ], [ -122.311328, 47.7194 ], [ -122.311974, 47.719423 ], [ -122.31268, 47.719436 ], [ -122.312672, 47.721221 ], [ -122.312664, 47.723029 ], [ -122.312662, 47.723995 ], [ -122.31266, 47.72444 ], [ -122.312657, 47.725306 ], [ -122.312652, 47.726619 ], [ -122.312676, 47.728457 ], [ -122.312679, 47.728712 ], [ -122.312701, 47.730298 ], [ -122.312725, 47.732124 ], [ -122.31275, 47.73395 ], [ -122.310048, 47.733919 ] ] ] } },
{ "type": "Feature", "properties": { "GEOID": "530330002021", "population": 1289, "pop_in_seattle": 1288.9999999999998, "area_in_seattle": 494685.67643022048 }, "geometry": { "type": "Polygon", "coordinates": [ [ [ -122.301946, 47.73017 ], [ -122.30194, 47.730418 ], [ -122.301935, 47.731464 ], [ -122.301943, 47.73201 ], [ -122.301966, 47.733679 ], [ -122.301967, 47.73373 ], [ -122.301955, 47.733828 ], [ -122.300586, 47.733817 ], [ -122.29923, 47.733806 ], [ -122.297877, 47.733795 ], [ -122.29652, 47.733784 ], [ -122.296534, 47.732712 ], [ -122.296544, 47.731975 ], [ -122.29655, 47.730756 ], [ -122.296527, 47.730149 ], [ -122.296493, 47.729846 ], [ -122.296427, 47.727906 ], [ -122.296406, 47.726509 ], [ -122.296383, 47.724702 ], [ -122.29636, 47.722898 ], [ -122.299122, 47.722919 ], [ -122.300504, 47.722929 ], [ -122.300926, 47.722932 ], [ -122.301884, 47.72294 ], [ -122.301893, 47.724748 ], [ -122.301897, 47.72546 ], [ -122.301902, 47.726557 ], [ -122.301489, 47.726553 ], [ -122.301534, 47.72714 ], [ -122.301565, 47.727204 ], [ -122.301748, 47.727588 ], [ -122.30179, 47.728373 ], [ -122.30182, 47.728661 ], [ -122.301915, 47.728937 ], [ -122.302562, 47.72998 ], [ -122.302099, 47.730147 ], [ -122.301946, 47.73017 ] ] ] } },
{ "type": "Feature", "properties": { "GEOID": "530330067013", "population": 1634, "pop_in_seattle": 1634.0, "area_in_seattle": 245395.74445991626 }, "geometry": { "type": "Polygon", "coordinates": [ [ [ -122.343788, 47.637489 ], [ -122.343359, 47.637618 ], [ -122.343303, 47.637632 ], [ -122.342439, 47.637851 ], [ -122.341929, 47.637996 ], [ -122.341201, 47.638006 ], [ -122.340796, 47.638012 ], [ -122.340461, 47.638062 ], [ -122.339568, 47.638025 ], [ -122.339438, 47.63802 ], [ -122.338438, 47.63802 ], [ -122.338386, 47.636725 ], [ -122.33821, 47.632287 ], [ -122.33925, 47.632299 ], [ -122.340923, 47.632351 ], [ -122.341172, 47.632266 ], [ -122.341853, 47.63228 ], [ -122.341878, 47.632281 ], [ -122.34228, 47.632297 ], [ -122.342992, 47.63231 ], [ -122.343414, 47.632309 ], [ -122.343403, 47.633416 ], [ -122.34338, 47.635446 ], [ -122.34339, 47.635655 ], [ -122.343409, 47.635783 ], [ -122.343461, 47.636016 ], [ -122.343527, 47.636187 ], [ -122.343631, 47.636397 ], [ -122.343772, 47.636627 ], [ -122.343884, 47.636792 ], [ -122.344311, 47.637425 ], [ -122.344016, 47.637461 ], [ -122.343788, 47.637489 ] ] ] } },
{ "type": "Feature", "properties": { "GEOID": "530330061004", "population": 891, "pop_in_seattle": 891.0, "area_in_seattle": 293618.59039545065 }, "geometry": { "type": "Polygon", "coordinates": [ [ [ -122.327661, 47.649237 ], [ -122.32697, 47.649902 ], [ -122.326537, 47.65032 ], [ -122.323207, 47.652411 ], [ -122.322628, 47.652772 ], [ -122.322543, 47.652825 ], [ -122.322476, 47.652866 ], [ -122.322376, 47.652929 ], [ -122.322391, 47.652425 ], [ -122.322417, 47.651974 ], [ -122.322488, 47.65001 ], [ -122.322584, 47.648724 ], [ -122.322598, 47.648011 ], [ -122.322602, 47.647947 ], [ -122.322658, 47.64692 ], [ -122.322689, 47.646352 ], [ -122.322711, 47.645616 ], [ -122.322891, 47.645616 ], [ -122.323037, 47.645622 ], [ -122.3232, 47.645621 ], [ -122.323365, 47.645619 ], [ -122.324526, 47.645621 ], [ -122.325881, 47.645622 ], [ -122.326507, 47.645623 ], [ -122.327072, 47.645622 ], [ -122.327132, 47.645622 ], [ -122.32719, 47.645623 ], [ -122.327186, 47.645633 ], [ -122.327283, 47.645653 ], [ -122.327524, 47.645625 ], [ -122.331389, 47.645645 ], [ -122.329765, 47.647209 ], [ -122.327661, 47.649237 ] ] ] } },
{ "type": "Feature", "properties": { "GEOID": "530330006021", "population": 1255, "pop_in_seattle": 1255.0000000000002, "area_in_seattle": 830019.39583395259 }, "geometry": { "type": "Polygon", "coordinates": [ [ [ -122.343687, 47.728672 ], [ -122.342335, 47.728671 ], [ -122.340901, 47.728671 ], [ -122.33963, 47.728671 ], [ -122.338279, 47.728671 ], [ -122.336926, 47.72867 ], [ -122.335575, 47.72867 ], [ -122.334217, 47.72867 ], [ -122.331537, 47.727377 ], [ -122.330356, 47.726816 ], [ -122.32888, 47.726114 ], [ -122.328889, 47.725409 ], [ -122.328895, 47.724983 ], [ -122.32892, 47.723164 ], [ -122.328935, 47.721995 ], [ -122.331002, 47.721986 ], [ -122.331105, 47.721987 ], [ -122.331566, 47.721991 ], [ -122.332219, 47.721996 ], [ -122.333078, 47.722003 ], [ -122.334181, 47.722012 ], [ -122.334814, 47.722012 ], [ -122.335198, 47.722012 ], [ -122.335567, 47.722012 ], [ -122.337345, 47.722013 ], [ -122.338016, 47.722022 ], [ -122.339576, 47.722042 ], [ -122.342231, 47.722169 ], [ -122.344968, 47.7223 ], [ -122.344978, 47.723237 ], [ -122.345012, 47.726328 ], [ -122.345013, 47.726416 ], [ -122.345018, 47.726858 ], [ -122.345019, 47.726914 ], [ -122.345038, 47.728676 ], [ -122.343687, 47.728672 ] ] ] } },
{ "type": "Feature", "properties": { "GEOID": "530330002023", "population": 1368, "pop_in_seattle": 1368.0000000000002, "area_in_seattle": 491683.82681398786 }, "geometry": { "type": "Polygon", "coordinates": [ [ [ -122.308696, 47.733904 ], [ -122.308399, 47.7339 ], [ -122.308045, 47.733896 ], [ -122.307326, 47.733889 ], [ -122.306171, 47.733876 ], [ -122.305994, 47.733874 ], [ -122.304844, 47.73386 ], [ -122.304574, 47.733856 ], [ -122.303599, 47.733846 ], [ -122.301955, 47.733828 ], [ -122.301967, 47.73373 ], [ -122.301966, 47.733679 ], [ -122.301943, 47.73201 ], [ -122.301935, 47.731464 ], [ -122.30194, 47.730418 ], [ -122.301946, 47.73017 ], [ -122.302099, 47.730147 ], [ -122.302562, 47.72998 ], [ -122.301915, 47.728937 ], [ -122.30182, 47.728661 ], [ -122.30179, 47.728373 ], [ -122.301748, 47.727588 ], [ -122.301565, 47.727204 ], [ -122.301534, 47.72714 ], [ -122.301489, 47.726553 ], [ -122.301902, 47.726557 ], [ -122.303267, 47.726566 ], [ -122.30396, 47.726574 ], [ -122.304589, 47.726579 ], [ -122.304987, 47.726582 ], [ -122.305934, 47.72659 ], [ -122.307237, 47.726586 ], [ -122.307278, 47.726586 ], [ -122.309077, 47.72659 ], [ -122.309965, 47.726594 ], [ -122.309976, 47.72753 ], [ -122.309986, 47.728438 ], [ -122.310007, 47.730272 ], [ -122.310027, 47.732096 ], [ -122.310048, 47.733919 ], [ -122.308696, 47.733904 ] ] ] } },
{ "type": "Feature", "properties": { "GEOID": "530330042022", "population": 1428, "pop_in_seattle": 1427.9999999999998, "area_in_seattle": 337574.63600063446 }, "geometry": { "type": "Polygon", "coordinates": [ [ [ -122.289658, 47.675782 ], [ -122.289164, 47.675782 ], [ -122.288938, 47.675782 ], [ -122.288418, 47.675783 ], [ -122.288052, 47.675783 ], [ -122.287646, 47.675783 ], [ -122.287338, 47.675783 ], [ -122.287036, 47.675783 ], [ -122.286939, 47.675783 ], [ -122.285965, 47.675783 ], [ -122.285831, 47.675783 ], [ -122.285829, 47.67572 ], [ -122.285807, 47.673968 ], [ -122.285786, 47.672146 ], [ -122.285766, 47.670317 ], [ -122.285746, 47.668508 ], [ -122.285737, 47.66834 ], [ -122.285722, 47.666848 ], [ -122.285648, 47.666698 ], [ -122.286264, 47.666696 ], [ -122.286843, 47.666694 ], [ -122.287313, 47.666693 ], [ -122.287367, 47.666693 ], [ -122.287955, 47.666691 ], [ -122.288474, 47.666697 ], [ -122.288516, 47.666696 ], [ -122.289067, 47.666687 ], [ -122.28962, 47.666685 ], [ -122.290179, 47.666682 ], [ -122.290194, 47.66851 ], [ -122.290214, 47.670319 ], [ -122.290235, 47.672146 ], [ -122.290256, 47.673983 ], [ -122.290275, 47.675782 ], [ -122.289658, 47.675782 ] ] ] } },
{ "type": "Feature", "properties": { "GEOID": "530330054011", "population": 1253, "pop_in_seattle": 1252.9999999999995, "area_in_seattle": 101483.42245724153 }, "geometry": { "type": "Polygon", "coordinates": [ [ [ -122.346869, 47.652618 ], [ -122.34662, 47.652618 ], [ -122.346459, 47.652618 ], [ -122.346289, 47.65264 ], [ -122.346124, 47.652683 ], [ -122.345965, 47.652743 ], [ -122.345349, 47.652721 ], [ -122.344723, 47.652718 ], [ -122.344001, 47.652706 ], [ -122.342577, 47.652705 ], [ -122.341976, 47.652701 ], [ -122.341349, 47.652696 ], [ -122.341375, 47.650521 ], [ -122.341985, 47.650526 ], [ -122.34268, 47.650532 ], [ -122.343482, 47.650539 ], [ -122.344024, 47.650543 ], [ -122.344748, 47.650565 ], [ -122.345417, 47.650666 ], [ -122.345993, 47.650753 ], [ -122.346646, 47.650853 ], [ -122.347248, 47.650942 ], [ -122.347249, 47.651306 ], [ -122.347242, 47.651806 ], [ -122.347255, 47.652377 ], [ -122.347254, 47.652618 ], [ -122.346869, 47.652618 ] ] ] } },
{ "type": "Feature", "properties": { "GEOID": "530330033011", "population": 1305, "pop_in_seattle": 1304.9999999999998, "area_in_seattle": 225389.8088072176 }, "geometry": { "type": "Polygon", "coordinates": [ [ [ -122.381059, 47.679079 ], [ -122.38106, 47.679518 ], [ -122.379989, 47.67952 ], [ -122.378917, 47.679522 ], [ -122.377845, 47.679523 ], [ -122.376771, 47.679527 ], [ -122.376765, 47.6778 ], [ -122.376765, 47.677709 ], [ -122.376767, 47.676553 ], [ -122.376749, 47.676443 ], [ -122.376815, 47.676327 ], [ -122.376843, 47.676214 ], [ -122.376839, 47.675997 ], [ -122.376513, 47.675996 ], [ -122.376277, 47.675993 ], [ -122.376117, 47.675992 ], [ -122.37612, 47.675683 ], [ -122.376168, 47.675563 ], [ -122.376221, 47.675489 ], [ -122.376212, 47.675278 ], [ -122.376212, 47.674546 ], [ -122.377582, 47.674547 ], [ -122.378883, 47.674549 ], [ -122.382124, 47.674554 ], [ -122.382125, 47.675283 ], [ -122.382125, 47.675639 ], [ -122.382126, 47.675687 ], [ -122.382127, 47.675726 ], [ -122.382129, 47.675984 ], [ -122.382136, 47.677707 ], [ -122.382142, 47.679077 ], [ -122.381059, 47.679079 ] ] ] } },
{ "type": "Feature", "properties": { "GEOID": "530330032021", "population": 1652, "pop_in_seattle": 1651.9999999999995, "area_in_seattle": 305479.52946034353 }, "geometry": { "type": "Polygon", "coordinates": [ [ [ -122.392977, 47.679502 ], [ -122.392977, 47.679456 ], [ -122.391899, 47.679462 ], [ -122.390827, 47.67947 ], [ -122.389756, 47.679478 ], [ -122.388684, 47.679487 ], [ -122.387649, 47.679503 ], [ -122.387544, 47.679504 ], [ -122.387536, 47.677697 ], [ -122.387537, 47.676002 ], [ -122.387547, 47.675935 ], [ -122.387564, 47.675646 ], [ -122.387586, 47.675287 ], [ -122.387587, 47.674558 ], [ -122.390114, 47.674571 ], [ -122.390112, 47.674508 ], [ -122.392987, 47.674484 ], [ -122.392991, 47.675204 ], [ -122.392974, 47.675552 ], [ -122.392958, 47.675904 ], [ -122.395685, 47.675883 ], [ -122.395681, 47.676597 ], [ -122.395685, 47.67731 ], [ -122.395689, 47.678023 ], [ -122.395692, 47.678735 ], [ -122.395696, 47.679484 ], [ -122.392977, 47.679502 ] ] ] } },
{ "type": "Feature", "properties": { "GEOID": "530330098013", "population": 1452, "pop_in_seattle": 1451.9999999999998, "area_in_seattle": 276603.02338464226 }, "geometry": { "type": "Polygon", "coordinates": [ [ [ -122.389411, 47.575651 ], [ -122.388035, 47.575637 ], [ -122.386762, 47.575625 ], [ -122.385669, 47.575619 ], [ -122.384616, 47.575613 ], [ -122.383566, 47.575607 ], [ -122.383493, 47.575607 ], [ -122.382513, 47.575601 ], [ -122.382176, 47.575599 ], [ -122.38137, 47.575595 ], [ -122.381392, 47.573393 ], [ -122.381395, 47.573149 ], [ -122.381395, 47.573072 ], [ -122.381415, 47.571216 ], [ -122.382529, 47.571225 ], [ -122.383582, 47.571233 ], [ -122.384621, 47.571241 ], [ -122.385674, 47.571249 ], [ -122.386768, 47.571258 ], [ -122.386768, 47.572039 ], [ -122.386925, 47.572021 ], [ -122.388104, 47.572027 ], [ -122.389441, 47.57204 ], [ -122.38942, 47.573846 ], [ -122.389411, 47.575651 ] ] ] } },
{ "type": "Feature", "properties": { "GEOID": "530330033013", "population": 1438, "pop_in_seattle": 1438.0000000000002, "area_in_seattle": 235694.23682153982 }, "geometry": { "type": "Polygon", "coordinates": [ [ [ -122.387564, 47.675646 ], [ -122.387547, 47.675935 ], [ -122.387537, 47.676002 ], [ -122.387536, 47.677697 ], [ -122.387544, 47.679504 ], [ -122.386442, 47.679507 ], [ -122.38537, 47.679509 ], [ -122.384298, 47.679511 ], [ -122.383226, 47.679513 ], [ -122.383228, 47.679951 ], [ -122.382145, 47.679954 ], [ -122.381062, 47.679956 ], [ -122.38106, 47.679518 ], [ -122.381059, 47.679079 ], [ -122.382142, 47.679077 ], [ -122.382136, 47.677707 ], [ -122.382129, 47.675984 ], [ -122.382127, 47.675726 ], [ -122.382126, 47.675687 ], [ -122.382125, 47.675639 ], [ -122.382125, 47.675283 ], [ -122.382124, 47.674554 ], [ -122.384742, 47.674557 ], [ -122.387587, 47.674558 ], [ -122.387586, 47.675287 ], [ -122.387564, 47.675646 ] ] ] } },
{ "type": "Feature", "properties": { "GEOID": "530330047011", "population": 1336, "pop_in_seattle": 1336.0, "area_in_seattle": 98366.884813375058 }, "geometry": { "type": "Polygon", "coordinates": [ [ [ -122.387588, 47.672372 ], [ -122.384744, 47.672369 ], [ -122.382124, 47.672366 ], [ -122.382124, 47.671635 ], [ -122.382124, 47.670907 ], [ -122.382126, 47.670178 ], [ -122.382125, 47.669449 ], [ -122.382216, 47.669448 ], [ -122.384744, 47.669452 ], [ -122.384744, 47.670181 ], [ -122.384744, 47.670911 ], [ -122.387511, 47.670914 ], [ -122.387589, 47.670915 ], [ -122.387589, 47.671644 ], [ -122.387588, 47.672372 ] ] ] } },
{ "type": "Feature", "properties": { "GEOID": "530330047023", "population": 1353, "pop_in_seattle": 1353.0000000000002, "area_in_seattle": 60393.329007693865 }, "geometry": { "type": "Polygon", "coordinates": [ [ [ -122.382126, 47.670178 ], [ -122.382124, 47.670907 ], [ -122.378884, 47.670902 ], [ -122.378884, 47.670173 ], [ -122.378885, 47.669444 ], [ -122.378886, 47.668669 ], [ -122.380354, 47.668671 ], [ -122.381732, 47.668674 ], [ -122.382131, 47.668674 ], [ -122.382125, 47.669449 ], [ -122.382126, 47.670178 ] ] ] } },
{ "type": "Feature", "properties": { "GEOID": "530330053032", "population": 3709, "pop_in_seattle": 3709.0, "area_in_seattle": 2598335.266923463 }, "geometry": { "type": "Polygon", "coordinates": [ [ [ -122.31221, 47.653238 ], [ -122.312166, 47.65336 ], [ -122.312087, 47.655336 ], [ -122.312078, 47.655973 ], [ -122.31207, 47.656205 ], [ -122.312055, 47.656817 ], [ -122.31202, 47.658299 ], [ -122.311985, 47.659779 ], [ -122.31195, 47.660557 ], [ -122.311983, 47.661262 ], [ -122.311441, 47.661261 ], [ -122.310859, 47.661259 ], [ -122.309724, 47.661258 ], [ -122.309514, 47.661257 ], [ -122.308383, 47.661257 ], [ -122.307247, 47.661256 ], [ -122.30653, 47.661255 ], [ -122.305475, 47.661254 ], [ -122.304813, 47.661208 ], [ -122.304627, 47.661195 ], [ -122.302508, 47.661251 ], [ -122.302167, 47.66125 ], [ -122.302034, 47.66125 ], [ -122.301911, 47.661247 ], [ -122.301213, 47.661247 ], [ -122.300912, 47.661247 ], [ -122.300614, 47.661247 ], [ -122.299283, 47.661239 ], [ -122.298976, 47.661261 ], [ -122.297767, 47.661272 ], [ -122.297436, 47.661273 ], [ -122.297194, 47.661251 ], [ -122.296979, 47.661254 ], [ -122.296829, 47.661249 ], [ -122.296667, 47.661207 ], [ -122.296306, 47.661207 ], [ -122.29593, 47.661207 ], [ -122.292849, 47.661222 ], [ -122.292123, 47.660339 ], [ -122.292102, 47.660313 ], [ -122.291346, 47.659397 ], [ -122.291187, 47.659256 ], [ -122.290761, 47.65874 ], [ -122.290623, 47.6586 ], [ -122.290569, 47.658561 ], [ -122.29053, 47.658531 ], [ -122.290415, 47.658493 ], [ -122.290265, 47.658473 ], [ -122.289287, 47.658466 ], [ -122.288275, 47.658464 ], [ -122.287242, 47.658467 ], [ -122.28671, 47.658468 ], [ -122.286709, 47.658384 ], [ -122.286711, 47.65783 ], [ -122.286686, 47.657568 ], [ -122.286659, 47.657405 ], [ -122.286616, 47.657246 ], [ -122.286561, 47.657088 ], [ -122.286456, 47.656887 ], [ -122.286519, 47.656053 ], [ -122.286584, 47.655201 ], [ -122.2866, 47.654983 ], [ -122.286636, 47.65452 ], [ -122.286736, 47.64752 ], [ -122.290427, 47.647478 ], [ -122.300269, 47.647366 ], [ -122.300813, 47.647363 ], [ -122.304566, 47.647379 ], [ -122.304698, 47.647415 ], [ -122.304709, 47.647707 ], [ -122.304696, 47.647832 ], [ -122.304644, 47.649039 ], [ -122.304823, 47.649124 ], [ -122.305033, 47.649238 ], [ -122.306, 47.649726 ], [ -122.306573, 47.650007 ], [ -122.306776, 47.650115 ], [ -122.307602, 47.650529 ], [ -122.308553, 47.651012 ], [ -122.309237, 47.651338 ], [ -122.310729, 47.652093 ], [ -122.310837, 47.652146 ], [ -122.311517, 47.652483 ], [ -122.312206, 47.652846 ], [ -122.312465, 47.652983 ], [ -122.312319, 47.65311 ], [ -122.31221, 47.653238 ] ] ] } },
{ "type": "Feature", "properties": { "GEOID": "530330107012", "population": 1077, "pop_in_seattle": 1077.0000000000007, "area_in_seattle": 398990.46793217037 }, "geometry": { "type": "Polygon", "coordinates": [ [ [ -122.36562, 47.545534 ], [ -122.365616, 47.545967 ], [ -122.365589, 47.546495 ], [ -122.365598, 47.546735 ], [ -122.365588, 47.547005 ], [ -122.365592, 47.548158 ], [ -122.365581, 47.55001 ], [ -122.365581, 47.550121 ], [ -122.364562, 47.550115 ], [ -122.36435, 47.550114 ], [ -122.363012, 47.550107 ], [ -122.363046, 47.547425 ], [ -122.363011, 47.547042 ], [ -122.362898, 47.546666 ], [ -122.362765, 47.546396 ], [ -122.362597, 47.546148 ], [ -122.362544, 47.546082 ], [ -122.361697, 47.545029 ], [ -122.361471, 47.544699 ], [ -122.361197, 47.544164 ], [ -122.361211, 47.543913 ], [ -122.361201, 47.54368 ], [ -122.361216, 47.542882 ], [ -122.36123, 47.542111 ], [ -122.361166, 47.541896 ], [ -122.360757, 47.540539 ], [ -122.36094, 47.539146 ], [ -122.361094, 47.537952 ], [ -122.361336, 47.536119 ], [ -122.361486, 47.536556 ], [ -122.361562, 47.536686 ], [ -122.361663, 47.536811 ], [ -122.361798, 47.536935 ], [ -122.361953, 47.537043 ], [ -122.362134, 47.53714 ], [ -122.362403, 47.537256 ], [ -122.362538, 47.537411 ], [ -122.362792, 47.537356 ], [ -122.363138, 47.537339 ], [ -122.363423, 47.537363 ], [ -122.363696, 47.537435 ], [ -122.363925, 47.537559 ], [ -122.364094, 47.537697 ], [ -122.364312, 47.53797 ], [ -122.364591, 47.538351 ], [ -122.365126, 47.539136 ], [ -122.36549, 47.53967 ], [ -122.365596, 47.539781 ], [ -122.36573, 47.539878 ], [ -122.365647, 47.545139 ], [ -122.36562, 47.545534 ] ] ] } },
{ "type": "Feature", "properties": { "GEOID": "530330103013", "population": 1378, "pop_in_seattle": 1378.0, "area_in_seattle": 270346.32884834503 }, "geometry": { "type": "Polygon", "coordinates": [ [ [ -122.286119, 47.553446 ], [ -122.285539, 47.553449 ], [ -122.283493, 47.553438 ], [ -122.283141, 47.553427 ], [ -122.280755, 47.553408 ], [ -122.280764, 47.552671 ], [ -122.280772, 47.551936 ], [ -122.283461, 47.551963 ], [ -122.283445, 47.551216 ], [ -122.283429, 47.550469 ], [ -122.283413, 47.549742 ], [ -122.283364, 47.547146 ], [ -122.283354, 47.546582 ], [ -122.283343, 47.546019 ], [ -122.284865, 47.546041 ], [ -122.285432, 47.546048 ], [ -122.286257, 47.547695 ], [ -122.286402, 47.547985 ], [ -122.286434, 47.548049 ], [ -122.286463, 47.548113 ], [ -122.28719, 47.549615 ], [ -122.287219, 47.549676 ], [ -122.287239, 47.549717 ], [ -122.287259, 47.549759 ], [ -122.287282, 47.549808 ], [ -122.287378, 47.550018 ], [ -122.287704, 47.550725 ], [ -122.287765, 47.550857 ], [ -122.287941, 47.551232 ], [ -122.288317, 47.551973 ], [ -122.288586, 47.552501 ], [ -122.288619, 47.552566 ], [ -122.288691, 47.552708 ], [ -122.289029, 47.553446 ], [ -122.286119, 47.553446 ] ] ] } },
{ "type": "Feature", "properties": { "GEOID": "530330103012", "population": 1251, "pop_in_seattle": 1250.9999999999998, "area_in_seattle": 365382.95206152333 }, "geometry": { "type": "Polygon", "coordinates": [ [ [ -122.280772, 47.551936 ], [ -122.280764, 47.552671 ], [ -122.280755, 47.553408 ], [ -122.279661, 47.553403 ], [ -122.279039, 47.553115 ], [ -122.27887, 47.553021 ], [ -122.278637, 47.552838 ], [ -122.278487, 47.55266 ], [ -122.278078, 47.551924 ], [ -122.277666, 47.551174 ], [ -122.275384, 47.551163 ], [ -122.275387, 47.550415 ], [ -122.275389, 47.549705 ], [ -122.277136, 47.549702 ], [ -122.277011, 47.548944 ], [ -122.276965, 47.548783 ], [ -122.276877, 47.548248 ], [ -122.276844, 47.548048 ], [ -122.276741, 47.547422 ], [ -122.276658, 47.546958 ], [ -122.276533, 47.546644 ], [ -122.276317, 47.546331 ], [ -122.276188, 47.546195 ], [ -122.275991, 47.546025 ], [ -122.277061, 47.546017 ], [ -122.278155, 47.546008 ], [ -122.28085, 47.545986 ], [ -122.283343, 47.546019 ], [ -122.283354, 47.546582 ], [ -122.283364, 47.547146 ], [ -122.283413, 47.549742 ], [ -122.283429, 47.550469 ], [ -122.283445, 47.551216 ], [ -122.283461, 47.551963 ], [ -122.280772, 47.551936 ] ] ] } },
{ "type": "Feature", "properties": { "GEOID": "530330098023", "population": 1230, "pop_in_seattle": 1230.0000000000009, "area_in_seattle": 272094.27897005185 }, "geometry": { "type": "Polygon", "coordinates": [ [ [ -122.389443, 47.570226 ], [ -122.389441, 47.57204 ], [ -122.388104, 47.572027 ], [ -122.386925, 47.572021 ], [ -122.386768, 47.572039 ], [ -122.386768, 47.571258 ], [ -122.385674, 47.571249 ], [ -122.384621, 47.571241 ], [ -122.383582, 47.571233 ], [ -122.383582, 47.57018 ], [ -122.382807, 47.570179 ], [ -122.382808, 47.569274 ], [ -122.38281, 47.568369 ], [ -122.382812, 47.566488 ], [ -122.384132, 47.566489 ], [ -122.385453, 47.56649 ], [ -122.386091, 47.566493 ], [ -122.386682, 47.566497 ], [ -122.386773, 47.566497 ], [ -122.386773, 47.566579 ], [ -122.388111, 47.566592 ], [ -122.389274, 47.566603 ], [ -122.389447, 47.566604 ], [ -122.389445, 47.56843 ], [ -122.389443, 47.570226 ] ] ] } },
{ "type": "Feature", "properties": { "GEOID": "530330059022", "population": 1337, "pop_in_seattle": 1337.0, "area_in_seattle": 319968.41820509481 }, "geometry": { "type": "Polygon", "coordinates": [ [ [ -122.371536, 47.642 ], [ -122.371539, 47.64295 ], [ -122.37154, 47.643017 ], [ -122.37154, 47.64319 ], [ -122.371542, 47.643628 ], [ -122.371545, 47.644326 ], [ -122.371549, 47.645027 ], [ -122.371534, 47.645851 ], [ -122.371529, 47.646842 ], [ -122.371525, 47.648373 ], [ -122.371552, 47.648478 ], [ -122.371557, 47.649742 ], [ -122.371533, 47.650075 ], [ -122.371528, 47.650389 ], [ -122.371528, 47.650481 ], [ -122.37015, 47.650484 ], [ -122.369986, 47.650468 ], [ -122.368863, 47.650467 ], [ -122.368713, 47.650447 ], [ -122.367464, 47.650454 ], [ -122.367477, 47.650139 ], [ -122.367523, 47.649874 ], [ -122.367616, 47.649549 ], [ -122.3676, 47.649422 ], [ -122.367529, 47.649302 ], [ -122.36719, 47.649059 ], [ -122.367087, 47.648933 ], [ -122.367061, 47.648863 ], [ -122.367057, 47.648755 ], [ -122.367093, 47.648652 ], [ -122.367148, 47.648577 ], [ -122.367313, 47.648458 ], [ -122.367534, 47.648374 ], [ -122.367911, 47.648276 ], [ -122.368107, 47.648244 ], [ -122.368105, 47.647507 ], [ -122.368104, 47.647207 ], [ -122.368102, 47.646847 ], [ -122.367518, 47.646848 ], [ -122.367523, 47.645859 ], [ -122.367524, 47.6456 ], [ -122.367526, 47.645342 ], [ -122.367526, 47.645188 ], [ -122.367527, 47.645035 ], [ -122.367535, 47.644309 ], [ -122.367543, 47.643584 ], [ -122.367552, 47.643111 ], [ -122.367577, 47.642013 ], [ -122.368259, 47.642013 ], [ -122.368933, 47.642013 ], [ -122.369485, 47.642013 ], [ -122.369501, 47.640758 ], [ -122.369529, 47.639595 ], [ -122.370304, 47.639595 ], [ -122.371356, 47.639595 ], [ -122.371572, 47.639594 ], [ -122.371574, 47.640199 ], [ -122.371579, 47.640689 ], [ -122.371583, 47.64198 ], [ -122.371536, 47.642 ] ] ] } },
{ "type": "Feature", "properties": { "GEOID": "530330042013", "population": 1310, "pop_in_seattle": 1310.0000000000002, "area_in_seattle": 384089.30623846559 }, "geometry": { "type": "Polygon", "coordinates": [ [ [ -122.284906, 47.675785 ], [ -122.283563, 47.675785 ], [ -122.28222, 47.675786 ], [ -122.280878, 47.675787 ], [ -122.279535, 47.675787 ], [ -122.278912, 47.675785 ], [ -122.278455, 47.675784 ], [ -122.278405, 47.675313 ], [ -122.278326, 47.674577 ], [ -122.278285, 47.674336 ], [ -122.278162, 47.673981 ], [ -122.277969, 47.673641 ], [ -122.27784, 47.673472 ], [ -122.277641, 47.673257 ], [ -122.277218, 47.672897 ], [ -122.277546, 47.672746 ], [ -122.278037, 47.672467 ], [ -122.278291, 47.672358 ], [ -122.278561, 47.67227 ], [ -122.278845, 47.672205 ], [ -122.279213, 47.672156 ], [ -122.279496, 47.672146 ], [ -122.279485, 47.671194 ], [ -122.279476, 47.670325 ], [ -122.28216, 47.670326 ], [ -122.282151, 47.669457 ], [ -122.282141, 47.668555 ], [ -122.282429, 47.668506 ], [ -122.284825, 47.668507 ], [ -122.285746, 47.668508 ], [ -122.285766, 47.670317 ], [ -122.285786, 47.672146 ], [ -122.285807, 47.673968 ], [ -122.285829, 47.67572 ], [ -122.285831, 47.675783 ], [ -122.284906, 47.675785 ] ] ] } },
{ "type": "Feature", "properties": { "GEOID": "530330001013", "population": 1112, "pop_in_seattle": 1112.0000000000002, "area_in_seattle": 166865.14868479344 }, "geometry": { "type": "Polygon", "coordinates": [ [ [ -122.295273, 47.730118 ], [ -122.293853, 47.730115 ], [ -122.293697, 47.730112 ], [ -122.292313, 47.730112 ], [ -122.292251, 47.728286 ], [ -122.290955, 47.728282 ], [ -122.289608, 47.728277 ], [ -122.28956, 47.726448 ], [ -122.290908, 47.726462 ], [ -122.292266, 47.726474 ], [ -122.293572, 47.726485 ], [ -122.294573, 47.726494 ], [ -122.294612, 47.726494 ], [ -122.296406, 47.726509 ], [ -122.296427, 47.727906 ], [ -122.296493, 47.729846 ], [ -122.296527, 47.730149 ], [ -122.295273, 47.730118 ] ] ] } },
{ "type": "Feature", "properties": { "GEOID": "530330001011", "population": 1249, "pop_in_seattle": 1249.0000000000005, "area_in_seattle": 144010.24127980747 }, "geometry": { "type": "Polygon", "coordinates": [ [ [ -122.293833, 47.731953 ], [ -122.292374, 47.731941 ], [ -122.292435, 47.733751 ], [ -122.291444, 47.733742 ], [ -122.291098, 47.73374 ], [ -122.289753, 47.733732 ], [ -122.289706, 47.73193 ], [ -122.289656, 47.730098 ], [ -122.289608, 47.728277 ], [ -122.290955, 47.728282 ], [ -122.292251, 47.728286 ], [ -122.292313, 47.730112 ], [ -122.293697, 47.730112 ], [ -122.293853, 47.730115 ], [ -122.293843, 47.730684 ], [ -122.293833, 47.731953 ] ] ] } },
{ "type": "Feature", "properties": { "GEOID": "530330041022", "population": 1414, "pop_in_seattle": 1414.0, "area_in_seattle": 530878.38686552318 }, "geometry": { "type": "Polygon", "coordinates": [ [ [ -122.2845, 47.663207 ], [ -122.284003, 47.663672 ], [ -122.283618, 47.664035 ], [ -122.283405, 47.664251 ], [ -122.283218, 47.664441 ], [ -122.282949, 47.664693 ], [ -122.282752, 47.664885 ], [ -122.281974, 47.665631 ], [ -122.281665, 47.665938 ], [ -122.280783, 47.666782 ], [ -122.280421, 47.667121 ], [ -122.279916, 47.667611 ], [ -122.27977, 47.667712 ], [ -122.279647, 47.667798 ], [ -122.279514, 47.667867 ], [ -122.279229, 47.668015 ], [ -122.278811, 47.66816 ], [ -122.278424, 47.66825 ], [ -122.277961, 47.668313 ], [ -122.277369, 47.66835 ], [ -122.276963, 47.668346 ], [ -122.276625, 47.668323 ], [ -122.275786, 47.66825 ], [ -122.27525, 47.668205 ], [ -122.274931, 47.668195 ], [ -122.274595, 47.66821 ], [ -122.274248, 47.668255 ], [ -122.274116, 47.668276 ], [ -122.274092, 47.667672 ], [ -122.274075, 47.666694 ], [ -122.273392, 47.666694 ], [ -122.271921, 47.666692 ], [ -122.269513, 47.665005 ], [ -122.269512, 47.664962 ], [ -122.269547, 47.664939 ], [ -122.269572, 47.664923 ], [ -122.270694, 47.664919 ], [ -122.270846, 47.664922 ], [ -122.27233, 47.664931 ], [ -122.274036, 47.664928 ], [ -122.274139, 47.664881 ], [ -122.27472, 47.664891 ], [ -122.274693, 47.663087 ], [ -122.274666, 47.661279 ], [ -122.275809, 47.661283 ], [ -122.276676, 47.661286 ], [ -122.277307, 47.661287 ], [ -122.278342, 47.661289 ], [ -122.279377, 47.661291 ], [ -122.279779, 47.661288 ], [ -122.280323, 47.661285 ], [ -122.281384, 47.66128 ], [ -122.282745, 47.661273 ], [ -122.283103, 47.661271 ], [ -122.283197, 47.661271 ], [ -122.283428, 47.66127 ], [ -122.284756, 47.661264 ], [ -122.284763, 47.66191 ], [ -122.284775, 47.663025 ], [ -122.2845, 47.663207 ] ] ] } },
{ "type": "Feature", "properties": { "GEOID": "530330067012", "population": 1140, "pop_in_seattle": 1139.9999999999998, "area_in_seattle": 190756.06560061677 }, "geometry": { "type": "Polygon", "coordinates": [ [ [ -122.342305, 47.629718 ], [ -122.342297, 47.630585 ], [ -122.342291, 47.63141 ], [ -122.342286, 47.631854 ], [ -122.34228, 47.632297 ], [ -122.341878, 47.632281 ], [ -122.341853, 47.63228 ], [ -122.341172, 47.632266 ], [ -122.340923, 47.632351 ], [ -122.33925, 47.632299 ], [ -122.33821, 47.632287 ], [ -122.338038, 47.62792 ], [ -122.338137, 47.62642 ], [ -122.338339, 47.626225 ], [ -122.338487, 47.625882 ], [ -122.33859, 47.625731 ], [ -122.339207, 47.626589 ], [ -122.339624, 47.627169 ], [ -122.339884, 47.627127 ], [ -122.341022, 47.627132 ], [ -122.342206, 47.627136 ], [ -122.342328, 47.627137 ], [ -122.342312, 47.628955 ], [ -122.342305, 47.629718 ] ] ] } },
{ "type": "Feature", "properties": { "GEOID": "530330053071", "population": 936, "pop_in_seattle": 936.00000000000023, "area_in_seattle": 40213.578556214612 }, "geometry": { "type": "Polygon", "coordinates": [ [ [ -122.310803, 47.664882 ], [ -122.309677, 47.664875 ], [ -122.309477, 47.664874 ], [ -122.309504, 47.663061 ], [ -122.309514, 47.661257 ], [ -122.309724, 47.661258 ], [ -122.310859, 47.661259 ], [ -122.310831, 47.663074 ], [ -122.310803, 47.664882 ] ] ] } },
{ "type": "Feature", "properties": { "GEOID": "530330053031", "population": 1601, "pop_in_seattle": 1601.0000000000011, "area_in_seattle": 581354.35954032303 }, "geometry": { "type": "Polygon", "coordinates": [ [ [ -122.319558, 47.6538 ], [ -122.319155, 47.654321 ], [ -122.31912, 47.654366 ], [ -122.319044, 47.654464 ], [ -122.318472, 47.655202 ], [ -122.318432, 47.655254 ], [ -122.318339, 47.655373 ], [ -122.318249, 47.655376 ], [ -122.317837, 47.655385 ], [ -122.317304, 47.65538 ], [ -122.316804, 47.655375 ], [ -122.315616, 47.655372 ], [ -122.315336, 47.655366 ], [ -122.315119, 47.655361 ], [ -122.314994, 47.655394 ], [ -122.314575, 47.65539 ], [ -122.314443, 47.655366 ], [ -122.313287, 47.655352 ], [ -122.312654, 47.655344 ], [ -122.312087, 47.655336 ], [ -122.312166, 47.65336 ], [ -122.31221, 47.653238 ], [ -122.312319, 47.65311 ], [ -122.312465, 47.652983 ], [ -122.312206, 47.652846 ], [ -122.311517, 47.652483 ], [ -122.310837, 47.652146 ], [ -122.310729, 47.652093 ], [ -122.309237, 47.651338 ], [ -122.308553, 47.651012 ], [ -122.307602, 47.650529 ], [ -122.306776, 47.650115 ], [ -122.306573, 47.650007 ], [ -122.306, 47.649726 ], [ -122.305033, 47.649238 ], [ -122.304823, 47.649124 ], [ -122.304644, 47.649039 ], [ -122.304696, 47.647832 ], [ -122.304709, 47.647707 ], [ -122.304698, 47.647415 ], [ -122.305172, 47.647558 ], [ -122.308979, 47.647241 ], [ -122.310437, 47.64712 ], [ -122.312323, 47.647192 ], [ -122.312412, 47.647196 ], [ -122.313037, 47.64722 ], [ -122.313275, 47.647413 ], [ -122.313382, 47.6475 ], [ -122.313428, 47.647537 ], [ -122.313497, 47.647593 ], [ -122.315875, 47.649525 ], [ -122.319939, 47.652826 ], [ -122.320292, 47.652851 ], [ -122.319558, 47.6538 ] ] ] } },
{ "type": "Feature", "properties": { "GEOID": "530330047031", "population": 1205, "pop_in_seattle": 1205.0000000000002, "area_in_seattle": 254748.60885016067 }, "geometry": { "type": "Polygon", "coordinates": [ [ [ -122.373486, 47.670897 ], [ -122.373489, 47.67163 ], [ -122.373486, 47.672357 ], [ -122.371361, 47.672354 ], [ -122.370752, 47.672353 ], [ -122.368734, 47.67235 ], [ -122.3686, 47.67235 ], [ -122.366169, 47.672347 ], [ -122.366173, 47.671618 ], [ -122.366175, 47.670888 ], [ -122.366176, 47.670159 ], [ -122.36618, 47.669429 ], [ -122.366179, 47.668652 ], [ -122.366181, 47.667911 ], [ -122.368608, 47.667884 ], [ -122.370762, 47.667884 ], [ -122.370761, 47.66866 ], [ -122.372342, 47.668662 ], [ -122.373489, 47.66865 ], [ -122.373493, 47.669443 ], [ -122.373499, 47.670168 ], [ -122.373486, 47.670897 ] ] ] } },
{ "type": "Feature", "properties": { "GEOID": "530330070012", "population": 1293, "pop_in_seattle": 1292.9999999999993, "area_in_seattle": 69129.196785031687 }, "geometry": { "type": "Polygon", "coordinates": [ [ [ -122.364538, 47.625863 ], [ -122.364537, 47.625952 ], [ -122.364529, 47.626872 ], [ -122.364529, 47.627079 ], [ -122.364359, 47.627014 ], [ -122.363807, 47.626801 ], [ -122.363219, 47.626739 ], [ -122.360614, 47.626729 ], [ -122.360623, 47.625846 ], [ -122.360624, 47.625726 ], [ -122.36063, 47.624597 ], [ -122.361936, 47.624601 ], [ -122.363242, 47.624606 ], [ -122.363653, 47.624613 ], [ -122.363807, 47.624648 ], [ -122.363874, 47.624676 ], [ -122.363946, 47.624719 ], [ -122.364038, 47.624793 ], [ -122.364215, 47.624957 ], [ -122.364296, 47.625023 ], [ -122.364442, 47.625141 ], [ -122.364544, 47.625214 ], [ -122.364535, 47.625792 ], [ -122.364538, 47.625863 ] ] ] } },
{ "type": "Feature", "properties": { "GEOID": "530330070013", "population": 1123, "pop_in_seattle": 1123.0000000000002, "area_in_seattle": 75014.803392437738 }, "geometry": { "type": "Polygon", "coordinates": [ [ [ -122.360623, 47.625846 ], [ -122.360614, 47.626729 ], [ -122.359308, 47.626724 ], [ -122.358001, 47.626719 ], [ -122.357997, 47.627194 ], [ -122.356691, 47.627191 ], [ -122.356699, 47.626315 ], [ -122.356705, 47.625713 ], [ -122.356704, 47.625452 ], [ -122.356711, 47.624581 ], [ -122.358017, 47.624586 ], [ -122.359323, 47.62459 ], [ -122.36063, 47.624597 ], [ -122.360624, 47.625726 ], [ -122.360623, 47.625846 ] ] ] } },
{ "type": "Feature", "properties": { "GEOID": "530330075011", "population": 1286, "pop_in_seattle": 1286.0, "area_in_seattle": 89250.637544023688 }, "geometry": { "type": "Polygon", "coordinates": [ [ [ -122.319926, 47.621981 ], [ -122.318876, 47.621975 ], [ -122.317825, 47.62197 ], [ -122.316774, 47.621964 ], [ -122.315724, 47.621958 ], [ -122.315734, 47.621452 ], [ -122.315723, 47.621354 ], [ -122.315714, 47.621111 ], [ -122.315643, 47.621111 ], [ -122.315621, 47.619944 ], [ -122.31693, 47.619935 ], [ -122.318236, 47.619925 ], [ -122.319541, 47.619915 ], [ -122.320875, 47.619906 ], [ -122.320893, 47.621074 ], [ -122.320908, 47.621986 ], [ -122.319926, 47.621981 ] ] ] } },
{ "type": "Feature", "properties": { "GEOID": "530330075013", "population": 1396, "pop_in_seattle": 1396.0, "area_in_seattle": 108945.0497489925 }, "geometry": { "type": "Polygon", "coordinates": [ [ [ -122.315706, 47.623109 ], [ -122.315687, 47.624259 ], [ -122.31517, 47.624257 ], [ -122.314983, 47.624257 ], [ -122.314637, 47.624257 ], [ -122.313614, 47.624252 ], [ -122.312609, 47.624247 ], [ -122.312626, 47.623262 ], [ -122.312633, 47.6231 ], [ -122.312644, 47.622087 ], [ -122.312646, 47.621945 ], [ -122.312667, 47.621294 ], [ -122.312673, 47.621133 ], [ -122.312714, 47.620501 ], [ -122.312721, 47.619965 ], [ -122.313505, 47.61996 ], [ -122.314318, 47.619954 ], [ -122.314894, 47.619949 ], [ -122.315621, 47.619944 ], [ -122.315643, 47.621111 ], [ -122.315714, 47.621111 ], [ -122.315723, 47.621354 ], [ -122.315734, 47.621452 ], [ -122.315724, 47.621958 ], [ -122.315706, 47.623109 ] ] ] } },
{ "type": "Feature", "properties": { "GEOID": "530330075021", "population": 1131, "pop_in_seattle": 1131.0000000000002, "area_in_seattle": 80346.551250156961 }, "geometry": { "type": "Polygon", "coordinates": [ [ [ -122.315588, 47.617608 ], [ -122.314282, 47.617618 ], [ -122.312754, 47.61763 ], [ -122.312763, 47.616449 ], [ -122.312768, 47.615285 ], [ -122.314244, 47.61528 ], [ -122.31555, 47.615271 ], [ -122.316856, 47.615262 ], [ -122.316875, 47.61643 ], [ -122.316893, 47.617599 ], [ -122.315588, 47.617608 ] ] ] } },
{ "type": "Feature", "properties": { "GEOID": "530330080032", "population": 1468, "pop_in_seattle": 1467.9999999999993, "area_in_seattle": 54917.618282724237 }, "geometry": { "type": "Polygon", "coordinates": [ [ [ -122.349833, 47.617681 ], [ -122.3489, 47.617129 ], [ -122.347965, 47.616577 ], [ -122.34703, 47.616024 ], [ -122.347889, 47.615359 ], [ -122.348748, 47.614694 ], [ -122.349683, 47.615247 ], [ -122.350618, 47.6158 ], [ -122.351552, 47.616352 ], [ -122.350692, 47.617017 ], [ -122.349833, 47.617681 ] ] ] } },
{ "type": "Feature", "properties": { "GEOID": "530330107013", "population": 1264, "pop_in_seattle": 1263.9999999999998, "area_in_seattle": 552678.25597709976 }, "geometry": { "type": "Polygon", "coordinates": [ [ [ -122.370947, 47.551953 ], [ -122.369798, 47.551936 ], [ -122.369658, 47.551919 ], [ -122.369634, 47.552015 ], [ -122.369637, 47.552468 ], [ -122.369627, 47.55276 ], [ -122.369624, 47.553177 ], [ -122.36963, 47.553783 ], [ -122.36842, 47.553783 ], [ -122.368248, 47.553783 ], [ -122.367931, 47.553781 ], [ -122.366803, 47.553772 ], [ -122.366336, 47.553769 ], [ -122.365566, 47.553755 ], [ -122.364302, 47.553733 ], [ -122.362965, 47.55372 ], [ -122.361746, 47.553713 ], [ -122.361771, 47.551909 ], [ -122.361781, 47.550342 ], [ -122.361758, 47.550212 ], [ -122.361706, 47.550097 ], [ -122.363012, 47.550107 ], [ -122.36435, 47.550114 ], [ -122.364562, 47.550115 ], [ -122.365581, 47.550121 ], [ -122.365581, 47.55001 ], [ -122.365592, 47.548158 ], [ -122.365588, 47.547005 ], [ -122.365598, 47.546735 ], [ -122.365589, 47.546495 ], [ -122.365616, 47.545967 ], [ -122.36562, 47.545534 ], [ -122.365647, 47.545139 ], [ -122.36573, 47.539878 ], [ -122.365998, 47.540021 ], [ -122.36615, 47.540076 ], [ -122.366321, 47.54012 ], [ -122.366482, 47.540145 ], [ -122.366731, 47.540161 ], [ -122.367879, 47.540185 ], [ -122.368062, 47.540198 ], [ -122.368281, 47.540227 ], [ -122.368716, 47.540321 ], [ -122.368921, 47.540387 ], [ -122.36907, 47.540436 ], [ -122.369275, 47.540522 ], [ -122.369447, 47.540618 ], [ -122.369795, 47.540836 ], [ -122.3699, 47.540934 ], [ -122.369962, 47.541033 ], [ -122.370494, 47.542513 ], [ -122.370609, 47.542831 ], [ -122.370662, 47.542926 ], [ -122.370677, 47.542953 ], [ -122.370648, 47.542964 ], [ -122.370538, 47.543003 ], [ -122.370349, 47.543071 ], [ -122.370262, 47.5431 ], [ -122.370072, 47.543155 ], [ -122.369973, 47.543185 ], [ -122.369878, 47.543217 ], [ -122.369786, 47.543239 ], [ -122.369615, 47.543333 ], [ -122.368878, 47.543577 ], [ -122.368593, 47.543683 ], [ -122.368418, 47.543776 ], [ -122.368238, 47.543955 ], [ -122.368097, 47.544121 ], [ -122.368109, 47.544349 ], [ -122.368126, 47.544443 ], [ -122.368157, 47.54455 ], [ -122.368227, 47.544713 ], [ -122.368259, 47.544861 ], [ -122.36829, 47.545022 ], [ -122.368617, 47.546034 ], [ -122.368933, 47.547005 ], [ -122.36915, 47.547456 ], [ -122.369044, 47.547518 ], [ -122.368913, 47.547644 ], [ -122.368643, 47.548196 ], [ -122.368613, 47.548392 ], [ -122.368632, 47.548556 ], [ -122.368737, 47.548838 ], [ -122.368903, 47.549096 ], [ -122.36916, 47.549369 ], [ -122.369236, 47.549433 ], [ -122.369259, 47.549453 ], [ -122.369383, 47.549593 ], [ -122.369523, 47.549713 ], [ -122.369725, 47.549841 ], [ -122.369909, 47.549944 ], [ -122.370137, 47.550027 ], [ -122.370257, 47.550049 ], [ -122.370298, 47.550057 ], [ -122.370325, 47.550061 ], [ -122.370702, 47.55012 ], [ -122.370987, 47.550132 ], [ -122.370956, 47.550904 ], [ -122.370947, 47.551953 ] ] ] } },
{ "type": "Feature", "properties": { "GEOID": "530330072011", "population": 1752, "pop_in_seattle": 1752.0000000000005, "area_in_seattle": 62178.901875635347 }, "geometry": { "type": "Polygon", "coordinates": [ [ [ -122.346303, 47.617865 ], [ -122.346247, 47.617907 ], [ -122.345313, 47.617354 ], [ -122.34487, 47.617093 ], [ -122.344426, 47.616833 ], [ -122.344375, 47.616803 ], [ -122.344328, 47.616775 ], [ -122.343071, 47.616035 ], [ -122.343127, 47.615989 ], [ -122.343936, 47.615367 ], [ -122.344055, 47.615276 ], [ -122.344795, 47.614703 ], [ -122.346057, 47.615449 ], [ -122.346096, 47.615472 ], [ -122.346151, 47.615504 ], [ -122.34703, 47.616024 ], [ -122.347965, 47.616577 ], [ -122.347107, 47.617241 ], [ -122.346303, 47.617865 ] ] ] } },
{ "type": "Feature", "properties": { "GEOID": "530330072021", "population": 1473, "pop_in_seattle": 1472.9999999999998, "area_in_seattle": 64454.763103466132 }, "geometry": { "type": "Polygon", "coordinates": [ [ [ -122.343936, 47.615367 ], [ -122.343127, 47.615989 ], [ -122.343071, 47.616035 ], [ -122.342216, 47.616696 ], [ -122.340917, 47.615928 ], [ -122.341768, 47.615269 ], [ -122.340463, 47.614503 ], [ -122.340355, 47.614439 ], [ -122.340637, 47.614241 ], [ -122.341335, 47.613829 ], [ -122.341403, 47.613777 ], [ -122.341539, 47.613671 ], [ -122.342194, 47.613165 ], [ -122.343496, 47.613934 ], [ -122.344795, 47.614703 ], [ -122.344055, 47.615276 ], [ -122.343936, 47.615367 ] ] ] } },
{ "type": "Feature", "properties": { "GEOID": "530330073012", "population": 1220, "pop_in_seattle": 1219.9999999999998, "area_in_seattle": 56343.053040780986 }, "geometry": { "type": "Polygon", "coordinates": [ [ [ -122.331727, 47.62427 ], [ -122.33172, 47.623118 ], [ -122.331713, 47.621966 ], [ -122.331705, 47.620815 ], [ -122.331699, 47.619664 ], [ -122.332252, 47.619662 ], [ -122.332244, 47.618509 ], [ -122.332975, 47.618511 ], [ -122.332982, 47.61966 ], [ -122.332988, 47.620812 ], [ -122.332995, 47.621972 ], [ -122.333001, 47.623114 ], [ -122.333008, 47.624267 ], [ -122.331727, 47.62427 ] ] ] } },
{ "type": "Feature", "properties": { "GEOID": "530330073023", "population": 2085, "pop_in_seattle": 2085.0000000000005, "area_in_seattle": 58536.786112434107 }, "geometry": { "type": "Polygon", "coordinates": [ [ [ -122.337214, 47.61853 ], [ -122.337176, 47.618469 ], [ -122.337124, 47.618425 ], [ -122.336179, 47.617816 ], [ -122.334879, 47.617048 ], [ -122.335737, 47.616384 ], [ -122.336597, 47.615719 ], [ -122.337456, 47.615055 ], [ -122.337746, 47.61483 ], [ -122.337839, 47.615282 ], [ -122.338061, 47.616361 ], [ -122.338112, 47.616616 ], [ -122.338386, 47.61795 ], [ -122.338486, 47.618532 ], [ -122.337214, 47.61853 ] ] ] } },
{ "type": "Feature", "properties": { "GEOID": "530330084021", "population": 1075, "pop_in_seattle": 1074.9999999999998, "area_in_seattle": 53712.841499409515 }, "geometry": { "type": "Polygon", "coordinates": [ [ [ -122.326789, 47.61634 ], [ -122.326187, 47.616336 ], [ -122.325545, 47.61634 ], [ -122.324489, 47.616346 ], [ -122.323439, 47.616342 ], [ -122.323417, 47.615229 ], [ -122.324475, 47.615223 ], [ -122.32446, 47.614093 ], [ -122.325516, 47.614087 ], [ -122.326189, 47.614083 ], [ -122.326822, 47.614086 ], [ -122.326806, 47.615216 ], [ -122.326789, 47.61634 ] ] ] } },
{ "type": "Feature", "properties": { "GEOID": "530330084012", "population": 1168, "pop_in_seattle": 1168.0, "area_in_seattle": 49430.723718539222 }, "geometry": { "type": "Polygon", "coordinates": [ [ [ -122.325506, 47.612968 ], [ -122.325364, 47.612969 ], [ -122.324445, 47.612969 ], [ -122.3236, 47.612981 ], [ -122.323384, 47.612982 ], [ -122.322095, 47.612985 ], [ -122.322088, 47.612734 ], [ -122.322205, 47.612572 ], [ -122.322394, 47.612462 ], [ -122.323115, 47.612157 ], [ -122.324225, 47.611693 ], [ -122.323572, 47.610979 ], [ -122.324683, 47.610514 ], [ -122.325022, 47.610884 ], [ -122.325336, 47.611228 ], [ -122.325988, 47.611941 ], [ -122.326886, 47.612957 ], [ -122.32619, 47.612965 ], [ -122.325506, 47.612968 ] ] ] } },
{ "type": "Feature", "properties": { "GEOID": "530330019004", "population": 1214, "pop_in_seattle": 1214.0, "area_in_seattle": 684206.15934768482 }, "geometry": { "type": "Polygon", "coordinates": [ [ [ -122.335042, 47.701523 ], [ -122.335012, 47.701641 ], [ -122.334958, 47.701775 ], [ -122.334885, 47.701891 ], [ -122.33477, 47.702022 ], [ -122.334633, 47.702143 ], [ -122.334296, 47.702395 ], [ -122.334181, 47.702499 ], [ -122.334077, 47.702611 ], [ -122.333975, 47.702771 ], [ -122.333897, 47.702926 ], [ -122.333854, 47.70311 ], [ -122.333904, 47.703218 ], [ -122.332382, 47.703207 ], [ -122.330551, 47.70319 ], [ -122.330538, 47.701445 ], [ -122.33017, 47.701441 ], [ -122.329963, 47.701439 ], [ -122.329686, 47.701436 ], [ -122.329289, 47.701432 ], [ -122.328794, 47.701384 ], [ -122.328682, 47.701356 ], [ -122.328481, 47.701362 ], [ -122.327287, 47.701353 ], [ -122.325816, 47.701343 ], [ -122.324266, 47.701331 ], [ -122.323129, 47.701323 ], [ -122.320954, 47.701307 ], [ -122.320703, 47.701306 ], [ -122.32041, 47.701304 ], [ -122.317692, 47.701286 ], [ -122.317681, 47.700958 ], [ -122.317664, 47.700378 ], [ -122.317637, 47.69947 ], [ -122.320367, 47.699488 ], [ -122.321488, 47.699496 ], [ -122.323108, 47.699507 ], [ -122.323101, 47.698899 ], [ -122.323097, 47.698607 ], [ -122.323086, 47.697689 ], [ -122.323076, 47.696778 ], [ -122.323065, 47.695865 ], [ -122.327092, 47.695897 ], [ -122.328435, 47.695906 ], [ -122.329023, 47.695914 ], [ -122.32936, 47.695919 ], [ -122.329605, 47.69592 ], [ -122.330544, 47.695924 ], [ -122.33112, 47.695926 ], [ -122.332524, 47.695936 ], [ -122.333805, 47.695945 ], [ -122.334975, 47.69595 ], [ -122.334982, 47.697769 ], [ -122.335023, 47.699581 ], [ -122.335061, 47.701214 ], [ -122.33505, 47.701394 ], [ -122.335042, 47.701523 ] ] ] } },
{ "type": "Feature", "properties": { "GEOID": "530330019001", "population": 1610, "pop_in_seattle": 1610.0000000000005, "area_in_seattle": 414116.89565568266 }, "geometry": { "type": "Polygon", "coordinates": [ [ [ -122.321488, 47.699496 ], [ -122.320367, 47.699488 ], [ -122.317637, 47.69947 ], [ -122.31761, 47.698561 ], [ -122.317583, 47.697653 ], [ -122.317587, 47.696742 ], [ -122.317591, 47.695832 ], [ -122.317596, 47.694921 ], [ -122.3176, 47.69401 ], [ -122.317604, 47.693099 ], [ -122.317609, 47.692188 ], [ -122.317613, 47.691278 ], [ -122.317617, 47.690367 ], [ -122.320309, 47.690381 ], [ -122.323002, 47.690395 ], [ -122.323012, 47.691307 ], [ -122.323023, 47.692219 ], [ -122.323033, 47.693132 ], [ -122.323044, 47.694044 ], [ -122.323054, 47.694955 ], [ -122.323065, 47.695865 ], [ -122.323076, 47.696778 ], [ -122.323086, 47.697689 ], [ -122.323097, 47.698607 ], [ -122.323101, 47.698899 ], [ -122.323108, 47.699507 ], [ -122.321488, 47.699496 ] ] ] } },
{ "type": "Feature", "properties": { "GEOID": "530330044021", "population": 1263, "pop_in_seattle": 1262.9999999999998, "area_in_seattle": 108194.6039580402 }, "geometry": { "type": "Polygon", "coordinates": [ [ [ -122.317382, 47.667105 ], [ -122.317365, 47.668575 ], [ -122.316288, 47.668568 ], [ -122.315192, 47.668561 ], [ -122.31522, 47.666444 ], [ -122.314188, 47.666442 ], [ -122.313052, 47.666434 ], [ -122.311918, 47.666426 ], [ -122.311939, 47.664891 ], [ -122.313076, 47.664899 ], [ -122.314212, 47.664907 ], [ -122.31524, 47.664916 ], [ -122.316336, 47.664926 ], [ -122.317405, 47.664936 ], [ -122.317389, 47.666435 ], [ -122.317382, 47.667105 ] ] ] } },
{ "type": "Feature", "properties": { "GEOID": "530330006022", "population": 1441, "pop_in_seattle": 1440.9999999999991, "area_in_seattle": 850895.50105219753 }, "geometry": { "type": "Polygon", "coordinates": [ [ [ -122.342231, 47.722169 ], [ -122.339576, 47.722042 ], [ -122.338016, 47.722022 ], [ -122.337345, 47.722013 ], [ -122.335567, 47.722012 ], [ -122.335198, 47.722012 ], [ -122.334814, 47.722012 ], [ -122.334181, 47.722012 ], [ -122.333078, 47.722003 ], [ -122.332219, 47.721996 ], [ -122.331566, 47.721991 ], [ -122.331105, 47.721987 ], [ -122.331002, 47.721986 ], [ -122.328935, 47.721995 ], [ -122.328939, 47.721649 ], [ -122.328956, 47.720458 ], [ -122.328969, 47.719522 ], [ -122.328926, 47.718593 ], [ -122.328874, 47.717468 ], [ -122.328857, 47.717084 ], [ -122.330959, 47.717101 ], [ -122.331087, 47.717101 ], [ -122.331494, 47.717104 ], [ -122.33207, 47.717108 ], [ -122.333861, 47.71712 ], [ -122.334134, 47.717122 ], [ -122.334115, 47.715926 ], [ -122.335494, 47.715929 ], [ -122.336345, 47.71593 ], [ -122.336554, 47.71593 ], [ -122.33737, 47.715932 ], [ -122.338004, 47.715933 ], [ -122.33932, 47.715935 ], [ -122.339498, 47.715935 ], [ -122.34031, 47.71533 ], [ -122.340035, 47.715152 ], [ -122.339974, 47.714963 ], [ -122.340127, 47.714593 ], [ -122.340436, 47.714543 ], [ -122.340921, 47.714513 ], [ -122.341021, 47.71452 ], [ -122.341109, 47.71454 ], [ -122.341296, 47.714626 ], [ -122.34142, 47.714536 ], [ -122.341538, 47.714501 ], [ -122.342163, 47.714497 ], [ -122.342144, 47.713395 ], [ -122.342136, 47.713312 ], [ -122.344831, 47.713294 ], [ -122.344876, 47.715937 ], [ -122.344938, 47.71957 ], [ -122.344958, 47.72139 ], [ -122.344968, 47.7223 ], [ -122.342231, 47.722169 ] ] ] } },
{ "type": "Feature", "properties": { "GEOID": "530330119023", "population": 1235, "pop_in_seattle": 1235.0000000000002, "area_in_seattle": 438088.74885731866 }, "geometry": { "type": "Polygon", "coordinates": [ [ [ -122.259503, 47.502954 ], [ -122.259499, 47.50329 ], [ -122.259491, 47.503571 ], [ -122.259492, 47.503648 ], [ -122.259484, 47.504358 ], [ -122.259478, 47.504875 ], [ -122.259464, 47.506108 ], [ -122.259446, 47.507681 ], [ -122.259439, 47.508218 ], [ -122.25943, 47.509692 ], [ -122.258751, 47.509697 ], [ -122.256739, 47.508371 ], [ -122.256611, 47.508287 ], [ -122.25652, 47.508203 ], [ -122.255907, 47.508198 ], [ -122.254731, 47.508192 ], [ -122.253553, 47.508185 ], [ -122.253577, 47.506402 ], [ -122.2524, 47.506394 ], [ -122.251222, 47.506387 ], [ -122.250043, 47.506381 ], [ -122.248866, 47.506376 ], [ -122.248784, 47.506361 ], [ -122.248787, 47.506278 ], [ -122.248787, 47.506259 ], [ -122.24879, 47.506116 ], [ -122.248811, 47.504792 ], [ -122.248822, 47.504134 ], [ -122.248824, 47.504021 ], [ -122.248827, 47.503838 ], [ -122.248839, 47.503076 ], [ -122.248843, 47.502995 ], [ -122.249004, 47.502998 ], [ -122.250865, 47.502903 ], [ -122.250814, 47.502831 ], [ -122.251413, 47.502801 ], [ -122.251642, 47.502825 ], [ -122.25362, 47.502729 ], [ -122.259515, 47.502537 ], [ -122.259497, 47.502648 ], [ -122.259503, 47.502954 ] ] ] } },
{ "type": "Feature", "properties": { "GEOID": "530330073013", "population": 978, "pop_in_seattle": 977.99999999999932, "area_in_seattle": 70229.472473244648 }, "geometry": { "type": "Polygon", "coordinates": [ [ [ -122.334185, 47.624616 ], [ -122.334063, 47.624663 ], [ -122.333948, 47.624684 ], [ -122.33349, 47.624791 ], [ -122.333129, 47.624907 ], [ -122.332943, 47.624956 ], [ -122.332332, 47.625116 ], [ -122.331903, 47.625229 ], [ -122.331132, 47.625368 ], [ -122.330656, 47.625435 ], [ -122.330453, 47.62545 ], [ -122.33019, 47.625447 ], [ -122.330021, 47.625425 ], [ -122.329788, 47.62538 ], [ -122.329536, 47.625316 ], [ -122.329227, 47.625225 ], [ -122.329153, 47.625203 ], [ -122.329035, 47.625153 ], [ -122.328932, 47.625114 ], [ -122.328735, 47.625042 ], [ -122.328675, 47.625003 ], [ -122.328675, 47.624944 ], [ -122.32867, 47.624268 ], [ -122.328665, 47.62332 ], [ -122.328663, 47.623128 ], [ -122.328704, 47.623128 ], [ -122.329158, 47.623125 ], [ -122.330436, 47.623121 ], [ -122.33172, 47.623118 ], [ -122.331727, 47.62427 ], [ -122.333008, 47.624267 ], [ -122.333713, 47.624265 ], [ -122.334336, 47.624391 ], [ -122.334336, 47.624539 ], [ -122.334185, 47.624616 ] ] ] } },
{ "type": "Feature", "properties": { "GEOID": "530330101022", "population": 1473, "pop_in_seattle": 1472.9999999999991, "area_in_seattle": 528358.03581205301 }, "geometry": { "type": "Polygon", "coordinates": [ [ [ -122.289955, 47.569766 ], [ -122.288909, 47.569764 ], [ -122.288286, 47.569762 ], [ -122.287209, 47.569773 ], [ -122.28611, 47.569783 ], [ -122.285548, 47.569774 ], [ -122.285024, 47.569771 ], [ -122.283946, 47.569766 ], [ -122.283409, 47.569763 ], [ -122.282871, 47.56976 ], [ -122.282872, 47.570679 ], [ -122.283136, 47.572419 ], [ -122.282467, 47.572414 ], [ -122.282631, 47.57344 ], [ -122.282482, 47.573358 ], [ -122.282313, 47.573297 ], [ -122.281943, 47.573324 ], [ -122.281285, 47.573368 ], [ -122.281156, 47.573514 ], [ -122.28113, 47.573598 ], [ -122.281092, 47.574233 ], [ -122.280837, 47.573552 ], [ -122.280805, 47.573433 ], [ -122.280793, 47.573309 ], [ -122.280794, 47.573235 ], [ -122.280799, 47.57285 ], [ -122.280789, 47.572617 ], [ -122.280741, 47.57215 ], [ -122.280682, 47.571916 ], [ -122.280586, 47.571672 ], [ -122.280421, 47.571343 ], [ -122.280316, 47.571147 ], [ -122.280239, 47.571002 ], [ -122.280005, 47.570644 ], [ -122.2799, 47.570484 ], [ -122.279789, 47.57033 ], [ -122.279647, 47.570203 ], [ -122.2795, 47.570121 ], [ -122.279551, 47.569977 ], [ -122.27954, 47.568798 ], [ -122.27952, 47.566449 ], [ -122.279512, 47.565274 ], [ -122.279503, 47.564083 ], [ -122.280616, 47.564077 ], [ -122.280731, 47.564105 ], [ -122.280752, 47.56411 ], [ -122.280843, 47.564149 ], [ -122.281728, 47.564146 ], [ -122.282806, 47.564139 ], [ -122.283883, 47.564129 ], [ -122.284961, 47.56412 ], [ -122.286058, 47.56411 ], [ -122.287032, 47.564103 ], [ -122.288188, 47.564093 ], [ -122.288237, 47.564273 ], [ -122.288616, 47.565657 ], [ -122.28875, 47.566144 ], [ -122.288978, 47.566974 ], [ -122.289246, 47.567946 ], [ -122.290349, 47.569462 ], [ -122.290526, 47.569641 ], [ -122.290701, 47.569769 ], [ -122.289955, 47.569766 ] ] ] } },
{ "type": "Feature", "properties": { "GEOID": "530330041023", "population": 1424, "pop_in_seattle": 1424.0, "area_in_seattle": 572658.34897070564 }, "geometry": { "type": "Polygon", "coordinates": [ [ [ -122.273783, 47.668347 ], [ -122.2736, 47.668397 ], [ -122.273413, 47.668457 ], [ -122.27325, 47.668517 ], [ -122.273042, 47.66861 ], [ -122.272727, 47.668773 ], [ -122.272301, 47.669054 ], [ -122.271798, 47.6694 ], [ -122.271064, 47.669944 ], [ -122.269935, 47.670752 ], [ -122.268847, 47.671521 ], [ -122.268568, 47.671724 ], [ -122.268029, 47.672113 ], [ -122.267014, 47.672836 ], [ -122.266245, 47.673375 ], [ -122.265979, 47.673562 ], [ -122.264946, 47.67428 ], [ -122.263957, 47.674976 ], [ -122.263801, 47.67513 ], [ -122.263533, 47.674996 ], [ -122.263522, 47.674271 ], [ -122.263516, 47.673831 ], [ -122.26354, 47.673751 ], [ -122.263579, 47.673695 ], [ -122.263505, 47.673188 ], [ -122.2635, 47.672826 ], [ -122.263489, 47.672138 ], [ -122.263475, 47.672101 ], [ -122.26346, 47.672059 ], [ -122.263428, 47.669941 ], [ -122.262133, 47.669943 ], [ -122.261199, 47.669951 ], [ -122.260971, 47.669952 ], [ -122.259535, 47.669964 ], [ -122.259517, 47.668983 ], [ -122.261807, 47.667435 ], [ -122.262077, 47.667294 ], [ -122.262368, 47.667174 ], [ -122.262425, 47.667154 ], [ -122.262597, 47.667097 ], [ -122.262976, 47.666995 ], [ -122.263575, 47.666839 ], [ -122.26592, 47.666227 ], [ -122.26702, 47.66594 ], [ -122.266978, 47.665868 ], [ -122.266935, 47.665876 ], [ -122.266162, 47.664981 ], [ -122.266028, 47.664899 ], [ -122.266156, 47.664867 ], [ -122.267669, 47.664899 ], [ -122.268721, 47.664921 ], [ -122.269547, 47.664939 ], [ -122.269512, 47.664962 ], [ -122.269513, 47.665005 ], [ -122.271921, 47.666692 ], [ -122.273392, 47.666694 ], [ -122.274075, 47.666694 ], [ -122.274092, 47.667672 ], [ -122.274116, 47.668276 ], [ -122.273783, 47.668347 ] ] ] } },
{ "type": "Feature", "properties": { "GEOID": "530330047032", "population": 1285, "pop_in_seattle": 1284.9999999999995, "area_in_seattle": 407056.10450585961 }, "geometry": { "type": "Polygon", "coordinates": [ [ [ -122.378895, 47.663738 ], [ -122.378895, 47.663955 ], [ -122.378892, 47.664396 ], [ -122.378891, 47.665051 ], [ -122.37889, 47.665477 ], [ -122.37889, 47.665708 ], [ -122.378888, 47.666262 ], [ -122.378888, 47.666436 ], [ -122.378888, 47.666711 ], [ -122.378887, 47.667166 ], [ -122.378886, 47.667427 ], [ -122.378886, 47.667893 ], [ -122.378886, 47.668669 ], [ -122.376216, 47.668665 ], [ -122.373676, 47.668648 ], [ -122.373489, 47.66865 ], [ -122.373495, 47.667888 ], [ -122.373494, 47.667161 ], [ -122.3735, 47.666424 ], [ -122.373511, 47.665706 ], [ -122.372712, 47.665704 ], [ -122.370765, 47.665696 ], [ -122.370766, 47.665041 ], [ -122.370767, 47.664385 ], [ -122.370768, 47.663715 ], [ -122.370768, 47.663656 ], [ -122.370768, 47.663614 ], [ -122.370769, 47.662927 ], [ -122.37077, 47.662198 ], [ -122.37077, 47.662122 ], [ -122.370771, 47.661468 ], [ -122.372691, 47.66147 ], [ -122.373599, 47.661471 ], [ -122.374022, 47.661511 ], [ -122.376027, 47.66153 ], [ -122.376105, 47.661531 ], [ -122.376224, 47.661517 ], [ -122.376224, 47.661592 ], [ -122.377875, 47.662107 ], [ -122.378215, 47.662213 ], [ -122.378452, 47.662278 ], [ -122.378887, 47.662412 ], [ -122.378892, 47.662922 ], [ -122.378895, 47.662937 ], [ -122.378895, 47.663738 ] ] ] } },
{ "type": "Feature", "properties": { "GEOID": "530330033023", "population": 1141, "pop_in_seattle": 1140.9999999999995, "area_in_seattle": 191462.05863766588 }, "geometry": { "type": "Polygon", "coordinates": [ [ [ -122.376815, 47.676327 ], [ -122.376749, 47.676443 ], [ -122.376767, 47.676553 ], [ -122.376765, 47.677709 ], [ -122.376765, 47.6778 ], [ -122.376771, 47.679527 ], [ -122.376172, 47.679532 ], [ -122.375716, 47.679533 ], [ -122.375137, 47.679534 ], [ -122.374659, 47.679531 ], [ -122.374092, 47.679536 ], [ -122.373605, 47.679537 ], [ -122.373003, 47.679538 ], [ -122.37255, 47.679539 ], [ -122.371964, 47.679541 ], [ -122.371959, 47.677805 ], [ -122.371946, 47.675999 ], [ -122.37296, 47.675993 ], [ -122.373158, 47.675993 ], [ -122.373574, 47.675991 ], [ -122.373509, 47.675902 ], [ -122.373486, 47.675274 ], [ -122.373487, 47.674546 ], [ -122.373482, 47.673811 ], [ -122.373665, 47.673811 ], [ -122.376212, 47.673816 ], [ -122.376212, 47.674546 ], [ -122.376212, 47.675278 ], [ -122.376221, 47.675489 ], [ -122.376168, 47.675563 ], [ -122.37612, 47.675683 ], [ -122.376117, 47.675992 ], [ -122.376277, 47.675993 ], [ -122.376513, 47.675996 ], [ -122.376839, 47.675997 ], [ -122.376843, 47.676214 ], [ -122.376815, 47.676327 ] ] ] } },
{ "type": "Feature", "properties": { "GEOID": "530330101011", "population": 1203, "pop_in_seattle": 1203.0000000000002, "area_in_seattle": 211151.43366583821 }, "geometry": { "type": "Polygon", "coordinates": [ [ [ -122.296317, 47.572111 ], [ -122.295146, 47.57252 ], [ -122.294078, 47.572892 ], [ -122.294008, 47.572917 ], [ -122.292832, 47.573327 ], [ -122.292112, 47.573577 ], [ -122.291335, 47.572476 ], [ -122.290986, 47.57247 ], [ -122.291, 47.57158 ], [ -122.291025, 47.569936 ], [ -122.290701, 47.569769 ], [ -122.290849, 47.569708 ], [ -122.29091, 47.56966 ], [ -122.290967, 47.569597 ], [ -122.291072, 47.569455 ], [ -122.291098, 47.569386 ], [ -122.291554, 47.569383 ], [ -122.292022, 47.569379 ], [ -122.29202, 47.569356 ], [ -122.291935, 47.568023 ], [ -122.291909, 47.568019 ], [ -122.291838, 47.567985 ], [ -122.291811, 47.567968 ], [ -122.291761, 47.567936 ], [ -122.291713, 47.567886 ], [ -122.291667, 47.567826 ], [ -122.291637, 47.567762 ], [ -122.291619, 47.567699 ], [ -122.291607, 47.56743 ], [ -122.29161, 47.56731 ], [ -122.291634, 47.567172 ], [ -122.291632, 47.567021 ], [ -122.291616, 47.56686 ], [ -122.291614, 47.566667 ], [ -122.291623, 47.56646 ], [ -122.291605, 47.566276 ], [ -122.291571, 47.566174 ], [ -122.292475, 47.566184 ], [ -122.292928, 47.566196 ], [ -122.293773, 47.567308 ], [ -122.294073, 47.567725 ], [ -122.294258, 47.568011 ], [ -122.29429, 47.568058 ], [ -122.294375, 47.568179 ], [ -122.294658, 47.568613 ], [ -122.294897, 47.56898 ], [ -122.29554, 47.56986 ], [ -122.296734, 47.571555 ], [ -122.296733, 47.571626 ], [ -122.296735, 47.571987 ], [ -122.296317, 47.572111 ] ] ] } },
{ "type": "Feature", "properties": { "GEOID": "530330119013", "population": 1291, "pop_in_seattle": 1291.0000000000002, "area_in_seattle": 526782.65147470532 }, "geometry": { "type": "Polygon", "coordinates": [ [ [ -122.270264, 47.501468 ], [ -122.270202, 47.502629 ], [ -122.269903, 47.502627 ], [ -122.269854, 47.502544 ], [ -122.2698, 47.502434 ], [ -122.269733, 47.502226 ], [ -122.269654, 47.502018 ], [ -122.269484, 47.501736 ], [ -122.269276, 47.50153 ], [ -122.269155, 47.501436 ], [ -122.267554, 47.501414 ], [ -122.267436, 47.501413 ], [ -122.262399, 47.501345 ], [ -122.259529, 47.501306 ], [ -122.259552, 47.500154 ], [ -122.259608, 47.497346 ], [ -122.259638, 47.495987 ], [ -122.259643, 47.495601 ], [ -122.264081, 47.495551 ], [ -122.26427, 47.495571 ], [ -122.264853, 47.495565 ], [ -122.265348, 47.495564 ], [ -122.266417, 47.495563 ], [ -122.266858, 47.495546 ], [ -122.268426, 47.495523 ], [ -122.268575, 47.495524 ], [ -122.269276, 47.495531 ], [ -122.269685, 47.495535 ], [ -122.270261, 47.495541 ], [ -122.270302, 47.495543 ], [ -122.270298, 47.496033 ], [ -122.270294, 47.496354 ], [ -122.270292, 47.496569 ], [ -122.270283, 47.497002 ], [ -122.270282, 47.497059 ], [ -122.270278, 47.497327 ], [ -122.270273, 47.49758 ], [ -122.270227, 47.500282 ], [ -122.270327, 47.500303 ], [ -122.270271, 47.501341 ], [ -122.270264, 47.501468 ] ] ] } },
{ "type": "Feature", "properties": { "GEOID": "530330032011", "population": 1377, "pop_in_seattle": 1377.0, "area_in_seattle": 661276.80399613793 }, "geometry": { "type": "Polygon", "coordinates": [ [ [ -122.402064, 47.668603 ], [ -122.401143, 47.668608 ], [ -122.401132, 47.669544 ], [ -122.401129, 47.669749 ], [ -122.40112, 47.670422 ], [ -122.40111, 47.671299 ], [ -122.400298, 47.671297 ], [ -122.398332, 47.67129 ], [ -122.398331, 47.670927 ], [ -122.395656, 47.670925 ], [ -122.392873, 47.670919 ], [ -122.392876, 47.67019 ], [ -122.392878, 47.669461 ], [ -122.39286, 47.668653 ], [ -122.390216, 47.668666 ], [ -122.387578, 47.668677 ], [ -122.387571, 47.668399 ], [ -122.38764, 47.667966 ], [ -122.387638, 47.66793 ], [ -122.387636, 47.667891 ], [ -122.387634, 47.667841 ], [ -122.387632, 47.667141 ], [ -122.38744, 47.66652 ], [ -122.38744, 47.66614 ], [ -122.38744, 47.66322 ], [ -122.390115, 47.663658 ], [ -122.390665, 47.663747 ], [ -122.391047, 47.66381 ], [ -122.39122, 47.663839 ], [ -122.392223, 47.663976 ], [ -122.392511, 47.664015 ], [ -122.393982, 47.664207 ], [ -122.39718, 47.665012 ], [ -122.399223, 47.665434 ], [ -122.400924, 47.666121 ], [ -122.401642, 47.666421 ], [ -122.402065, 47.666473 ], [ -122.402077, 47.666702 ], [ -122.402124, 47.667533 ], [ -122.402143, 47.667874 ], [ -122.402152, 47.667969 ], [ -122.402177, 47.668225 ], [ -122.402298, 47.668599 ], [ -122.402064, 47.668603 ] ] ] } },
{ "type": "Feature", "properties": { "GEOID": "530330073011", "population": 1538, "pop_in_seattle": 1537.9999999999998, "area_in_seattle": 124031.14246971387 }, "geometry": { "type": "Polygon", "coordinates": [ [ [ -122.331699, 47.619664 ], [ -122.331705, 47.620815 ], [ -122.331713, 47.621966 ], [ -122.33172, 47.623118 ], [ -122.330436, 47.623121 ], [ -122.329158, 47.623125 ], [ -122.328704, 47.623128 ], [ -122.328663, 47.623128 ], [ -122.328662, 47.622779 ], [ -122.328656, 47.621968 ], [ -122.328646, 47.620303 ], [ -122.328635, 47.61957 ], [ -122.328634, 47.619434 ], [ -122.328637, 47.619064 ], [ -122.328657, 47.618823 ], [ -122.328707, 47.618467 ], [ -122.328913, 47.61846 ], [ -122.32913, 47.618452 ], [ -122.329872, 47.618432 ], [ -122.330279, 47.618451 ], [ -122.330308, 47.618452 ], [ -122.330725, 47.61849 ], [ -122.331397, 47.618506 ], [ -122.332244, 47.618509 ], [ -122.332252, 47.619662 ], [ -122.331699, 47.619664 ] ] ] } },
{ "type": "Feature", "properties": { "GEOID": "530330084011", "population": 989, "pop_in_seattle": 989.00000000000023, "area_in_seattle": 87637.555454162721 }, "geometry": { "type": "Polygon", "coordinates": [ [ [ -122.32215, 47.616392 ], [ -122.32217, 47.617561 ], [ -122.320838, 47.617569 ], [ -122.320818, 47.616399 ], [ -122.3208, 47.615234 ], [ -122.320782, 47.614074 ], [ -122.320765, 47.612964 ], [ -122.320931, 47.612983 ], [ -122.321607, 47.612987 ], [ -122.321756, 47.612979 ], [ -122.322095, 47.612985 ], [ -122.323384, 47.612982 ], [ -122.323403, 47.614068 ], [ -122.323417, 47.615229 ], [ -122.323439, 47.616342 ], [ -122.32344, 47.616392 ], [ -122.32215, 47.616392 ] ] ] } },
{ "type": "Feature", "properties": { "GEOID": "530330001021", "population": 1385, "pop_in_seattle": 1384.9999999999998, "area_in_seattle": 1811320.4933949304 }, "geometry": { "type": "Polygon", "coordinates": [ [ [ -122.288415, 47.733729 ], [ -122.28705, 47.733721 ], [ -122.286711, 47.733724 ], [ -122.286323, 47.733729 ], [ -122.285957, 47.733732 ], [ -122.284663, 47.733737 ], [ -122.284538, 47.733737 ], [ -122.283758, 47.733735 ], [ -122.282012, 47.733737 ], [ -122.280634, 47.733735 ], [ -122.279633, 47.733735 ], [ -122.274928, 47.733732 ], [ -122.274397, 47.733732 ], [ -122.274368, 47.73349 ], [ -122.273588, 47.726928 ], [ -122.273519, 47.72668 ], [ -122.273491, 47.726578 ], [ -122.273462, 47.726476 ], [ -122.273307, 47.725913 ], [ -122.273275, 47.725786 ], [ -122.271923, 47.720434 ], [ -122.271223, 47.718857 ], [ -122.278037, 47.71892 ], [ -122.279373, 47.71906 ], [ -122.279475, 47.719045 ], [ -122.280014, 47.719147 ], [ -122.280192, 47.719165 ], [ -122.283218, 47.719188 ], [ -122.283258, 47.719209 ], [ -122.283383, 47.719229 ], [ -122.284107, 47.719231 ], [ -122.284727, 47.719217 ], [ -122.284994, 47.719203 ], [ -122.285331, 47.719206 ], [ -122.285361, 47.719205 ], [ -122.285929, 47.719188 ], [ -122.286291, 47.719214 ], [ -122.286328, 47.72093 ], [ -122.286369, 47.722973 ], [ -122.286437, 47.726415 ], [ -122.286864, 47.726419 ], [ -122.288212, 47.726434 ], [ -122.288672, 47.726438 ], [ -122.28956, 47.726448 ], [ -122.289608, 47.728277 ], [ -122.289656, 47.730098 ], [ -122.289706, 47.73193 ], [ -122.289753, 47.733732 ], [ -122.288415, 47.733729 ] ] ] } },
{ "type": "Feature", "properties": { "GEOID": "530330098022", "population": 1188, "pop_in_seattle": 1187.9999999999993, "area_in_seattle": 324493.1757300251 }, "geometry": { "type": "Polygon", "coordinates": [ [ [ -122.389447, 47.566604 ], [ -122.389274, 47.566603 ], [ -122.388111, 47.566592 ], [ -122.386773, 47.566579 ], [ -122.386773, 47.566497 ], [ -122.386682, 47.566497 ], [ -122.386091, 47.566493 ], [ -122.385453, 47.56649 ], [ -122.384132, 47.566489 ], [ -122.382812, 47.566488 ], [ -122.381451, 47.566488 ], [ -122.381015, 47.566487 ], [ -122.380765, 47.566487 ], [ -122.38009, 47.566487 ], [ -122.378769, 47.566487 ], [ -122.378771, 47.564679 ], [ -122.378773, 47.563262 ], [ -122.379287, 47.562871 ], [ -122.380094, 47.562871 ], [ -122.380988, 47.562871 ], [ -122.381455, 47.562872 ], [ -122.382816, 47.562872 ], [ -122.384137, 47.562872 ], [ -122.385457, 47.562873 ], [ -122.386118, 47.56287 ], [ -122.386645, 47.562872 ], [ -122.386777, 47.562906 ], [ -122.386891, 47.562943 ], [ -122.387396, 47.562945 ], [ -122.388131, 47.562945 ], [ -122.389483, 47.562947 ], [ -122.389481, 47.564756 ], [ -122.389552, 47.564835 ], [ -122.389515, 47.566529 ], [ -122.389447, 47.566604 ] ] ] } },
{ "type": "Feature", "properties": { "GEOID": "530330032022", "population": 1741, "pop_in_seattle": 1741.0000000000005, "area_in_seattle": 274025.27836205187 }, "geometry": { "type": "Polygon", "coordinates": [ [ [ -122.392958, 47.675904 ], [ -122.392974, 47.675552 ], [ -122.392991, 47.675204 ], [ -122.392987, 47.674484 ], [ -122.390112, 47.674508 ], [ -122.390114, 47.674571 ], [ -122.387587, 47.674558 ], [ -122.387587, 47.67383 ], [ -122.387588, 47.673101 ], [ -122.387588, 47.672372 ], [ -122.387589, 47.671644 ], [ -122.387589, 47.670915 ], [ -122.390121, 47.670918 ], [ -122.392873, 47.670919 ], [ -122.395656, 47.670925 ], [ -122.395658, 47.671242 ], [ -122.395661, 47.671654 ], [ -122.395665, 47.672243 ], [ -122.395669, 47.672972 ], [ -122.395674, 47.673701 ], [ -122.395679, 47.67444 ], [ -122.395679, 47.675179 ], [ -122.395681, 47.675527 ], [ -122.395682, 47.675671 ], [ -122.395685, 47.675883 ], [ -122.392958, 47.675904 ] ] ] } },
{ "type": "Feature", "properties": { "GEOID": "530330067032", "population": 1011, "pop_in_seattle": 1011.0000000000005, "area_in_seattle": 173549.75213028269 }, "geometry": { "type": "Polygon", "coordinates": [ [ [ -122.348487, 47.635704 ], [ -122.347483, 47.635702 ], [ -122.347104, 47.635701 ], [ -122.34592, 47.6357 ], [ -122.345233, 47.6357 ], [ -122.343551, 47.635698 ], [ -122.34339, 47.635655 ], [ -122.34338, 47.635446 ], [ -122.343403, 47.633416 ], [ -122.343414, 47.632309 ], [ -122.343423, 47.631418 ], [ -122.34358, 47.631411 ], [ -122.344313, 47.631408 ], [ -122.344952, 47.631407 ], [ -122.346269, 47.631408 ], [ -122.347392, 47.631411 ], [ -122.347646, 47.631411 ], [ -122.347575, 47.631652 ], [ -122.347574, 47.631908 ], [ -122.34757, 47.632299 ], [ -122.348444, 47.632303 ], [ -122.348428, 47.632928 ], [ -122.348393, 47.633153 ], [ -122.34836, 47.633368 ], [ -122.348337, 47.634302 ], [ -122.348498, 47.634781 ], [ -122.348497, 47.634853 ], [ -122.348487, 47.635704 ] ] ] } },
{ "type": "Feature", "properties": { "GEOID": "530330052012", "population": 1340, "pop_in_seattle": 1339.9999999999998, "area_in_seattle": 261768.86530829847 }, "geometry": { "type": "Polygon", "coordinates": [ [ [ -122.328279, 47.660251 ], [ -122.328262, 47.661358 ], [ -122.32826, 47.661593 ], [ -122.328254, 47.662413 ], [ -122.328253, 47.662607 ], [ -122.328267, 47.664831 ], [ -122.328269, 47.665001 ], [ -122.327199, 47.664995 ], [ -122.326127, 47.664989 ], [ -122.32561, 47.664986 ], [ -122.325056, 47.664983 ], [ -122.323985, 47.664976 ], [ -122.322864, 47.664974 ], [ -122.322482, 47.664965 ], [ -122.322265, 47.664964 ], [ -122.321992, 47.664963 ], [ -122.321993, 47.663791 ], [ -122.321999, 47.663658 ], [ -122.322025, 47.663124 ], [ -122.322029, 47.663049 ], [ -122.322129, 47.661792 ], [ -122.322161, 47.66133 ], [ -122.322401, 47.661332 ], [ -122.322547, 47.661333 ], [ -122.322881, 47.661336 ], [ -122.324028, 47.661358 ], [ -122.324054, 47.660201 ], [ -122.325126, 47.660209 ], [ -122.325144, 47.658947 ], [ -122.326215, 47.658955 ], [ -122.327286, 47.658962 ], [ -122.328185, 47.658968 ], [ -122.328298, 47.659038 ], [ -122.328282, 47.660098 ], [ -122.328279, 47.660251 ] ] ] } },
{ "type": "Feature", "properties": { "GEOID": "530330041011", "population": 1163, "pop_in_seattle": 1163.0000000000005, "area_in_seattle": 2671871.5406220583 }, "geometry": { "type": "Polygon", "coordinates": [ [ [ -122.276684, 47.659148 ], [ -122.276681, 47.65986 ], [ -122.276678, 47.660573 ], [ -122.276676, 47.661286 ], [ -122.275809, 47.661283 ], [ -122.274666, 47.661279 ], [ -122.274693, 47.663087 ], [ -122.27472, 47.664891 ], [ -122.274139, 47.664881 ], [ -122.274036, 47.664928 ], [ -122.27233, 47.664931 ], [ -122.270846, 47.664922 ], [ -122.270694, 47.664919 ], [ -122.269572, 47.664923 ], [ -122.269547, 47.664939 ], [ -122.268721, 47.664921 ], [ -122.267669, 47.664899 ], [ -122.266156, 47.664867 ], [ -122.266028, 47.664899 ], [ -122.264038, 47.663602 ], [ -122.239443, 47.658764 ], [ -122.240175, 47.658433 ], [ -122.24199, 47.657767 ], [ -122.245926, 47.656132 ], [ -122.249553, 47.654244 ], [ -122.25103, 47.653346 ], [ -122.251167, 47.653243 ], [ -122.253351, 47.651413 ], [ -122.255292, 47.649384 ], [ -122.256908, 47.647229 ], [ -122.270754, 47.655105 ], [ -122.271771, 47.655896 ], [ -122.271945, 47.65578 ], [ -122.272024, 47.655849 ], [ -122.272382, 47.656164 ], [ -122.272455, 47.656228 ], [ -122.272457, 47.656837 ], [ -122.272492, 47.656955 ], [ -122.272569, 47.657079 ], [ -122.273234, 47.658067 ], [ -122.273248, 47.658137 ], [ -122.273196, 47.658191 ], [ -122.273433, 47.658294 ], [ -122.273677, 47.658377 ], [ -122.273993, 47.658387 ], [ -122.273991, 47.657661 ], [ -122.274661, 47.657662 ], [ -122.275654, 47.657664 ], [ -122.276689, 47.657667 ], [ -122.276686, 47.658407 ], [ -122.276684, 47.659148 ] ] ] } },
{ "type": "Feature", "properties": { "GEOID": "530330103023", "population": 1184, "pop_in_seattle": 1183.9999999999998, "area_in_seattle": 248467.36648886447 }, "geometry": { "type": "Polygon", "coordinates": [ [ [ -122.284909, 47.560724 ], [ -122.284748, 47.560724 ], [ -122.284504, 47.560712 ], [ -122.284314, 47.560714 ], [ -122.284037, 47.560727 ], [ -122.283841, 47.560746 ], [ -122.282313, 47.560734 ], [ -122.282117, 47.560735 ], [ -122.281925, 47.560746 ], [ -122.281819, 47.560743 ], [ -122.281759, 47.560764 ], [ -122.281714, 47.560803 ], [ -122.281689, 47.560846 ], [ -122.281683, 47.56123 ], [ -122.281673, 47.561269 ], [ -122.281663, 47.561306 ], [ -122.28161, 47.561367 ], [ -122.281538, 47.561417 ], [ -122.281398, 47.561478 ], [ -122.280725, 47.56172 ], [ -122.28073, 47.560721 ], [ -122.280731, 47.560542 ], [ -122.280731, 47.560296 ], [ -122.280724, 47.559449 ], [ -122.280724, 47.559364 ], [ -122.280726, 47.558642 ], [ -122.280721, 47.558188 ], [ -122.280718, 47.557835 ], [ -122.280725, 47.55703 ], [ -122.280733, 47.556174 ], [ -122.280737, 47.555803 ], [ -122.280743, 47.555238 ], [ -122.28075, 47.553906 ], [ -122.280755, 47.553408 ], [ -122.283141, 47.553427 ], [ -122.283493, 47.553438 ], [ -122.283485, 47.555486 ], [ -122.283481, 47.555898 ], [ -122.284336, 47.55666 ], [ -122.284499, 47.556844 ], [ -122.284631, 47.557039 ], [ -122.285044, 47.557847 ], [ -122.285445, 47.558654 ], [ -122.285684, 47.559057 ], [ -122.285966, 47.559462 ], [ -122.287005, 47.560717 ], [ -122.284909, 47.560724 ] ] ] } },
{ "type": "Feature", "properties": { "GEOID": "530330099002", "population": 1595, "pop_in_seattle": 1594.9999999999995, "area_in_seattle": 1021351.9382595345 }, "geometry": { "type": "Polygon", "coordinates": [ [ [ -122.376248, 47.557431 ], [ -122.376242, 47.558203 ], [ -122.376238, 47.558655 ], [ -122.376234, 47.559275 ], [ -122.376218, 47.561064 ], [ -122.376204, 47.562033 ], [ -122.376199, 47.562859 ], [ -122.376194, 47.563658 ], [ -122.376191, 47.564075 ], [ -122.376191, 47.564535 ], [ -122.376113, 47.564704 ], [ -122.37609, 47.564824 ], [ -122.37606, 47.564889 ], [ -122.376004, 47.564958 ], [ -122.375384, 47.564957 ], [ -122.373798, 47.564977 ], [ -122.373163, 47.566038 ], [ -122.372113, 47.567812 ], [ -122.372049, 47.567932 ], [ -122.371731, 47.567788 ], [ -122.371381, 47.567684 ], [ -122.37101, 47.567622 ], [ -122.370767, 47.567607 ], [ -122.370777, 47.566883 ], [ -122.370789, 47.56616 ], [ -122.3708, 47.565436 ], [ -122.370809, 47.564712 ], [ -122.367285, 47.56472 ], [ -122.366189, 47.564722 ], [ -122.365945, 47.564723 ], [ -122.365461, 47.564724 ], [ -122.365477, 47.562907 ], [ -122.365492, 47.561098 ], [ -122.365514, 47.559317 ], [ -122.365536, 47.55748 ], [ -122.365732, 47.55749 ], [ -122.365911, 47.557511 ], [ -122.366039, 47.557515 ], [ -122.366192, 47.557497 ], [ -122.366215, 47.555308 ], [ -122.366336, 47.553769 ], [ -122.366803, 47.553772 ], [ -122.367931, 47.553781 ], [ -122.368248, 47.553783 ], [ -122.36842, 47.553783 ], [ -122.36963, 47.553783 ], [ -122.370725, 47.553782 ], [ -122.370804, 47.553776 ], [ -122.370854, 47.553763 ], [ -122.37089, 47.553738 ], [ -122.372306, 47.553727 ], [ -122.372336, 47.553737 ], [ -122.372405, 47.553744 ], [ -122.372455, 47.553735 ], [ -122.372487, 47.553704 ], [ -122.374377, 47.553813 ], [ -122.374821, 47.553826 ], [ -122.374886, 47.553824 ], [ -122.374942, 47.553805 ], [ -122.374973, 47.553753 ], [ -122.375018, 47.553776 ], [ -122.375142, 47.553776 ], [ -122.376278, 47.553779 ], [ -122.376263, 47.5556 ], [ -122.376248, 47.557431 ] ] ] } },
{ "type": "Feature", "properties": { "GEOID": "530330006012", "population": 1243, "pop_in_seattle": 1242.9999999999991, "area_in_seattle": 769148.27812382625 }, "geometry": { "type": "Polygon", "coordinates": [ [ [ -122.333861, 47.71712 ], [ -122.33207, 47.717108 ], [ -122.331494, 47.717104 ], [ -122.331087, 47.717101 ], [ -122.330959, 47.717101 ], [ -122.328857, 47.717084 ], [ -122.328874, 47.717468 ], [ -122.328926, 47.718593 ], [ -122.328969, 47.719522 ], [ -122.328956, 47.720458 ], [ -122.328939, 47.721649 ], [ -122.328935, 47.721995 ], [ -122.32892, 47.723164 ], [ -122.328895, 47.724983 ], [ -122.328889, 47.725409 ], [ -122.32888, 47.726114 ], [ -122.327551, 47.725469 ], [ -122.326507, 47.724961 ], [ -122.326225, 47.724805 ], [ -122.325017, 47.724065 ], [ -122.32444, 47.723652 ], [ -122.324191, 47.723473 ], [ -122.323566, 47.723093 ], [ -122.32357, 47.722569 ], [ -122.323572, 47.722312 ], [ -122.323579, 47.721301 ], [ -122.323593, 47.719484 ], [ -122.323571, 47.718742 ], [ -122.32354, 47.717671 ], [ -122.323488, 47.715857 ], [ -122.323475, 47.71542 ], [ -122.323467, 47.715148 ], [ -122.323435, 47.714044 ], [ -122.323395, 47.712646 ], [ -122.323383, 47.712231 ], [ -122.324769, 47.712238 ], [ -122.326051, 47.712245 ], [ -122.327434, 47.712253 ], [ -122.327702, 47.712278 ], [ -122.328006, 47.712305 ], [ -122.328181, 47.712312 ], [ -122.328492, 47.712309 ], [ -122.328646, 47.7123 ], [ -122.32873, 47.712289 ], [ -122.328964, 47.712261 ], [ -122.330055, 47.712267 ], [ -122.331389, 47.712275 ], [ -122.33317, 47.712285 ], [ -122.333322, 47.712286 ], [ -122.334058, 47.712289 ], [ -122.334075, 47.713409 ], [ -122.334086, 47.714103 ], [ -122.334101, 47.715055 ], [ -122.334104, 47.715288 ], [ -122.334106, 47.715378 ], [ -122.334115, 47.715926 ], [ -122.334134, 47.717122 ], [ -122.333861, 47.71712 ] ] ] } },
{ "type": "Feature", "properties": { "GEOID": "530330059023", "population": 1375, "pop_in_seattle": 1374.9999999999998, "area_in_seattle": 437067.87453945132 }, "geometry": { "type": "Polygon", "coordinates": [ [ [ -122.369485, 47.642013 ], [ -122.368933, 47.642013 ], [ -122.368259, 47.642013 ], [ -122.367577, 47.642013 ], [ -122.367552, 47.643111 ], [ -122.367543, 47.643584 ], [ -122.367535, 47.644309 ], [ -122.367527, 47.645035 ], [ -122.367526, 47.645188 ], [ -122.367526, 47.645342 ], [ -122.367524, 47.6456 ], [ -122.367523, 47.645859 ], [ -122.367518, 47.646848 ], [ -122.366257, 47.646853 ], [ -122.365709, 47.646853 ], [ -122.363484, 47.646861 ], [ -122.363467, 47.646655 ], [ -122.362188, 47.646647 ], [ -122.360897, 47.646651 ], [ -122.360897, 47.645801 ], [ -122.360899, 47.645323 ], [ -122.3609, 47.644951 ], [ -122.360904, 47.6441 ], [ -122.360907, 47.643266 ], [ -122.360907, 47.643232 ], [ -122.360915, 47.642026 ], [ -122.36092, 47.641429 ], [ -122.360932, 47.639596 ], [ -122.362274, 47.639595 ], [ -122.363612, 47.639595 ], [ -122.364952, 47.639594 ], [ -122.366291, 47.639594 ], [ -122.366661, 47.639582 ], [ -122.366948, 47.639583 ], [ -122.367614, 47.639585 ], [ -122.367629, 47.639595 ], [ -122.368291, 47.639595 ], [ -122.368966, 47.639595 ], [ -122.369529, 47.639595 ], [ -122.369501, 47.640758 ], [ -122.369485, 47.642013 ] ] ] } },
{ "type": "Feature", "properties": { "GEOID": "530330072013", "population": 1786, "pop_in_seattle": 1785.9999999999995, "area_in_seattle": 38682.974647013027 }, "geometry": { "type": "Polygon", "coordinates": [ [ [ -122.345008, 47.618559 ], [ -122.343777, 47.618554 ], [ -122.343668, 47.618554 ], [ -122.34358, 47.618553 ], [ -122.343582, 47.61832 ], [ -122.343583, 47.618086 ], [ -122.343585, 47.617867 ], [ -122.343613, 47.617619 ], [ -122.343633, 47.617535 ], [ -122.343593, 47.61751 ], [ -122.343517, 47.617466 ], [ -122.342216, 47.616696 ], [ -122.343071, 47.616035 ], [ -122.344328, 47.616775 ], [ -122.344375, 47.616803 ], [ -122.344426, 47.616833 ], [ -122.34487, 47.617093 ], [ -122.345313, 47.617354 ], [ -122.346247, 47.617907 ], [ -122.345368, 47.618561 ], [ -122.345008, 47.618559 ] ] ] } },
{ "type": "Feature", "properties": { "GEOID": "530330052021", "population": 1231, "pop_in_seattle": 1231.0, "area_in_seattle": 69914.645752465018 }, "geometry": { "type": "Polygon", "coordinates": [ [ [ -122.322161, 47.66133 ], [ -122.321934, 47.661328 ], [ -122.321755, 47.661325 ], [ -122.320827, 47.661316 ], [ -122.319774, 47.661311 ], [ -122.319569, 47.66131 ], [ -122.318779, 47.661304 ], [ -122.318421, 47.661302 ], [ -122.31764, 47.661297 ], [ -122.317709, 47.661164 ], [ -122.317729, 47.6604 ], [ -122.31774, 47.659948 ], [ -122.317743, 47.659848 ], [ -122.317753, 47.659454 ], [ -122.318788, 47.659456 ], [ -122.319783, 47.659459 ], [ -122.320838, 47.659461 ], [ -122.321462, 47.659455 ], [ -122.321548, 47.659461 ], [ -122.321781, 47.659454 ], [ -122.321923, 47.659452 ], [ -122.322085, 47.65945 ], [ -122.322323, 47.659448 ], [ -122.322277, 47.65999 ], [ -122.322161, 47.66133 ] ] ] } },
{ "type": "Feature", "properties": { "GEOID": "530330036021", "population": 1818, "pop_in_seattle": 1818.0, "area_in_seattle": 170161.10550116486 }, "geometry": { "type": "Polygon", "coordinates": [ [ [ -122.320796, 47.681069 ], [ -122.320668, 47.681191 ], [ -122.320628, 47.681229 ], [ -122.320545, 47.681288 ], [ -122.320377, 47.681379 ], [ -122.319836, 47.68165 ], [ -122.319631, 47.681775 ], [ -122.319315, 47.681941 ], [ -122.319021, 47.682084 ], [ -122.317696, 47.682702 ], [ -122.317483, 47.682802 ], [ -122.317482, 47.68272 ], [ -122.317473, 47.682233 ], [ -122.317459, 47.681552 ], [ -122.317444, 47.680861 ], [ -122.317429, 47.68017 ], [ -122.317415, 47.679468 ], [ -122.317405, 47.678739 ], [ -122.317395, 47.678011 ], [ -122.317385, 47.677282 ], [ -122.317375, 47.676553 ], [ -122.317365, 47.675828 ], [ -122.318703, 47.675839 ], [ -122.319344, 47.675844 ], [ -122.320054, 47.67585 ], [ -122.320459, 47.675852 ], [ -122.320706, 47.675855 ], [ -122.320652, 47.67652 ], [ -122.320643, 47.677248 ], [ -122.320732, 47.6795 ], [ -122.320736, 47.679584 ], [ -122.320762, 47.6802 ], [ -122.320819, 47.680727 ], [ -122.320856, 47.68098 ], [ -122.320796, 47.681069 ] ] ] } },
{ "type": "Feature", "properties": { "GEOID": "530330052013", "population": 1226, "pop_in_seattle": 1226.0, "area_in_seattle": 139899.12188370919 }, "geometry": { "type": "Polygon", "coordinates": [ [ [ -122.322029, 47.663049 ], [ -122.322025, 47.663124 ], [ -122.321999, 47.663658 ], [ -122.321993, 47.663791 ], [ -122.321992, 47.664963 ], [ -122.321788, 47.664962 ], [ -122.321748, 47.664965 ], [ -122.32167, 47.664964 ], [ -122.320704, 47.664956 ], [ -122.319873, 47.664951 ], [ -122.319543, 47.664949 ], [ -122.318412, 47.664942 ], [ -122.317405, 47.664936 ], [ -122.317425, 47.663116 ], [ -122.317468, 47.66168 ], [ -122.317491, 47.66156 ], [ -122.317532, 47.661445 ], [ -122.31764, 47.661297 ], [ -122.318421, 47.661302 ], [ -122.318779, 47.661304 ], [ -122.319569, 47.66131 ], [ -122.319774, 47.661311 ], [ -122.320827, 47.661316 ], [ -122.321755, 47.661325 ], [ -122.321934, 47.661328 ], [ -122.322161, 47.66133 ], [ -122.322129, 47.661792 ], [ -122.322029, 47.663049 ] ] ] } },
{ "type": "Feature", "properties": { "GEOID": "530330084022", "population": 909, "pop_in_seattle": 908.99999999999966, "area_in_seattle": 44126.090981755959 }, "geometry": { "type": "Polygon", "coordinates": [ [ [ -122.329243, 47.616092 ], [ -122.329036, 47.61618 ], [ -122.328848, 47.61626 ], [ -122.328543, 47.616389 ], [ -122.328255, 47.616495 ], [ -122.327882, 47.616632 ], [ -122.326795, 47.617087 ], [ -122.326789, 47.61634 ], [ -122.326806, 47.615216 ], [ -122.326822, 47.614086 ], [ -122.327286, 47.614087 ], [ -122.327437, 47.61407 ], [ -122.327526, 47.614043 ], [ -122.327806, 47.613928 ], [ -122.327923, 47.614056 ], [ -122.328713, 47.614919 ], [ -122.329034, 47.615268 ], [ -122.329172, 47.615419 ], [ -122.32928, 47.615534 ], [ -122.329404, 47.615671 ], [ -122.329243, 47.616092 ] ] ] } },
{ "type": "Feature", "properties": { "GEOID": "530330073022", "population": 2029, "pop_in_seattle": 2029.0000000000009, "area_in_seattle": 171290.30969209541 }, "geometry": { "type": "Polygon", "coordinates": [ [ [ -122.336302, 47.618532 ], [ -122.335878, 47.618522 ], [ -122.335322, 47.61852 ], [ -122.335147, 47.61853 ], [ -122.334304, 47.618529 ], [ -122.333622, 47.618532 ], [ -122.333389, 47.618513 ], [ -122.332975, 47.618511 ], [ -122.332244, 47.618509 ], [ -122.331397, 47.618506 ], [ -122.330725, 47.61849 ], [ -122.330308, 47.618452 ], [ -122.330279, 47.618451 ], [ -122.329872, 47.618432 ], [ -122.32913, 47.618452 ], [ -122.328913, 47.61846 ], [ -122.328707, 47.618467 ], [ -122.328799, 47.617811 ], [ -122.328898, 47.617311 ], [ -122.329094, 47.616619 ], [ -122.329243, 47.616092 ], [ -122.329378, 47.616035 ], [ -122.329588, 47.615946 ], [ -122.329638, 47.615925 ], [ -122.330732, 47.615448 ], [ -122.33143, 47.615156 ], [ -122.331813, 47.615006 ], [ -122.331913, 47.61506 ], [ -122.332308, 47.615487 ], [ -122.333579, 47.616279 ], [ -122.334438, 47.615615 ], [ -122.335297, 47.614951 ], [ -122.336597, 47.615719 ], [ -122.335737, 47.616384 ], [ -122.334879, 47.617048 ], [ -122.336179, 47.617816 ], [ -122.337124, 47.618425 ], [ -122.337176, 47.618469 ], [ -122.337214, 47.61853 ], [ -122.336302, 47.618532 ] ] ] } },
{ "type": "Feature", "properties": { "GEOID": "530330118011", "population": 1327, "pop_in_seattle": 1326.9999999999993, "area_in_seattle": 1052733.6691471662 }, "geometry": { "type": "Polygon", "coordinates": [ [ [ -122.26991, 47.531667 ], [ -122.268806, 47.531662 ], [ -122.26817, 47.531661 ], [ -122.268022, 47.531665 ], [ -122.267665, 47.531665 ], [ -122.266403, 47.531669 ], [ -122.266253, 47.531672 ], [ -122.264642, 47.531642 ], [ -122.264353, 47.531643 ], [ -122.263931, 47.53166 ], [ -122.263134, 47.531721 ], [ -122.262318, 47.531727 ], [ -122.254699, 47.532185 ], [ -122.254241, 47.530623 ], [ -122.253544, 47.529103 ], [ -122.253127, 47.528445 ], [ -122.252617, 47.52764 ], [ -122.251468, 47.526251 ], [ -122.251192, 47.525962 ], [ -122.251058, 47.52586 ], [ -122.249087, 47.524407 ], [ -122.259305, 47.523304 ], [ -122.261807, 47.523306 ], [ -122.262979, 47.523307 ], [ -122.263174, 47.523308 ], [ -122.263473, 47.523304 ], [ -122.263769, 47.523301 ], [ -122.264557, 47.523291 ], [ -122.264636, 47.524466 ], [ -122.264761, 47.524531 ], [ -122.266476, 47.525817 ], [ -122.266477, 47.526309 ], [ -122.266478, 47.526893 ], [ -122.26756, 47.527706 ], [ -122.269464, 47.529135 ], [ -122.269989, 47.529128 ], [ -122.26999, 47.529529 ], [ -122.269991, 47.530347 ], [ -122.269993, 47.53158 ], [ -122.269992, 47.531668 ], [ -122.26991, 47.531667 ] ] ] } },
{ "type": "Feature", "properties": { "GEOID": "530330072032", "population": 1671, "pop_in_seattle": 1671.0000000000005, "area_in_seattle": 282200.45872091141 }, "geometry": { "type": "Polygon", "coordinates": [ [ [ -122.350176, 47.625431 ], [ -122.348871, 47.625426 ], [ -122.347546, 47.625424 ], [ -122.346261, 47.625416 ], [ -122.344955, 47.625411 ], [ -122.343729, 47.625407 ], [ -122.343587, 47.625406 ], [ -122.343593, 47.62455 ], [ -122.343598, 47.623892 ], [ -122.343599, 47.623771 ], [ -122.3436, 47.623626 ], [ -122.343603, 47.623227 ], [ -122.343604, 47.623111 ], [ -122.343611, 47.622059 ], [ -122.34362, 47.620891 ], [ -122.343628, 47.619724 ], [ -122.343625, 47.619504 ], [ -122.343598, 47.619197 ], [ -122.343579, 47.618621 ], [ -122.34358, 47.618553 ], [ -122.343668, 47.618554 ], [ -122.343777, 47.618554 ], [ -122.345008, 47.618559 ], [ -122.345368, 47.618561 ], [ -122.346318, 47.618564 ], [ -122.347283, 47.618575 ], [ -122.347577, 47.618575 ], [ -122.347674, 47.618575 ], [ -122.348606, 47.618574 ], [ -122.348924, 47.618574 ], [ -122.350357, 47.61858 ], [ -122.34886, 47.619742 ], [ -122.347605, 47.620714 ], [ -122.347603, 47.620906 ], [ -122.347588, 47.622063 ], [ -122.347646, 47.622165 ], [ -122.347645, 47.623249 ], [ -122.347648, 47.624442 ], [ -122.347561, 47.624549 ], [ -122.348879, 47.624563 ], [ -122.351489, 47.624568 ], [ -122.351482, 47.625436 ], [ -122.350176, 47.625431 ] ] ] } },
{ "type": "Feature", "properties": { "GEOID": "530330066003", "population": 1140, "pop_in_seattle": 1140.0000000000002, "area_in_seattle": 385100.17519259622 }, "geometry": { "type": "Polygon", "coordinates": [ [ [ -122.328679, 47.62662 ], [ -122.328677, 47.626915 ], [ -122.328589, 47.627589 ], [ -122.328493, 47.627931 ], [ -122.328424, 47.628119 ], [ -122.328269, 47.62815 ], [ -122.328249, 47.628194 ], [ -122.328156, 47.628393 ], [ -122.328028, 47.628613 ], [ -122.327948, 47.628731 ], [ -122.327662, 47.629071 ], [ -122.327456, 47.629285 ], [ -122.327243, 47.629469 ], [ -122.326704, 47.629952 ], [ -122.32655, 47.630087 ], [ -122.32527, 47.63122 ], [ -122.324859, 47.631647 ], [ -122.324565, 47.632019 ], [ -122.324412, 47.632258 ], [ -122.324302, 47.632428 ], [ -122.32415, 47.632733 ], [ -122.323473, 47.634398 ], [ -122.323227, 47.635165 ], [ -122.323127, 47.635582 ], [ -122.322995, 47.636398 ], [ -122.322937, 47.636985 ], [ -122.322899, 47.63857 ], [ -122.322875, 47.639539 ], [ -122.322557, 47.639533 ], [ -122.322476, 47.639533 ], [ -122.322314, 47.639539 ], [ -122.321354, 47.639541 ], [ -122.321356, 47.638387 ], [ -122.321358, 47.637254 ], [ -122.321396, 47.636421 ], [ -122.321387, 47.636317 ], [ -122.321337, 47.636155 ], [ -122.321292, 47.636063 ], [ -122.3212, 47.635962 ], [ -122.321153, 47.635905 ], [ -122.321118, 47.635791 ], [ -122.321152, 47.635025 ], [ -122.320098, 47.635025 ], [ -122.320112, 47.634301 ], [ -122.320105, 47.634062 ], [ -122.319969, 47.633686 ], [ -122.319936, 47.633549 ], [ -122.319935, 47.633044 ], [ -122.31996, 47.632907 ], [ -122.320103, 47.63264 ], [ -122.320194, 47.632423 ], [ -122.320208, 47.632277 ], [ -122.320211, 47.630488 ], [ -122.321265, 47.630489 ], [ -122.322253, 47.630491 ], [ -122.322276, 47.630487 ], [ -122.322302, 47.630469 ], [ -122.322339, 47.6304 ], [ -122.322369, 47.628666 ], [ -122.323518, 47.628667 ], [ -122.323533, 47.627869 ], [ -122.324246, 47.627655 ], [ -122.325429, 47.6273 ], [ -122.325584, 47.627254 ], [ -122.325962, 47.62714 ], [ -122.326544, 47.626966 ], [ -122.3266, 47.626961 ], [ -122.326605, 47.625117 ], [ -122.327277, 47.625117 ], [ -122.327888, 47.625117 ], [ -122.328139, 47.625116 ], [ -122.328569, 47.625115 ], [ -122.328675, 47.625115 ], [ -122.328677, 47.625368 ], [ -122.328677, 47.625433 ], [ -122.328682, 47.626299 ], [ -122.328681, 47.62648 ], [ -122.328679, 47.62662 ] ] ] } },
{ "type": "Feature", "properties": { "GEOID": "530330061005", "population": 1428, "pop_in_seattle": 1427.9999999999998, "area_in_seattle": 400949.76206084824 }, "geometry": { "type": "Polygon", "coordinates": [ [ [ -122.328977, 47.643338 ], [ -122.32878, 47.643249 ], [ -122.328648, 47.643185 ], [ -122.32859, 47.643192 ], [ -122.327559, 47.64319 ], [ -122.327075, 47.64319 ], [ -122.326506, 47.643189 ], [ -122.325889, 47.643189 ], [ -122.324629, 47.643188 ], [ -122.323376, 47.643185 ], [ -122.3232, 47.643185 ], [ -122.322949, 47.643186 ], [ -122.322783, 47.643187 ], [ -122.322792, 47.642883 ], [ -122.322821, 47.641871 ], [ -122.322871, 47.639717 ], [ -122.323079, 47.639721 ], [ -122.323306, 47.639726 ], [ -122.323463, 47.639725 ], [ -122.324679, 47.639725 ], [ -122.325893, 47.639725 ], [ -122.32711, 47.639725 ], [ -122.328357, 47.639726 ], [ -122.329411, 47.639727 ], [ -122.329691, 47.639759 ], [ -122.337538, 47.63972 ], [ -122.332621, 47.644458 ], [ -122.328977, 47.643338 ] ] ] } },
{ "type": "Feature", "properties": { "GEOID": "530330072031", "population": 1750, "pop_in_seattle": 1750.0, "area_in_seattle": 297000.88853003492 }, "geometry": { "type": "Polygon", "coordinates": [ [ [ -122.34362, 47.620891 ], [ -122.343611, 47.622059 ], [ -122.343604, 47.623111 ], [ -122.343603, 47.623227 ], [ -122.3436, 47.623626 ], [ -122.343599, 47.623771 ], [ -122.343598, 47.623892 ], [ -122.343593, 47.62455 ], [ -122.343587, 47.625406 ], [ -122.342343, 47.625402 ], [ -122.341145, 47.625395 ], [ -122.34102, 47.625412 ], [ -122.340939, 47.625422 ], [ -122.339875, 47.625424 ], [ -122.339737, 47.625391 ], [ -122.33888, 47.625668 ], [ -122.338737, 47.625708 ], [ -122.33859, 47.625731 ], [ -122.33852, 47.625624 ], [ -122.338472, 47.625514 ], [ -122.338444, 47.625395 ], [ -122.338423, 47.625227 ], [ -122.338437, 47.624551 ], [ -122.338448, 47.623207 ], [ -122.338457, 47.622039 ], [ -122.338467, 47.620872 ], [ -122.338477, 47.619704 ], [ -122.338486, 47.618532 ], [ -122.338597, 47.618533 ], [ -122.339378, 47.618536 ], [ -122.339888, 47.618539 ], [ -122.341374, 47.618545 ], [ -122.342404, 47.618548 ], [ -122.343477, 47.618553 ], [ -122.34358, 47.618553 ], [ -122.343579, 47.618621 ], [ -122.343598, 47.619197 ], [ -122.343625, 47.619504 ], [ -122.343628, 47.619724 ], [ -122.34362, 47.620891 ] ] ] } },
{ "type": "Feature", "properties": { "GEOID": "530330118023", "population": 1497, "pop_in_seattle": 1497.0, "area_in_seattle": 339088.01222792716 }, "geometry": { "type": "Polygon", "coordinates": [ [ [ -122.27431, 47.522349 ], [ -122.272939, 47.522359 ], [ -122.272864, 47.522348 ], [ -122.272804, 47.522332 ], [ -122.271408, 47.522332 ], [ -122.270057, 47.522323 ], [ -122.269992, 47.522322 ], [ -122.269988, 47.523305 ], [ -122.269278, 47.523304 ], [ -122.267316, 47.523299 ], [ -122.266334, 47.523296 ], [ -122.266334, 47.523248 ], [ -122.266348, 47.52157 ], [ -122.266326, 47.521492 ], [ -122.266265, 47.52143 ], [ -122.266172, 47.521384 ], [ -122.266054, 47.521367 ], [ -122.264796, 47.521375 ], [ -122.26464, 47.521405 ], [ -122.264203, 47.521552 ], [ -122.264057, 47.521375 ], [ -122.263861, 47.521196 ], [ -122.262841, 47.520397 ], [ -122.262769, 47.520275 ], [ -122.262779, 47.520115 ], [ -122.265092, 47.519832 ], [ -122.266163, 47.519839 ], [ -122.266177, 47.519017 ], [ -122.266259, 47.51892 ], [ -122.266288, 47.516827 ], [ -122.267451, 47.516834 ], [ -122.269614, 47.516847 ], [ -122.270023, 47.517149 ], [ -122.270253, 47.517347 ], [ -122.270504, 47.517594 ], [ -122.270716, 47.51785 ], [ -122.270882, 47.518051 ], [ -122.271027, 47.518269 ], [ -122.271288, 47.518723 ], [ -122.271506, 47.519046 ], [ -122.271892, 47.519519 ], [ -122.272343, 47.519965 ], [ -122.272679, 47.520247 ], [ -122.272929, 47.520438 ], [ -122.273823, 47.521121 ], [ -122.274327, 47.521504 ], [ -122.274331, 47.522061 ], [ -122.27431, 47.522349 ] ] ] } },
{ "type": "Feature", "properties": { "GEOID": "530330070023", "population": 1398, "pop_in_seattle": 1398.0, "area_in_seattle": 132691.31970728136 }, "geometry": { "type": "Polygon", "coordinates": [ [ [ -122.356705, 47.625713 ], [ -122.356699, 47.626315 ], [ -122.356691, 47.627191 ], [ -122.355384, 47.627187 ], [ -122.354079, 47.627183 ], [ -122.352773, 47.627177 ], [ -122.351468, 47.627172 ], [ -122.350163, 47.627167 ], [ -122.35017, 47.626289 ], [ -122.350176, 47.625431 ], [ -122.351482, 47.625436 ], [ -122.351489, 47.624568 ], [ -122.352794, 47.624571 ], [ -122.3541, 47.624574 ], [ -122.355406, 47.624576 ], [ -122.356711, 47.624581 ], [ -122.356704, 47.625452 ], [ -122.356705, 47.625713 ] ] ] } },
{ "type": "Feature", "properties": { "GEOID": "530330006011", "population": 1459, "pop_in_seattle": 1459.0000000000009, "area_in_seattle": 248078.73859804546 }, "geometry": { "type": "Polygon", "coordinates": [ [ [ -122.317681, 47.719582 ], [ -122.317361, 47.719501 ], [ -122.317002, 47.71944 ], [ -122.316175, 47.719435 ], [ -122.315408, 47.71943 ], [ -122.314796, 47.719427 ], [ -122.314044, 47.719438 ], [ -122.31268, 47.719436 ], [ -122.312618, 47.7176 ], [ -122.312557, 47.715789 ], [ -122.312514, 47.71468 ], [ -122.312518, 47.714408 ], [ -122.312541, 47.714275 ], [ -122.312598, 47.714167 ], [ -122.312783, 47.713977 ], [ -122.313894, 47.713985 ], [ -122.315231, 47.713994 ], [ -122.317966, 47.71401 ], [ -122.318022, 47.715823 ], [ -122.318041, 47.716404 ], [ -122.318054, 47.716839 ], [ -122.318079, 47.717636 ], [ -122.318135, 47.719448 ], [ -122.317681, 47.719582 ] ] ] } },
{ "type": "Feature", "properties": { "GEOID": "530330047012", "population": 1214, "pop_in_seattle": 1213.9999999999993, "area_in_seattle": 521399.53795246716 }, "geometry": { "type": "Polygon", "coordinates": [ [ [ -122.387571, 47.668399 ], [ -122.387578, 47.668677 ], [ -122.387589, 47.669456 ], [ -122.387589, 47.670186 ], [ -122.387589, 47.670915 ], [ -122.387511, 47.670914 ], [ -122.384744, 47.670911 ], [ -122.384744, 47.670181 ], [ -122.384744, 47.669452 ], [ -122.384747, 47.668677 ], [ -122.384494, 47.668676 ], [ -122.382356, 47.666862 ], [ -122.382134, 47.666674 ], [ -122.380905, 47.66563 ], [ -122.380816, 47.665555 ], [ -122.380058, 47.664911 ], [ -122.380007, 47.664868 ], [ -122.379119, 47.664114 ], [ -122.378895, 47.663955 ], [ -122.378895, 47.663738 ], [ -122.378895, 47.662937 ], [ -122.378892, 47.662922 ], [ -122.378887, 47.662412 ], [ -122.378452, 47.662278 ], [ -122.378215, 47.662213 ], [ -122.377875, 47.662107 ], [ -122.376224, 47.661592 ], [ -122.376224, 47.661517 ], [ -122.376224, 47.660972 ], [ -122.376224, 47.659353 ], [ -122.380401, 47.660075 ], [ -122.38744, 47.66322 ], [ -122.38744, 47.66614 ], [ -122.38744, 47.66652 ], [ -122.387632, 47.667141 ], [ -122.387634, 47.667841 ], [ -122.387636, 47.667891 ], [ -122.387638, 47.66793 ], [ -122.38764, 47.667966 ], [ -122.387571, 47.668399 ] ] ] } },
{ "type": "Feature", "properties": { "GEOID": "530330119012", "population": 1105, "pop_in_seattle": 1105.0000000000005, "area_in_seattle": 426622.2205223788 }, "geometry": { "type": "Polygon", "coordinates": [ [ [ -122.270166, 47.504475 ], [ -122.270157, 47.504896 ], [ -122.2675, 47.504873 ], [ -122.264821, 47.504849 ], [ -122.264817, 47.505065 ], [ -122.264806, 47.505754 ], [ -122.264799, 47.506128 ], [ -122.263105, 47.506122 ], [ -122.263082, 47.508236 ], [ -122.261261, 47.508226 ], [ -122.259439, 47.508218 ], [ -122.259446, 47.507681 ], [ -122.259464, 47.506108 ], [ -122.259478, 47.504875 ], [ -122.259484, 47.504358 ], [ -122.259492, 47.503648 ], [ -122.259491, 47.503571 ], [ -122.259499, 47.50329 ], [ -122.259503, 47.502954 ], [ -122.259497, 47.502648 ], [ -122.259515, 47.502537 ], [ -122.259516, 47.502408 ], [ -122.259529, 47.501306 ], [ -122.262399, 47.501345 ], [ -122.267436, 47.501413 ], [ -122.267554, 47.501414 ], [ -122.269155, 47.501436 ], [ -122.269276, 47.50153 ], [ -122.269484, 47.501736 ], [ -122.269654, 47.502018 ], [ -122.269733, 47.502226 ], [ -122.2698, 47.502434 ], [ -122.269854, 47.502544 ], [ -122.269903, 47.502627 ], [ -122.270202, 47.502629 ], [ -122.270175, 47.503177 ], [ -122.270166, 47.504475 ] ] ] } },
{ "type": "Feature", "properties": { "GEOID": "530330006013", "population": 1372, "pop_in_seattle": 1371.9999999999995, "area_in_seattle": 412987.42690984433 }, "geometry": { "type": "Polygon", "coordinates": [ [ [ -122.320864, 47.719466 ], [ -122.318135, 47.719448 ], [ -122.318079, 47.717636 ], [ -122.318054, 47.716839 ], [ -122.318041, 47.716404 ], [ -122.318022, 47.715823 ], [ -122.317966, 47.71401 ], [ -122.315231, 47.713994 ], [ -122.313894, 47.713985 ], [ -122.312783, 47.713977 ], [ -122.312598, 47.714167 ], [ -122.31254, 47.714088 ], [ -122.312496, 47.713977 ], [ -122.312435, 47.712165 ], [ -122.313804, 47.712173 ], [ -122.315194, 47.712196 ], [ -122.31791, 47.712198 ], [ -122.319278, 47.712206 ], [ -122.320646, 47.712214 ], [ -122.322014, 47.712222 ], [ -122.323383, 47.712231 ], [ -122.323395, 47.712646 ], [ -122.323435, 47.714044 ], [ -122.323467, 47.715148 ], [ -122.323475, 47.71542 ], [ -122.323488, 47.715857 ], [ -122.32354, 47.717671 ], [ -122.323571, 47.718742 ], [ -122.323593, 47.719484 ], [ -122.320864, 47.719466 ] ] ] } },
{ "type": "Feature", "properties": { "GEOID": "530330106023", "population": 1220, "pop_in_seattle": 1220.0, "area_in_seattle": 303025.05792941939 }, "geometry": { "type": "Polygon", "coordinates": [ [ [ -122.393772, 47.550277 ], [ -122.393702, 47.552189 ], [ -122.392409, 47.552181 ], [ -122.391101, 47.552164 ], [ -122.389822, 47.552147 ], [ -122.388521, 47.55213 ], [ -122.38704, 47.552109 ], [ -122.387093, 47.550299 ], [ -122.387146, 47.54849 ], [ -122.387197, 47.546681 ], [ -122.388679, 47.546701 ], [ -122.389979, 47.546718 ], [ -122.391259, 47.546735 ], [ -122.392538, 47.546752 ], [ -122.393874, 47.54677 ], [ -122.393821, 47.548579 ], [ -122.393772, 47.550277 ] ] ] } },
{ "type": "Feature", "properties": { "GEOID": "530330106012", "population": 1373, "pop_in_seattle": 1373.0000000000007, "area_in_seattle": 327052.01829103951 }, "geometry": { "type": "Polygon", "coordinates": [ [ [ -122.387204, 47.546032 ], [ -122.387197, 47.546681 ], [ -122.387146, 47.54849 ], [ -122.385684, 47.548471 ], [ -122.384384, 47.548454 ], [ -122.383085, 47.548437 ], [ -122.381787, 47.54842 ], [ -122.381262, 47.54841 ], [ -122.38107, 47.548407 ], [ -122.380421, 47.548395 ], [ -122.379065, 47.548371 ], [ -122.377718, 47.548344 ], [ -122.376371, 47.548321 ], [ -122.376387, 47.547412 ], [ -122.376402, 47.546502 ], [ -122.376405, 47.546392 ], [ -122.376447, 47.544681 ], [ -122.377793, 47.544705 ], [ -122.379141, 47.544729 ], [ -122.380508, 47.544765 ], [ -122.381261, 47.544784 ], [ -122.381877, 47.544801 ], [ -122.383157, 47.544818 ], [ -122.384455, 47.544835 ], [ -122.385648, 47.544854 ], [ -122.385755, 47.54484 ], [ -122.38584, 47.544833 ], [ -122.386411, 47.544838 ], [ -122.386486, 47.544849 ], [ -122.386537, 47.544867 ], [ -122.386657, 47.544965 ], [ -122.387217, 47.54487 ], [ -122.387212, 47.545324 ], [ -122.387204, 47.546032 ] ] ] } },
{ "type": "Feature", "properties": { "GEOID": "530330119021", "population": 1317, "pop_in_seattle": 1317.0000000000002, "area_in_seattle": 397085.93016640475 }, "geometry": { "type": "Polygon", "coordinates": [ [ [ -122.259373, 47.512378 ], [ -122.259344, 47.513369 ], [ -122.258214, 47.513362 ], [ -122.257036, 47.513356 ], [ -122.255858, 47.51335 ], [ -122.25468, 47.513343 ], [ -122.254674, 47.513897 ], [ -122.254307, 47.513614 ], [ -122.254282, 47.513595 ], [ -122.253969, 47.513351 ], [ -122.253508, 47.512994 ], [ -122.25234, 47.512093 ], [ -122.252162, 47.511956 ], [ -122.251172, 47.511194 ], [ -122.250072, 47.510346 ], [ -122.250072, 47.510321 ], [ -122.250076, 47.509816 ], [ -122.25001, 47.509722 ], [ -122.25002, 47.509649 ], [ -122.250064, 47.509554 ], [ -122.250274, 47.509352 ], [ -122.250344, 47.509198 ], [ -122.250345, 47.509123 ], [ -122.250311, 47.509014 ], [ -122.249722, 47.508162 ], [ -122.248886, 47.506946 ], [ -122.248861, 47.506827 ], [ -122.248866, 47.506376 ], [ -122.250043, 47.506381 ], [ -122.251222, 47.506387 ], [ -122.2524, 47.506394 ], [ -122.253577, 47.506402 ], [ -122.253553, 47.508185 ], [ -122.254731, 47.508192 ], [ -122.255907, 47.508198 ], [ -122.25652, 47.508203 ], [ -122.256611, 47.508287 ], [ -122.256739, 47.508371 ], [ -122.258751, 47.509697 ], [ -122.259403, 47.51012 ], [ -122.259387, 47.511682 ], [ -122.259373, 47.512378 ] ] ] } },
{ "type": "Feature", "properties": { "GEOID": "530330002011", "population": 1289, "pop_in_seattle": 1289.0000000000007, "area_in_seattle": 921728.1526523733 }, "geometry": { "type": "Polygon", "coordinates": [ [ [ -122.323572, 47.722312 ], [ -122.32357, 47.722569 ], [ -122.323566, 47.723093 ], [ -122.32356, 47.72386 ], [ -122.323553, 47.724933 ], [ -122.323517, 47.731183 ], [ -122.323521, 47.731524 ], [ -122.323536, 47.732676 ], [ -122.323551, 47.73287 ], [ -122.323575, 47.733177 ], [ -122.323589, 47.734052 ], [ -122.322219, 47.734039 ], [ -122.320801, 47.734026 ], [ -122.318117, 47.734001 ], [ -122.31676, 47.733988 ], [ -122.315443, 47.733975 ], [ -122.31275, 47.73395 ], [ -122.312725, 47.732124 ], [ -122.312701, 47.730298 ], [ -122.312679, 47.728712 ], [ -122.312676, 47.728457 ], [ -122.312652, 47.726619 ], [ -122.313141, 47.726712 ], [ -122.313493, 47.726738 ], [ -122.3137, 47.726744 ], [ -122.313861, 47.726742 ], [ -122.313956, 47.726724 ], [ -122.314042, 47.726692 ], [ -122.314144, 47.72664 ], [ -122.315458, 47.726642 ], [ -122.316303, 47.726651 ], [ -122.316796, 47.726681 ], [ -122.316736, 47.727004 ], [ -122.316777, 47.727133 ], [ -122.316889, 47.72715 ], [ -122.317013, 47.727136 ], [ -122.317352, 47.727038 ], [ -122.317673, 47.72691 ], [ -122.317803, 47.726817 ], [ -122.317919, 47.726692 ], [ -122.317963, 47.726591 ], [ -122.318105, 47.724886 ], [ -122.318113, 47.723576 ], [ -122.318115, 47.723067 ], [ -122.318116, 47.723008 ], [ -122.318117, 47.722828 ], [ -122.318119, 47.722685 ], [ -122.318123, 47.722337 ], [ -122.318947, 47.722339 ], [ -122.319171, 47.72234 ], [ -122.320845, 47.722353 ], [ -122.320834, 47.721438 ], [ -122.320857, 47.720538 ], [ -122.320864, 47.719466 ], [ -122.323593, 47.719484 ], [ -122.323579, 47.721301 ], [ -122.323572, 47.722312 ] ] ] } },
{ "type": "Feature", "properties": { "GEOID": "530330067011", "population": 1286, "pop_in_seattle": 1285.9999999999998, "area_in_seattle": 49186.026718406458 }, "geometry": { "type": "Polygon", "coordinates": [ [ [ -122.343453, 47.628878 ], [ -122.343443, 47.629723 ], [ -122.343433, 47.63059 ], [ -122.343423, 47.631418 ], [ -122.343414, 47.632309 ], [ -122.342992, 47.63231 ], [ -122.34228, 47.632297 ], [ -122.342286, 47.631854 ], [ -122.342291, 47.63141 ], [ -122.342297, 47.630585 ], [ -122.342305, 47.629718 ], [ -122.342312, 47.628955 ], [ -122.342328, 47.627137 ], [ -122.342453, 47.627137 ], [ -122.343485, 47.627142 ], [ -122.343469, 47.628014 ], [ -122.343453, 47.628878 ] ] ] } },
{ "type": "Feature", "properties": { "GEOID": "530330001022", "population": 1237, "pop_in_seattle": 1237.0000000000002, "area_in_seattle": 436526.38137054956 }, "geometry": { "type": "Polygon", "coordinates": [ [ [ -122.294612, 47.726494 ], [ -122.294573, 47.726494 ], [ -122.293572, 47.726485 ], [ -122.292266, 47.726474 ], [ -122.290908, 47.726462 ], [ -122.28956, 47.726448 ], [ -122.288672, 47.726438 ], [ -122.288212, 47.726434 ], [ -122.286864, 47.726419 ], [ -122.286437, 47.726415 ], [ -122.286369, 47.722973 ], [ -122.286328, 47.72093 ], [ -122.286291, 47.719214 ], [ -122.287335, 47.719223 ], [ -122.28853, 47.719233 ], [ -122.289339, 47.719239 ], [ -122.290785, 47.719252 ], [ -122.29077, 47.719448 ], [ -122.290835, 47.722276 ], [ -122.290843, 47.722633 ], [ -122.291054, 47.722635 ], [ -122.29124, 47.722639 ], [ -122.291989, 47.72273 ], [ -122.292998, 47.722897 ], [ -122.293192, 47.7229 ], [ -122.294568, 47.722891 ], [ -122.295816, 47.722888 ], [ -122.29636, 47.722898 ], [ -122.296383, 47.724702 ], [ -122.296406, 47.726509 ], [ -122.294612, 47.726494 ] ] ] } },
{ "type": "Feature", "properties": { "GEOID": "530330103011", "population": 1221, "pop_in_seattle": 1220.9999999999995, "area_in_seattle": 366197.76034341409 }, "geometry": { "type": "Polygon", "coordinates": [ [ [ -122.280743, 47.555238 ], [ -122.280737, 47.555803 ], [ -122.280733, 47.556174 ], [ -122.280725, 47.55703 ], [ -122.280718, 47.557835 ], [ -122.280721, 47.558188 ], [ -122.280726, 47.558642 ], [ -122.280724, 47.559364 ], [ -122.280724, 47.559449 ], [ -122.280731, 47.560296 ], [ -122.280731, 47.560542 ], [ -122.279604, 47.560553 ], [ -122.279494, 47.560545 ], [ -122.278201, 47.560552 ], [ -122.278142, 47.560538 ], [ -122.276983, 47.560539 ], [ -122.276939, 47.560558 ], [ -122.275727, 47.560565 ], [ -122.275717, 47.559385 ], [ -122.275714, 47.558984 ], [ -122.275725, 47.558491 ], [ -122.275708, 47.558212 ], [ -122.275698, 47.557047 ], [ -122.275362, 47.557049 ], [ -122.275369, 47.556124 ], [ -122.275369, 47.556104 ], [ -122.275372, 47.55521 ], [ -122.275374, 47.554457 ], [ -122.275374, 47.553382 ], [ -122.275379, 47.552646 ], [ -122.275382, 47.551911 ], [ -122.275384, 47.551163 ], [ -122.277666, 47.551174 ], [ -122.278078, 47.551924 ], [ -122.278487, 47.55266 ], [ -122.278637, 47.552838 ], [ -122.27887, 47.553021 ], [ -122.279039, 47.553115 ], [ -122.279661, 47.553403 ], [ -122.280755, 47.553408 ], [ -122.28075, 47.553906 ], [ -122.280743, 47.555238 ] ] ] } },
{ "type": "Feature", "properties": { "GEOID": "530330033012", "population": 1608, "pop_in_seattle": 1608.0000000000005, "area_in_seattle": 207624.32087037223 }, "geometry": { "type": "Polygon", "coordinates": [ [ [ -122.387587, 47.67383 ], [ -122.387587, 47.674558 ], [ -122.384742, 47.674557 ], [ -122.382124, 47.674554 ], [ -122.378883, 47.674549 ], [ -122.377582, 47.674547 ], [ -122.376212, 47.674546 ], [ -122.376212, 47.673816 ], [ -122.376212, 47.673087 ], [ -122.376213, 47.672358 ], [ -122.378883, 47.672361 ], [ -122.382124, 47.672366 ], [ -122.384744, 47.672369 ], [ -122.387588, 47.672372 ], [ -122.387588, 47.673101 ], [ -122.387587, 47.67383 ] ] ] } },
{ "type": "Feature", "properties": { "GEOID": "530330054022", "population": 1138, "pop_in_seattle": 1137.9999999999998, "area_in_seattle": 124502.06870999435 }, "geometry": { "type": "Polygon", "coordinates": [ [ [ -122.343448, 47.654119 ], [ -122.343561, 47.654205 ], [ -122.343565, 47.655382 ], [ -122.343558, 47.656644 ], [ -122.342379, 47.656642 ], [ -122.342369, 47.656846 ], [ -122.340796, 47.656838 ], [ -122.339742, 47.656833 ], [ -122.339748, 47.656304 ], [ -122.339888, 47.655666 ], [ -122.340015, 47.655097 ], [ -122.340079, 47.654812 ], [ -122.340083, 47.654792 ], [ -122.340186, 47.654332 ], [ -122.340188, 47.654112 ], [ -122.340213, 47.652688 ], [ -122.341349, 47.652696 ], [ -122.341976, 47.652701 ], [ -122.342577, 47.652705 ], [ -122.344001, 47.652706 ], [ -122.343984, 47.653711 ], [ -122.344072, 47.653766 ], [ -122.343448, 47.654119 ] ] ] } },
{ "type": "Feature", "properties": { "GEOID": "530330032013", "population": 1490, "pop_in_seattle": 1490.0000000000002, "area_in_seattle": 99333.1784721765 }, "geometry": { "type": "Polygon", "coordinates": [ [ [ -122.392873, 47.670919 ], [ -122.390121, 47.670918 ], [ -122.387589, 47.670915 ], [ -122.387589, 47.670186 ], [ -122.387589, 47.669456 ], [ -122.387578, 47.668677 ], [ -122.390216, 47.668666 ], [ -122.39286, 47.668653 ], [ -122.392878, 47.669461 ], [ -122.392876, 47.67019 ], [ -122.392873, 47.670919 ] ] ] } },
{ "type": "Feature", "properties": { "GEOID": "530330047013", "population": 1089, "pop_in_seattle": 1089.0000000000007, "area_in_seattle": 127987.24672939297 }, "geometry": { "type": "Polygon", "coordinates": [ [ [ -122.382216, 47.669448 ], [ -122.382125, 47.669449 ], [ -122.382131, 47.668674 ], [ -122.381732, 47.668674 ], [ -122.380354, 47.668671 ], [ -122.378886, 47.668669 ], [ -122.378886, 47.667893 ], [ -122.378886, 47.667427 ], [ -122.378887, 47.667166 ], [ -122.378888, 47.666711 ], [ -122.378888, 47.666436 ], [ -122.378888, 47.666262 ], [ -122.37889, 47.665708 ], [ -122.37889, 47.665477 ], [ -122.378891, 47.665051 ], [ -122.378892, 47.664396 ], [ -122.378895, 47.663955 ], [ -122.379119, 47.664114 ], [ -122.380007, 47.664868 ], [ -122.380058, 47.664911 ], [ -122.380816, 47.665555 ], [ -122.380905, 47.66563 ], [ -122.382134, 47.666674 ], [ -122.382356, 47.666862 ], [ -122.384494, 47.668676 ], [ -122.384747, 47.668677 ], [ -122.384744, 47.669452 ], [ -122.382216, 47.669448 ] ] ] } },
{ "type": "Feature", "properties": { "GEOID": "530330042011", "population": 1326, "pop_in_seattle": 1326.0, "area_in_seattle": 532505.92579211597 }, "geometry": { "type": "Polygon", "coordinates": [ [ [ -122.277914, 47.675781 ], [ -122.277344, 47.675779 ], [ -122.27688, 47.675778 ], [ -122.276233, 47.675776 ], [ -122.275832, 47.675774 ], [ -122.275653, 47.675551 ], [ -122.275589, 47.675455 ], [ -122.275559, 47.675352 ], [ -122.275559, 47.675095 ], [ -122.275523, 47.67502 ], [ -122.275476, 47.674971 ], [ -122.275367, 47.674907 ], [ -122.275261, 47.674877 ], [ -122.274819, 47.674862 ], [ -122.274702, 47.67487 ], [ -122.274619, 47.674892 ], [ -122.274485, 47.674967 ], [ -122.274416, 47.675055 ], [ -122.274359, 47.675243 ], [ -122.274258, 47.675343 ], [ -122.274133, 47.675397 ], [ -122.273882, 47.675448 ], [ -122.272842, 47.675658 ], [ -122.272361, 47.675751 ], [ -122.272256, 47.67576 ], [ -122.271537, 47.675755 ], [ -122.27089, 47.675754 ], [ -122.270498, 47.675754 ], [ -122.270284, 47.675753 ], [ -122.269652, 47.675751 ], [ -122.269473, 47.67575 ], [ -122.26888, 47.675748 ], [ -122.26818, 47.675743 ], [ -122.267896, 47.675742 ], [ -122.267088, 47.675738 ], [ -122.266895, 47.675737 ], [ -122.266567, 47.675735 ], [ -122.266048, 47.675732 ], [ -122.265437, 47.675728 ], [ -122.264483, 47.675724 ], [ -122.263547, 47.675767 ], [ -122.263801, 47.67513 ], [ -122.263957, 47.674976 ], [ -122.264946, 47.67428 ], [ -122.265979, 47.673562 ], [ -122.266245, 47.673375 ], [ -122.267014, 47.672836 ], [ -122.268029, 47.672113 ], [ -122.268568, 47.671724 ], [ -122.268847, 47.671521 ], [ -122.269935, 47.670752 ], [ -122.271064, 47.669944 ], [ -122.271798, 47.6694 ], [ -122.272301, 47.669054 ], [ -122.272727, 47.668773 ], [ -122.273042, 47.66861 ], [ -122.27325, 47.668517 ], [ -122.273413, 47.668457 ], [ -122.2736, 47.668397 ], [ -122.273783, 47.668347 ], [ -122.274116, 47.668276 ], [ -122.274248, 47.668255 ], [ -122.274595, 47.66821 ], [ -122.274931, 47.668195 ], [ -122.27525, 47.668205 ], [ -122.275786, 47.66825 ], [ -122.275769, 47.668357 ], [ -122.275717, 47.668663 ], [ -122.275657, 47.668937 ], [ -122.275654, 47.669038 ], [ -122.275689, 47.669142 ], [ -122.275791, 47.669238 ], [ -122.276206, 47.669693 ], [ -122.276369, 47.669913 ], [ -122.276454, 47.670087 ], [ -122.276514, 47.670313 ], [ -122.276523, 47.670497 ], [ -122.276487, 47.670725 ], [ -122.276439, 47.670863 ], [ -122.276345, 47.67104 ], [ -122.276252, 47.671167 ], [ -122.276101, 47.671326 ], [ -122.275611, 47.671713 ], [ -122.275679, 47.671807 ], [ -122.275663, 47.671918 ], [ -122.276054, 47.672074 ], [ -122.276349, 47.672238 ], [ -122.277218, 47.672897 ], [ -122.277641, 47.673257 ], [ -122.27784, 47.673472 ], [ -122.277969, 47.673641 ], [ -122.278162, 47.673981 ], [ -122.278285, 47.674336 ], [ -122.278326, 47.674577 ], [ -122.278405, 47.675313 ], [ -122.278455, 47.675784 ], [ -122.277914, 47.675781 ] ] ] } },
{ "type": "Feature", "properties": { "GEOID": "530330001012", "population": 1398, "pop_in_seattle": 1398.0000000000002, "area_in_seattle": 103670.01701635297 }, "geometry": { "type": "Polygon", "coordinates": [ [ [ -122.296534, 47.732712 ], [ -122.29652, 47.733784 ], [ -122.295306, 47.733774 ], [ -122.295163, 47.733773 ], [ -122.294692, 47.733769 ], [ -122.29381, 47.733762 ], [ -122.292435, 47.733751 ], [ -122.292374, 47.731941 ], [ -122.293833, 47.731953 ], [ -122.293843, 47.730684 ], [ -122.293853, 47.730115 ], [ -122.295273, 47.730118 ], [ -122.296527, 47.730149 ], [ -122.29655, 47.730756 ], [ -122.296544, 47.731975 ], [ -122.296534, 47.732712 ] ] ] } },
{ "type": "Feature", "properties": { "GEOID": "530330001023", "population": 1699, "pop_in_seattle": 1699.0000000000007, "area_in_seattle": 164287.05552587262 }, "geometry": { "type": "Polygon", "coordinates": [ [ [ -122.295816, 47.722888 ], [ -122.294568, 47.722891 ], [ -122.293192, 47.7229 ], [ -122.292998, 47.722897 ], [ -122.291989, 47.72273 ], [ -122.29124, 47.722639 ], [ -122.291054, 47.722635 ], [ -122.290843, 47.722633 ], [ -122.290835, 47.722276 ], [ -122.29077, 47.719448 ], [ -122.290785, 47.719252 ], [ -122.292731, 47.719263 ], [ -122.293908, 47.719269 ], [ -122.295234, 47.719277 ], [ -122.296315, 47.719283 ], [ -122.296337, 47.721091 ], [ -122.29636, 47.722898 ], [ -122.295816, 47.722888 ] ] ] } },
{ "type": "Feature", "properties": { "GEOID": "530330053062", "population": 1456, "pop_in_seattle": 1455.9999999999998, "area_in_seattle": 64704.129258742476 }, "geometry": { "type": "Polygon", "coordinates": [ [ [ -122.317491, 47.66156 ], [ -122.317468, 47.66168 ], [ -122.317425, 47.663116 ], [ -122.317405, 47.664936 ], [ -122.316336, 47.664926 ], [ -122.31524, 47.664916 ], [ -122.315264, 47.663104 ], [ -122.315284, 47.662686 ], [ -122.31529, 47.662565 ], [ -122.315421, 47.66203 ], [ -122.31543, 47.661734 ], [ -122.315444, 47.661283 ], [ -122.315944, 47.661286 ], [ -122.31658, 47.66129 ], [ -122.31764, 47.661297 ], [ -122.317532, 47.661445 ], [ -122.317491, 47.66156 ] ] ] } },
{ "type": "Feature", "properties": { "GEOID": "530330067021", "population": 1155, "pop_in_seattle": 1154.9999999999998, "area_in_seattle": 122258.9621472959 }, "geometry": { "type": "Polygon", "coordinates": [ [ [ -122.350163, 47.627167 ], [ -122.350164, 47.627747 ], [ -122.350156, 47.627953 ], [ -122.350155, 47.628138 ], [ -122.350149, 47.62892 ], [ -122.350142, 47.629749 ], [ -122.348837, 47.629744 ], [ -122.347531, 47.629739 ], [ -122.347295, 47.629721 ], [ -122.346447, 47.62973 ], [ -122.346225, 47.629756 ], [ -122.346234, 47.628905 ], [ -122.34624, 47.628028 ], [ -122.346245, 47.627396 ], [ -122.346247, 47.627153 ], [ -122.347552, 47.627158 ], [ -122.347559, 47.62628 ], [ -122.347546, 47.625424 ], [ -122.348871, 47.625426 ], [ -122.350176, 47.625431 ], [ -122.35017, 47.626289 ], [ -122.350163, 47.627167 ] ] ] } },
{ "type": "Feature", "properties": { "GEOID": "530330075012", "population": 1233, "pop_in_seattle": 1233.0000000000002, "area_in_seattle": 99865.668063070087 }, "geometry": { "type": "Polygon", "coordinates": [ [ [ -122.31989, 47.624266 ], [ -122.318839, 47.624264 ], [ -122.317788, 47.624262 ], [ -122.316738, 47.62426 ], [ -122.315687, 47.624259 ], [ -122.315706, 47.623109 ], [ -122.315724, 47.621958 ], [ -122.316774, 47.621964 ], [ -122.317825, 47.62197 ], [ -122.318876, 47.621975 ], [ -122.319926, 47.621981 ], [ -122.320908, 47.621986 ], [ -122.320926, 47.623127 ], [ -122.320944, 47.624267 ], [ -122.31989, 47.624266 ] ] ] } },
{ "type": "Feature", "properties": { "GEOID": "530330075022", "population": 1344, "pop_in_seattle": 1344.0, "area_in_seattle": 94159.945496703192 }, "geometry": { "type": "Polygon", "coordinates": [ [ [ -122.31693, 47.619935 ], [ -122.315621, 47.619944 ], [ -122.314894, 47.619949 ], [ -122.314318, 47.619954 ], [ -122.313505, 47.61996 ], [ -122.312721, 47.619965 ], [ -122.312724, 47.619662 ], [ -122.312744, 47.618519 ], [ -122.312754, 47.61763 ], [ -122.314282, 47.617618 ], [ -122.315588, 47.617608 ], [ -122.316893, 47.617599 ], [ -122.316912, 47.618767 ], [ -122.318217, 47.618757 ], [ -122.31822, 47.618949 ], [ -122.318236, 47.619925 ], [ -122.31693, 47.619935 ] ] ] } },
{ "type": "Feature", "properties": { "GEOID": "530330080041", "population": 1307, "pop_in_seattle": 1307.0000000000002, "area_in_seattle": 36826.974903790389 }, "geometry": { "type": "Polygon", "coordinates": [ [ [ -122.351552, 47.616352 ], [ -122.350618, 47.6158 ], [ -122.349683, 47.615247 ], [ -122.348748, 47.614694 ], [ -122.349608, 47.614029 ], [ -122.350543, 47.614583 ], [ -122.351478, 47.615136 ], [ -122.352411, 47.615687 ], [ -122.353367, 47.616251 ], [ -122.352508, 47.616917 ], [ -122.351552, 47.616352 ] ] ] } },
{ "type": "Feature", "properties": { "GEOID": "530330072012", "population": 1108, "pop_in_seattle": 1107.9999999999998, "area_in_seattle": 49773.765373379683 }, "geometry": { "type": "Polygon", "coordinates": [ [ [ -122.350357, 47.61858 ], [ -122.348924, 47.618574 ], [ -122.348606, 47.618574 ], [ -122.347674, 47.618575 ], [ -122.347577, 47.618575 ], [ -122.347283, 47.618575 ], [ -122.346318, 47.618564 ], [ -122.345368, 47.618561 ], [ -122.346247, 47.617907 ], [ -122.346303, 47.617865 ], [ -122.347107, 47.617241 ], [ -122.347965, 47.616577 ], [ -122.3489, 47.617129 ], [ -122.349833, 47.617681 ], [ -122.350789, 47.618246 ], [ -122.351362, 47.618585 ], [ -122.350357, 47.61858 ] ] ] } },
{ "type": "Feature", "properties": { "GEOID": "530330072023", "population": 1867, "pop_in_seattle": 1866.9999999999991, "area_in_seattle": 120413.04955731561 }, "geometry": { "type": "Polygon", "coordinates": [ [ [ -122.343585, 47.617867 ], [ -122.343583, 47.618086 ], [ -122.343582, 47.61832 ], [ -122.34358, 47.618553 ], [ -122.343477, 47.618553 ], [ -122.342404, 47.618548 ], [ -122.341374, 47.618545 ], [ -122.339888, 47.618539 ], [ -122.339378, 47.618536 ], [ -122.338597, 47.618533 ], [ -122.338486, 47.618532 ], [ -122.338386, 47.61795 ], [ -122.338112, 47.616616 ], [ -122.338061, 47.616361 ], [ -122.338673, 47.615775 ], [ -122.339444, 47.615161 ], [ -122.339511, 47.615096 ], [ -122.339592, 47.615005 ], [ -122.340355, 47.614439 ], [ -122.340463, 47.614503 ], [ -122.341768, 47.615269 ], [ -122.340917, 47.615928 ], [ -122.342216, 47.616696 ], [ -122.343517, 47.617466 ], [ -122.343593, 47.61751 ], [ -122.343633, 47.617535 ], [ -122.343613, 47.617619 ], [ -122.343585, 47.617867 ] ] ] } },
{ "type": "Feature", "properties": { "GEOID": "530330054021", "population": 1188, "pop_in_seattle": 1187.9999999999998, "area_in_seattle": 221562.64305268461 }, "geometry": { "type": "Polygon", "coordinates": [ [ [ -122.340213, 47.652688 ], [ -122.340188, 47.654112 ], [ -122.340186, 47.654332 ], [ -122.340083, 47.654792 ], [ -122.340079, 47.654812 ], [ -122.340015, 47.655097 ], [ -122.339888, 47.655666 ], [ -122.339748, 47.656304 ], [ -122.339742, 47.656833 ], [ -122.33863, 47.656827 ], [ -122.337437, 47.656821 ], [ -122.336243, 47.656815 ], [ -122.336259, 47.655647 ], [ -122.336277, 47.654314 ], [ -122.336296, 47.653145 ], [ -122.336309, 47.651977 ], [ -122.336325, 47.6505 ], [ -122.337519, 47.650506 ], [ -122.338712, 47.650512 ], [ -122.339366, 47.650515 ], [ -122.340241, 47.650511 ], [ -122.341375, 47.650521 ], [ -122.341349, 47.652696 ], [ -122.340213, 47.652688 ] ] ] } },
{ "type": "Feature", "properties": { "GEOID": "530330080023", "population": 1679, "pop_in_seattle": 1678.9999999999998, "area_in_seattle": 63731.964690311732 }, "geometry": { "type": "Polygon", "coordinates": [ [ [ -122.344355, 47.613269 ], [ -122.343496, 47.613934 ], [ -122.342194, 47.613165 ], [ -122.340894, 47.612396 ], [ -122.341754, 47.611731 ], [ -122.342614, 47.611066 ], [ -122.343914, 47.611835 ], [ -122.344774, 47.611171 ], [ -122.346074, 47.61194 ], [ -122.345215, 47.612605 ], [ -122.344355, 47.613269 ] ] ] } },
{ "type": "Feature", "properties": { "GEOID": "530330073032", "population": 1412, "pop_in_seattle": 1412.0000000000002, "area_in_seattle": 83577.39629285608 }, "geometry": { "type": "Polygon", "coordinates": [ [ [ -122.335859, 47.620862 ], [ -122.335849, 47.62203 ], [ -122.334327, 47.622026 ], [ -122.334327, 47.62197 ], [ -122.332995, 47.621972 ], [ -122.332988, 47.620812 ], [ -122.332982, 47.61966 ], [ -122.332975, 47.618511 ], [ -122.333389, 47.618513 ], [ -122.333622, 47.618532 ], [ -122.334304, 47.618529 ], [ -122.335147, 47.61853 ], [ -122.335322, 47.61852 ], [ -122.335878, 47.618522 ], [ -122.335868, 47.619693 ], [ -122.335859, 47.620862 ] ] ] } },
{ "type": "Feature", "properties": { "GEOID": "530330084023", "population": 1028, "pop_in_seattle": 1028.0000000000002, "area_in_seattle": 47500.63094342855 }, "geometry": { "type": "Polygon", "coordinates": [ [ [ -122.327437, 47.61407 ], [ -122.327286, 47.614087 ], [ -122.326822, 47.614086 ], [ -122.326189, 47.614083 ], [ -122.325516, 47.614087 ], [ -122.32446, 47.614093 ], [ -122.324475, 47.615223 ], [ -122.323417, 47.615229 ], [ -122.323403, 47.614068 ], [ -122.323384, 47.612982 ], [ -122.3236, 47.612981 ], [ -122.324445, 47.612969 ], [ -122.325364, 47.612969 ], [ -122.325506, 47.612968 ], [ -122.32619, 47.612965 ], [ -122.326886, 47.612957 ], [ -122.327017, 47.613062 ], [ -122.327043, 47.613084 ], [ -122.327806, 47.613928 ], [ -122.327526, 47.614043 ], [ -122.327437, 47.61407 ] ] ] } },
{ "type": "Feature", "properties": { "GEOID": "530330075023", "population": 999, "pop_in_seattle": 998.99999999999977, "area_in_seattle": 141192.29355109419 }, "geometry": { "type": "Polygon", "coordinates": [ [ [ -122.319541, 47.619915 ], [ -122.318236, 47.619925 ], [ -122.31822, 47.618949 ], [ -122.318217, 47.618757 ], [ -122.316912, 47.618767 ], [ -122.316893, 47.617599 ], [ -122.316875, 47.61643 ], [ -122.316856, 47.615262 ], [ -122.318161, 47.615253 ], [ -122.319467, 47.615243 ], [ -122.320018, 47.615239 ], [ -122.3208, 47.615234 ], [ -122.320818, 47.616399 ], [ -122.320838, 47.617569 ], [ -122.320856, 47.618738 ], [ -122.320875, 47.619906 ], [ -122.319541, 47.619915 ] ] ] } },
{ "type": "Feature", "properties": { "GEOID": "530330086004", "population": 1478, "pop_in_seattle": 1477.9999999999998, "area_in_seattle": 70404.900377585654 }, "geometry": { "type": "Polygon", "coordinates": [ [ [ -122.319418, 47.606207 ], [ -122.318112, 47.606204 ], [ -122.316782, 47.606201 ], [ -122.316782, 47.605565 ], [ -122.316782, 47.605195 ], [ -122.316783, 47.604978 ], [ -122.316783, 47.60464 ], [ -122.316783, 47.604359 ], [ -122.318107, 47.604356 ], [ -122.318104, 47.603515 ], [ -122.319312, 47.603522 ], [ -122.319353, 47.603537 ], [ -122.319373, 47.60355 ], [ -122.319384, 47.603563 ], [ -122.319403, 47.603584 ], [ -122.319413, 47.604358 ], [ -122.320458, 47.60436 ], [ -122.320574, 47.604361 ], [ -122.320746, 47.604269 ], [ -122.320747, 47.604529 ], [ -122.32075, 47.6052 ], [ -122.320751, 47.605246 ], [ -122.320751, 47.606211 ], [ -122.319418, 47.606207 ] ] ] } },
{ "type": "Feature", "properties": { "GEOID": "530330012022", "population": 1142, "pop_in_seattle": 1141.9999999999998, "area_in_seattle": 245764.9902962278 }, "geometry": { "type": "Polygon", "coordinates": [ [ [ -122.317853, 47.708559 ], [ -122.317841, 47.707649 ], [ -122.317801, 47.704918 ], [ -122.317774, 47.70401 ], [ -122.317746, 47.703102 ], [ -122.315045, 47.703084 ], [ -122.312343, 47.703065 ], [ -122.312299, 47.702157 ], [ -122.312255, 47.701248 ], [ -122.312669, 47.70125 ], [ -122.314973, 47.701267 ], [ -122.31709, 47.701281 ], [ -122.317212, 47.701282 ], [ -122.317692, 47.701286 ], [ -122.32041, 47.701304 ], [ -122.320429, 47.702212 ], [ -122.320448, 47.70312 ], [ -122.320467, 47.704028 ], [ -122.320486, 47.704936 ], [ -122.320505, 47.705846 ], [ -122.320543, 47.707636 ], [ -122.320563, 47.708576 ], [ -122.317853, 47.708559 ] ] ] } },
{ "type": "Feature", "properties": { "GEOID": "530330012023", "population": 1607, "pop_in_seattle": 1607.0000000000007, "area_in_seattle": 163704.97375734741 }, "geometry": { "type": "Polygon", "coordinates": [ [ [ -122.32198, 47.708584 ], [ -122.320563, 47.708576 ], [ -122.320543, 47.707636 ], [ -122.320505, 47.705846 ], [ -122.320486, 47.704936 ], [ -122.320467, 47.704028 ], [ -122.320448, 47.70312 ], [ -122.320429, 47.702212 ], [ -122.32041, 47.701304 ], [ -122.320703, 47.701306 ], [ -122.320954, 47.701307 ], [ -122.323129, 47.701323 ], [ -122.323139, 47.702231 ], [ -122.32315, 47.703139 ], [ -122.32316, 47.70404 ], [ -122.323171, 47.704954 ], [ -122.323207, 47.706197 ], [ -122.323222, 47.706695 ], [ -122.323233, 47.70706 ], [ -122.323241, 47.707347 ], [ -122.323251, 47.707727 ], [ -122.323277, 47.708592 ], [ -122.32198, 47.708584 ] ] ] } },
{ "type": "Feature", "properties": { "GEOID": "530330044012", "population": 1207, "pop_in_seattle": 1207.0000000000005, "area_in_seattle": 253205.82662493747 }, "geometry": { "type": "Polygon", "coordinates": [ [ [ -122.317365, 47.672736 ], [ -122.317365, 47.673333 ], [ -122.317365, 47.674155 ], [ -122.317365, 47.674978 ], [ -122.317365, 47.675828 ], [ -122.31566, 47.675813 ], [ -122.31435, 47.675802 ], [ -122.313133, 47.675792 ], [ -122.311931, 47.675782 ], [ -122.310859, 47.675781 ], [ -122.309787, 47.67578 ], [ -122.308716, 47.675807 ], [ -122.307645, 47.675819 ], [ -122.30668, 47.675815 ], [ -122.30652, 47.675777 ], [ -122.306524, 47.674789 ], [ -122.306516, 47.673469 ], [ -122.306511, 47.67262 ], [ -122.309779, 47.67381 ], [ -122.310274, 47.673941 ], [ -122.310412, 47.673973 ], [ -122.311764, 47.673985 ], [ -122.311919, 47.673977 ], [ -122.314333, 47.673332 ], [ -122.314181, 47.672153 ], [ -122.314176, 47.671451 ], [ -122.314173, 47.671251 ], [ -122.315191, 47.671505 ], [ -122.316009, 47.671696 ], [ -122.317365, 47.672013 ], [ -122.317365, 47.672267 ], [ -122.317365, 47.672736 ] ] ] } },
{ "type": "Feature", "properties": { "GEOID": "530330044023", "population": 1069, "pop_in_seattle": 1069.0000000000002, "area_in_seattle": 57617.801245155919 }, "geometry": { "type": "Polygon", "coordinates": [ [ [ -122.314156, 47.668523 ], [ -122.31302, 47.668516 ], [ -122.311929, 47.668517 ], [ -122.311883, 47.668517 ], [ -122.311918, 47.666426 ], [ -122.313052, 47.666434 ], [ -122.314188, 47.666442 ], [ -122.31522, 47.666444 ], [ -122.315192, 47.668561 ], [ -122.314156, 47.668523 ] ] ] } },
{ "type": "Feature", "properties": { "GEOID": "530330032023", "population": 1388, "pop_in_seattle": 1387.9999999999998, "area_in_seattle": 375792.65666713921 }, "geometry": { "type": "Polygon", "coordinates": [ [ [ -122.401101, 47.672155 ], [ -122.401091, 47.672977 ], [ -122.401086, 47.673427 ], [ -122.401081, 47.673901 ], [ -122.401076, 47.674378 ], [ -122.401071, 47.674848 ], [ -122.401067, 47.675302 ], [ -122.401061, 47.675795 ], [ -122.401056, 47.67614 ], [ -122.401052, 47.676528 ], [ -122.401047, 47.677008 ], [ -122.401104, 47.677008 ], [ -122.401097, 47.678219 ], [ -122.401082, 47.679426 ], [ -122.400532, 47.679424 ], [ -122.399736, 47.67942 ], [ -122.398385, 47.679414 ], [ -122.398386, 47.679463 ], [ -122.395696, 47.679484 ], [ -122.395692, 47.678735 ], [ -122.395689, 47.678023 ], [ -122.395685, 47.67731 ], [ -122.395681, 47.676597 ], [ -122.395685, 47.675883 ], [ -122.395682, 47.675671 ], [ -122.395681, 47.675527 ], [ -122.395679, 47.675179 ], [ -122.395679, 47.67444 ], [ -122.395674, 47.673701 ], [ -122.395669, 47.672972 ], [ -122.395665, 47.672243 ], [ -122.395661, 47.671654 ], [ -122.395658, 47.671242 ], [ -122.395656, 47.670925 ], [ -122.398331, 47.670927 ], [ -122.398332, 47.67129 ], [ -122.400298, 47.671297 ], [ -122.40111, 47.671299 ], [ -122.401106, 47.671705 ], [ -122.401101, 47.672155 ] ] ] } },
{ "type": "Feature", "properties": { "GEOID": "530330119022", "population": 1317, "pop_in_seattle": 1300.2800135507571, "area_in_seattle": 1936090.2027933314 }, "geometry": { "type": "GeometryCollection", "geometries": [ { "type": "Polygon", "coordinates": [ [ [ -122.251895, 47.512438 ], [ -122.251536, 47.512654 ], [ -122.251424, 47.51272 ], [ -122.250515, 47.513251 ], [ -122.249569, 47.513881 ], [ -122.248582, 47.514519 ], [ -122.240322, 47.519865 ], [ -122.235699, 47.517769 ], [ -122.227476, 47.513624 ], [ -122.219822, 47.509801 ], [ -122.224613, 47.509758 ], [ -122.235294, 47.509513 ], [ -122.236233, 47.509521 ], [ -122.237053, 47.509524 ], [ -122.238194, 47.509519 ], [ -122.23822, 47.50953 ], [ -122.238326, 47.509542 ], [ -122.238425, 47.509544 ], [ -122.238806, 47.509528 ], [ -122.238919, 47.509557 ], [ -122.241152, 47.509591 ], [ -122.241569, 47.509597 ], [ -122.243034, 47.509597 ], [ -122.243218, 47.509604 ], [ -122.243302, 47.509644 ], [ -122.24336, 47.509682 ], [ -122.243726, 47.509687 ], [ -122.244089, 47.509692 ], [ -122.244131, 47.509692 ], [ -122.245001, 47.509703 ], [ -122.245387, 47.509708 ], [ -122.245652, 47.509721 ], [ -122.245787, 47.509728 ], [ -122.247099, 47.509734 ], [ -122.247146, 47.509734 ], [ -122.247118, 47.509658 ], [ -122.246942, 47.509233 ], [ -122.246945, 47.50915 ], [ -122.246897, 47.509076 ], [ -122.246833, 47.509015 ], [ -122.246742, 47.508968 ], [ -122.246972, 47.508211 ], [ -122.24611, 47.507269 ], [ -122.246079, 47.507236 ], [ -122.246079, 47.507227 ], [ -122.246078, 47.507211 ], [ -122.246077, 47.507187 ], [ -122.246075, 47.507147 ], [ -122.246067, 47.50697 ], [ -122.246059, 47.506791 ], [ -122.24605, 47.506612 ], [ -122.246048, 47.506557 ], [ -122.246045, 47.506502 ], [ -122.246039, 47.506374 ], [ -122.246037, 47.50632 ], [ -122.246032, 47.506205 ], [ -122.24603, 47.506169 ], [ -122.246047, 47.506106 ], [ -122.246063, 47.506043 ], [ -122.246069, 47.506021 ], [ -122.246108, 47.505877 ], [ -122.24615, 47.505717 ], [ -122.246203, 47.505517 ], [ -122.246259, 47.505306 ], [ -122.246266, 47.505278 ], [ -122.246278, 47.505232 ], [ -122.246238, 47.505163 ], [ -122.246203, 47.505104 ], [ -122.246188, 47.505079 ], [ -122.246106, 47.50494 ], [ -122.245991, 47.504745 ], [ -122.245896, 47.504583 ], [ -122.245802, 47.504425 ], [ -122.245714, 47.504276 ], [ -122.245609, 47.504097 ], [ -122.2455, 47.503913 ], [ -122.245485, 47.503886 ], [ -122.245496, 47.503814 ], [ -122.245548, 47.503531 ], [ -122.245635, 47.503056 ], [ -122.247206, 47.503073 ], [ -122.24802, 47.503081 ], [ -122.248016, 47.503515 ], [ -122.248015, 47.503653 ], [ -122.248014, 47.503711 ], [ -122.248012, 47.50385 ], [ -122.248009, 47.504048 ], [ -122.248003, 47.50446 ], [ -122.248003, 47.504505 ], [ -122.247994, 47.505148 ], [ -122.247993, 47.505182 ], [ -122.247992, 47.505288 ], [ -122.247988, 47.505591 ], [ -122.247985, 47.505789 ], [ -122.247982, 47.505986 ], [ -122.24798, 47.506128 ], [ -122.24798, 47.506164 ], [ -122.247979, 47.506225 ], [ -122.247979, 47.506253 ], [ -122.247978, 47.506316 ], [ -122.247977, 47.506349 ], [ -122.248001, 47.506349 ], [ -122.248081, 47.50635 ], [ -122.248102, 47.506351 ], [ -122.248327, 47.506354 ], [ -122.248544, 47.506357 ], [ -122.248651, 47.506358 ], [ -122.248687, 47.506359 ], [ -122.248757, 47.50636 ], [ -122.248784, 47.506361 ], [ -122.248866, 47.506376 ], [ -122.248861, 47.506827 ], [ -122.248886, 47.506946 ], [ -122.249722, 47.508162 ], [ -122.250311, 47.509014 ], [ -122.250345, 47.509123 ], [ -122.250344, 47.509198 ], [ -122.250274, 47.509352 ], [ -122.250064, 47.509554 ], [ -122.25002, 47.509649 ], [ -122.25001, 47.509722 ], [ -122.250076, 47.509816 ], [ -122.250072, 47.510321 ], [ -122.250072, 47.510346 ], [ -122.251172, 47.511194 ], [ -122.252162, 47.511956 ], [ -122.25234, 47.512093 ], [ -122.252294, 47.5122 ], [ -122.251895, 47.512438 ] ] ] }, { "type": "Polygon", "coordinates": [ [ [ -122.244959, 47.502944 ], [ -122.243131, 47.502915 ], [ -122.24238, 47.502904 ], [ -122.24125, 47.502891 ], [ -122.240819, 47.502883 ], [ -122.240828, 47.502227 ], [ -122.240836, 47.501466 ], [ -122.240862, 47.499633 ], [ -122.240861, 47.499568 ], [ -122.24087, 47.499245 ], [ -122.241583, 47.49925 ], [ -122.248161, 47.49935 ], [ -122.24841, 47.499353 ], [ -122.24846, 47.499354 ], [ -122.248674, 47.499357 ], [ -122.248794, 47.499358 ], [ -122.248816, 47.499359 ], [ -122.248835, 47.499359 ], [ -122.248902, 47.49936 ], [ -122.249023, 47.499357 ], [ -122.24951, 47.499344 ], [ -122.249635, 47.499343 ], [ -122.249754, 47.499711 ], [ -122.249954, 47.500388 ], [ -122.250166, 47.501099 ], [ -122.250258, 47.5014 ], [ -122.250349, 47.501702 ], [ -122.250506, 47.502219 ], [ -122.250625, 47.502519 ], [ -122.250734, 47.502716 ], [ -122.250814, 47.502831 ], [ -122.250865, 47.502903 ], [ -122.249004, 47.502998 ], [ -122.248843, 47.502995 ], [ -122.245644, 47.502953 ], [ -122.244959, 47.502944 ] ] ] }, { "type": "LineString", "coordinates": [ [ -122.248843, 47.502995 ], [ -122.248839, 47.503076 ] ] }, { "type": "LineString", "coordinates": [ [ -122.248839, 47.503076 ], [ -122.248827, 47.503838 ] ] }, { "type": "LineString", "coordinates": [ [ -122.248827, 47.503838 ], [ -122.248824, 47.504021 ] ] }, { "type": "LineString", "coordinates": [ [ -122.248824, 47.504021 ], [ -122.248822, 47.504134 ] ] }, { "type": "LineString", "coordinates": [ [ -122.248822, 47.504134 ], [ -122.248811, 47.504792 ] ] }, { "type": "LineString", "coordinates": [ [ -122.248811, 47.504792 ], [ -122.24879, 47.506116 ] ] }, { "type": "LineString", "coordinates": [ [ -122.24879, 47.506116 ], [ -122.248787, 47.506259 ] ] }, { "type": "LineString", "coordinates": [ [ -122.248787, 47.506259 ], [ -122.248787, 47.506278 ] ] }, { "type": "LineString", "coordinates": [ [ -122.248787, 47.506278 ], [ -122.248784, 47.506361 ] ] } ] } },
{ "type": "Feature", "properties": { "GEOID": "530330118022", "population": 1378, "pop_in_seattle": 1377.9999999999998, "area_in_seattle": 1368262.1226294942 }, "geometry": { "type": "Polygon", "coordinates": [ [ [ -122.266334, 47.523296 ], [ -122.264557, 47.523291 ], [ -122.263769, 47.523301 ], [ -122.263473, 47.523304 ], [ -122.263174, 47.523308 ], [ -122.262979, 47.523307 ], [ -122.261807, 47.523306 ], [ -122.259305, 47.523304 ], [ -122.249087, 47.524407 ], [ -122.248731, 47.524144 ], [ -122.247181, 47.523218 ], [ -122.246099, 47.522571 ], [ -122.244471, 47.521786 ], [ -122.243239, 47.521192 ], [ -122.243131, 47.521146 ], [ -122.240322, 47.519865 ], [ -122.248582, 47.514519 ], [ -122.249569, 47.513881 ], [ -122.250515, 47.513251 ], [ -122.251424, 47.51272 ], [ -122.251536, 47.512654 ], [ -122.251895, 47.512438 ], [ -122.252294, 47.5122 ], [ -122.25234, 47.512093 ], [ -122.253508, 47.512994 ], [ -122.253969, 47.513351 ], [ -122.254282, 47.513595 ], [ -122.254307, 47.513614 ], [ -122.254674, 47.513897 ], [ -122.255843, 47.51479 ], [ -122.256501, 47.515295 ], [ -122.256648, 47.515424 ], [ -122.25666, 47.515491 ], [ -122.256888, 47.515666 ], [ -122.257011, 47.51576 ], [ -122.257028, 47.515773 ], [ -122.25742, 47.516075 ], [ -122.257802, 47.516373 ], [ -122.257929, 47.516472 ], [ -122.258062, 47.516576 ], [ -122.258203, 47.516685 ], [ -122.258339, 47.51679 ], [ -122.258446, 47.516872 ], [ -122.258998, 47.517295 ], [ -122.259345, 47.517562 ], [ -122.259789, 47.517903 ], [ -122.260496, 47.518448 ], [ -122.261111, 47.518923 ], [ -122.261601, 47.519296 ], [ -122.261584, 47.520262 ], [ -122.261748, 47.520242 ], [ -122.262779, 47.520115 ], [ -122.262769, 47.520275 ], [ -122.262841, 47.520397 ], [ -122.263861, 47.521196 ], [ -122.264057, 47.521375 ], [ -122.264203, 47.521552 ], [ -122.26464, 47.521405 ], [ -122.264796, 47.521375 ], [ -122.266054, 47.521367 ], [ -122.266172, 47.521384 ], [ -122.266265, 47.52143 ], [ -122.266326, 47.521492 ], [ -122.266348, 47.52157 ], [ -122.266334, 47.523248 ], [ -122.266334, 47.523296 ] ] ] } },
{ "type": "Feature", "properties": { "GEOID": "530330012011", "population": 1460, "pop_in_seattle": 1460.0000000000002, "area_in_seattle": 245936.37291803441 }, "geometry": { "type": "Polygon", "coordinates": [ [ [ -122.324769, 47.712238 ], [ -122.323383, 47.712231 ], [ -122.322014, 47.712222 ], [ -122.320646, 47.712214 ], [ -122.319278, 47.712206 ], [ -122.31791, 47.712198 ], [ -122.317902, 47.711527 ], [ -122.317897, 47.711389 ], [ -122.317891, 47.710947 ], [ -122.317953, 47.710178 ], [ -122.317873, 47.709788 ], [ -122.31786, 47.708985 ], [ -122.317853, 47.708559 ], [ -122.320563, 47.708576 ], [ -122.32198, 47.708584 ], [ -122.323277, 47.708592 ], [ -122.324066, 47.708597 ], [ -122.32562, 47.708607 ], [ -122.325956, 47.70861 ], [ -122.325982, 47.7096 ], [ -122.326049, 47.712199 ], [ -122.326051, 47.712245 ], [ -122.324769, 47.712238 ] ] ] } },
{ "type": "Feature", "properties": { "GEOID": "530330042012", "population": 1323, "pop_in_seattle": 1322.9999999999993, "area_in_seattle": 326606.84711233521 }, "geometry": { "type": "Polygon", "coordinates": [ [ [ -122.286035, 47.665847 ], [ -122.285979, 47.666062 ], [ -122.285885, 47.6663 ], [ -122.285648, 47.666698 ], [ -122.285722, 47.666848 ], [ -122.285737, 47.66834 ], [ -122.285746, 47.668508 ], [ -122.284825, 47.668507 ], [ -122.282429, 47.668506 ], [ -122.282141, 47.668555 ], [ -122.282151, 47.669457 ], [ -122.28216, 47.670326 ], [ -122.279476, 47.670325 ], [ -122.279485, 47.671194 ], [ -122.279496, 47.672146 ], [ -122.279213, 47.672156 ], [ -122.278845, 47.672205 ], [ -122.278561, 47.67227 ], [ -122.278291, 47.672358 ], [ -122.278037, 47.672467 ], [ -122.277546, 47.672746 ], [ -122.277218, 47.672897 ], [ -122.276349, 47.672238 ], [ -122.276054, 47.672074 ], [ -122.275663, 47.671918 ], [ -122.275679, 47.671807 ], [ -122.275611, 47.671713 ], [ -122.276101, 47.671326 ], [ -122.276252, 47.671167 ], [ -122.276345, 47.67104 ], [ -122.276439, 47.670863 ], [ -122.276487, 47.670725 ], [ -122.276523, 47.670497 ], [ -122.276514, 47.670313 ], [ -122.276454, 47.670087 ], [ -122.276369, 47.669913 ], [ -122.276206, 47.669693 ], [ -122.275791, 47.669238 ], [ -122.275689, 47.669142 ], [ -122.275654, 47.669038 ], [ -122.275657, 47.668937 ], [ -122.275717, 47.668663 ], [ -122.275769, 47.668357 ], [ -122.275786, 47.66825 ], [ -122.276625, 47.668323 ], [ -122.276963, 47.668346 ], [ -122.277369, 47.66835 ], [ -122.277961, 47.668313 ], [ -122.278424, 47.66825 ], [ -122.278811, 47.66816 ], [ -122.279229, 47.668015 ], [ -122.279514, 47.667867 ], [ -122.279647, 47.667798 ], [ -122.27977, 47.667712 ], [ -122.279916, 47.667611 ], [ -122.280421, 47.667121 ], [ -122.280783, 47.666782 ], [ -122.281665, 47.665938 ], [ -122.281974, 47.665631 ], [ -122.282752, 47.664885 ], [ -122.282949, 47.664693 ], [ -122.283218, 47.664441 ], [ -122.283405, 47.664251 ], [ -122.283618, 47.664035 ], [ -122.284003, 47.663672 ], [ -122.2845, 47.663207 ], [ -122.284775, 47.663025 ], [ -122.284785, 47.663622 ], [ -122.284781, 47.66425 ], [ -122.28479, 47.664893 ], [ -122.284876, 47.664905 ], [ -122.285828, 47.664908 ], [ -122.286024, 47.664894 ], [ -122.286249, 47.664914 ], [ -122.286166, 47.665162 ], [ -122.286035, 47.665847 ] ] ] } },
{ "type": "Feature", "properties": { "GEOID": "530330033021", "population": 1273, "pop_in_seattle": 1273.0000000000002, "area_in_seattle": 267706.4529896609 }, "geometry": { "type": "Polygon", "coordinates": [ [ [ -122.373158, 47.675993 ], [ -122.37296, 47.675993 ], [ -122.371946, 47.675999 ], [ -122.371959, 47.677805 ], [ -122.371964, 47.679541 ], [ -122.371494, 47.679539 ], [ -122.370899, 47.679543 ], [ -122.370439, 47.679543 ], [ -122.369828, 47.679544 ], [ -122.369383, 47.679545 ], [ -122.368747, 47.679546 ], [ -122.368328, 47.679547 ], [ -122.367673, 47.679548 ], [ -122.367273, 47.679548 ], [ -122.366609, 47.679549 ], [ -122.366038, 47.679551 ], [ -122.365979, 47.679399 ], [ -122.365958, 47.677762 ], [ -122.365957, 47.676293 ], [ -122.36602, 47.676169 ], [ -122.366025, 47.675984 ], [ -122.366039, 47.675635 ], [ -122.366054, 47.675264 ], [ -122.366083, 47.674535 ], [ -122.368733, 47.674538 ], [ -122.371396, 47.674541 ], [ -122.373487, 47.674546 ], [ -122.373486, 47.675274 ], [ -122.373509, 47.675902 ], [ -122.373574, 47.675991 ], [ -122.373158, 47.675993 ] ] ] } },
{ "type": "Feature", "properties": { "GEOID": "530330097011", "population": 1413, "pop_in_seattle": 1413.0, "area_in_seattle": 1048732.1451748284 }, "geometry": { "type": "Polygon", "coordinates": [ [ [ -122.423194, 47.57984 ], [ -122.422566, 47.580397 ], [ -122.42139, 47.580768 ], [ -122.413278, 47.583331 ], [ -122.413102, 47.583387 ], [ -122.411922, 47.583759 ], [ -122.411931, 47.579466 ], [ -122.41195, 47.578725 ], [ -122.410877, 47.57904 ], [ -122.41065, 47.579123 ], [ -122.410688, 47.57774 ], [ -122.409385, 47.577723 ], [ -122.409439, 47.575887 ], [ -122.410741, 47.575904 ], [ -122.412047, 47.575922 ], [ -122.413352, 47.575941 ], [ -122.413406, 47.574135 ], [ -122.41342, 47.573654 ], [ -122.413429, 47.573353 ], [ -122.413431, 47.573287 ], [ -122.413438, 47.573051 ], [ -122.413437, 47.572735 ], [ -122.41345, 47.572555 ], [ -122.413362, 47.572498 ], [ -122.413051, 47.572329 ], [ -122.413539, 47.57232 ], [ -122.418566, 47.572396 ], [ -122.418974, 47.572663 ], [ -122.419008, 47.570266 ], [ -122.423903, 47.572517 ], [ -122.424189, 47.572649 ], [ -122.425436, 47.575764 ], [ -122.424937, 47.578291 ], [ -122.423194, 47.57984 ] ] ] } },
{ "type": "Feature", "properties": { "GEOID": "530330012013", "population": 927, "pop_in_seattle": 926.99999999999977, "area_in_seattle": 517966.23853302852 }, "geometry": { "type": "Polygon", "coordinates": [ [ [ -122.333118, 47.70865 ], [ -122.332528, 47.708642 ], [ -122.332187, 47.708643 ], [ -122.331317, 47.708636 ], [ -122.330297, 47.708638 ], [ -122.330121, 47.708637 ], [ -122.329757, 47.708634 ], [ -122.329536, 47.708633 ], [ -122.329157, 47.70863 ], [ -122.328636, 47.708627 ], [ -122.328545, 47.708626 ], [ -122.327319, 47.708618 ], [ -122.326362, 47.708612 ], [ -122.325956, 47.70861 ], [ -122.32562, 47.708607 ], [ -122.324066, 47.708597 ], [ -122.323277, 47.708592 ], [ -122.323251, 47.707727 ], [ -122.323241, 47.707347 ], [ -122.323233, 47.70706 ], [ -122.323222, 47.706695 ], [ -122.323207, 47.706197 ], [ -122.323171, 47.704954 ], [ -122.32316, 47.70404 ], [ -122.32315, 47.703139 ], [ -122.324372, 47.703148 ], [ -122.325002, 47.703152 ], [ -122.325842, 47.703158 ], [ -122.327255, 47.703169 ], [ -122.328527, 47.703178 ], [ -122.328482, 47.701816 ], [ -122.328481, 47.701362 ], [ -122.328682, 47.701356 ], [ -122.328794, 47.701384 ], [ -122.329289, 47.701432 ], [ -122.329686, 47.701436 ], [ -122.329963, 47.701439 ], [ -122.33017, 47.701441 ], [ -122.330538, 47.701445 ], [ -122.330551, 47.70319 ], [ -122.332382, 47.703207 ], [ -122.333904, 47.703218 ], [ -122.333916, 47.70403 ], [ -122.333931, 47.705035 ], [ -122.333947, 47.705971 ], [ -122.333951, 47.706232 ], [ -122.333963, 47.706848 ], [ -122.333993, 47.708592 ], [ -122.333998, 47.708643 ], [ -122.333118, 47.70865 ] ] ] } },
{ "type": "Feature", "properties": { "GEOID": "530330106022", "population": 1360, "pop_in_seattle": 1359.9999999999998, "area_in_seattle": 1566245.8689482375 }, "geometry": { "type": "Polygon", "coordinates": [ [ [ -122.404739, 47.56082 ], [ -122.40392, 47.560963 ], [ -122.402936, 47.561047 ], [ -122.402661, 47.561069 ], [ -122.402519, 47.561049 ], [ -122.401137, 47.560503 ], [ -122.401076, 47.56047 ], [ -122.400704, 47.560266 ], [ -122.400557, 47.560062 ], [ -122.4005, 47.559837 ], [ -122.40042, 47.559692 ], [ -122.400291, 47.559564 ], [ -122.400023, 47.559389 ], [ -122.399894, 47.559269 ], [ -122.399797, 47.559136 ], [ -122.399539, 47.558695 ], [ -122.399141, 47.558278 ], [ -122.399095, 47.558206 ], [ -122.399041, 47.558111 ], [ -122.399008, 47.558034 ], [ -122.398986, 47.557976 ], [ -122.398958, 47.557669 ], [ -122.398938, 47.557604 ], [ -122.398877, 47.557552 ], [ -122.398805, 47.557526 ], [ -122.398693, 47.557501 ], [ -122.398559, 47.557504 ], [ -122.39776, 47.557496 ], [ -122.397761, 47.557444 ], [ -122.397802, 47.555685 ], [ -122.396385, 47.555673 ], [ -122.394983, 47.555662 ], [ -122.394992, 47.555212 ], [ -122.39501, 47.554264 ], [ -122.395015, 47.55397 ], [ -122.395048, 47.552204 ], [ -122.393702, 47.552189 ], [ -122.393772, 47.550277 ], [ -122.393821, 47.548579 ], [ -122.393874, 47.54677 ], [ -122.394345, 47.54587 ], [ -122.394363, 47.545157 ], [ -122.394316, 47.544958 ], [ -122.394256, 47.544698 ], [ -122.394085, 47.543517 ], [ -122.394345, 47.543157 ], [ -122.395202, 47.541985 ], [ -122.395331, 47.54181 ], [ -122.396026, 47.541074 ], [ -122.396313, 47.540789 ], [ -122.396462, 47.5407 ], [ -122.396355, 47.539916 ], [ -122.397638, 47.53992 ], [ -122.401731, 47.540087 ], [ -122.403719, 47.544856 ], [ -122.403401, 47.546488 ], [ -122.402846, 47.549321 ], [ -122.404614, 47.552804 ], [ -122.405262, 47.554081 ], [ -122.405966, 47.555469 ], [ -122.409757, 47.560272 ], [ -122.406516, 47.560625 ], [ -122.404739, 47.56082 ] ] ] } },
{ "type": "Feature", "properties": { "GEOID": "530330105022", "population": 1197, "pop_in_seattle": 1196.9999999999991, "area_in_seattle": 377766.93528570613 }, "geometry": { "type": "Polygon", "coordinates": [ [ [ -122.39776, 47.557496 ], [ -122.397647, 47.557495 ], [ -122.396345, 47.557482 ], [ -122.395549, 47.557471 ], [ -122.394948, 47.557564 ], [ -122.393605, 47.557558 ], [ -122.392262, 47.557546 ], [ -122.39114, 47.557537 ], [ -122.390968, 47.557535 ], [ -122.390555, 47.55753 ], [ -122.39041, 47.557498 ], [ -122.390231, 47.557438 ], [ -122.390184, 47.5574 ], [ -122.390164, 47.55736 ], [ -122.390155, 47.557146 ], [ -122.390111, 47.557128 ], [ -122.390028, 47.557121 ], [ -122.390037, 47.556688 ], [ -122.389693, 47.556655 ], [ -122.388396, 47.556523 ], [ -122.387434, 47.556426 ], [ -122.386915, 47.556454 ], [ -122.386937, 47.555699 ], [ -122.386989, 47.55389 ], [ -122.38704, 47.552109 ], [ -122.388521, 47.55213 ], [ -122.389822, 47.552147 ], [ -122.391101, 47.552164 ], [ -122.392409, 47.552181 ], [ -122.393702, 47.552189 ], [ -122.395048, 47.552204 ], [ -122.395015, 47.55397 ], [ -122.39501, 47.554264 ], [ -122.394992, 47.555212 ], [ -122.394983, 47.555662 ], [ -122.396385, 47.555673 ], [ -122.397802, 47.555685 ], [ -122.397761, 47.557444 ], [ -122.39776, 47.557496 ] ] ] } },
{ "type": "Feature", "properties": { "GEOID": "530330105023", "population": 1301, "pop_in_seattle": 1301.0, "area_in_seattle": 190804.0034609882 }, "geometry": { "type": "Polygon", "coordinates": [ [ [ -122.390001, 47.557233 ], [ -122.389961, 47.557318 ], [ -122.389893, 47.557416 ], [ -122.389793, 47.557512 ], [ -122.389714, 47.557588 ], [ -122.389609, 47.557673 ], [ -122.388993, 47.557892 ], [ -122.388762, 47.557999 ], [ -122.387543, 47.558836 ], [ -122.386832, 47.559323 ], [ -122.385511, 47.559317 ], [ -122.385562, 47.557582 ], [ -122.385566, 47.557487 ], [ -122.385421, 47.557486 ], [ -122.384686, 47.557481 ], [ -122.384536, 47.557479 ], [ -122.384365, 47.557478 ], [ -122.384129, 47.557475 ], [ -122.384095, 47.557374 ], [ -122.384176, 47.555664 ], [ -122.384228, 47.553854 ], [ -122.384279, 47.552072 ], [ -122.385579, 47.552089 ], [ -122.386936, 47.552107 ], [ -122.38704, 47.552109 ], [ -122.386989, 47.55389 ], [ -122.386937, 47.555699 ], [ -122.386915, 47.556454 ], [ -122.387434, 47.556426 ], [ -122.388396, 47.556523 ], [ -122.389693, 47.556655 ], [ -122.390037, 47.556688 ], [ -122.390028, 47.557121 ], [ -122.390001, 47.557233 ] ] ] } },
{ "type": "Feature", "properties": { "GEOID": "530330105013", "population": 1385, "pop_in_seattle": 1385.0000000000002, "area_in_seattle": 199504.38228812185 }, "geometry": { "type": "Polygon", "coordinates": [ [ [ -122.382816, 47.562872 ], [ -122.381455, 47.562872 ], [ -122.380988, 47.562871 ], [ -122.380094, 47.562871 ], [ -122.379287, 47.562871 ], [ -122.378773, 47.563262 ], [ -122.377706, 47.564076 ], [ -122.377451, 47.564075 ], [ -122.376191, 47.564075 ], [ -122.376194, 47.563658 ], [ -122.376199, 47.562859 ], [ -122.376204, 47.562033 ], [ -122.376218, 47.561064 ], [ -122.376234, 47.559275 ], [ -122.377507, 47.55927 ], [ -122.378814, 47.559281 ], [ -122.378864, 47.55925 ], [ -122.379885, 47.559255 ], [ -122.380026, 47.559247 ], [ -122.380026, 47.559275 ], [ -122.379992, 47.560881 ], [ -122.380006, 47.56096 ], [ -122.380065, 47.56108 ], [ -122.381311, 47.561083 ], [ -122.381532, 47.561118 ], [ -122.381657, 47.561087 ], [ -122.381775, 47.561066 ], [ -122.382818, 47.56106 ], [ -122.384112, 47.561076 ], [ -122.384138, 47.56119 ], [ -122.384137, 47.562872 ], [ -122.382816, 47.562872 ] ] ] } },
{ "type": "Feature", "properties": { "GEOID": "530330105012", "population": 1524, "pop_in_seattle": 1524.0, "area_in_seattle": 359303.58821142127 }, "geometry": { "type": "Polygon", "coordinates": [ [ [ -122.384176, 47.555664 ], [ -122.382876, 47.555646 ], [ -122.381528, 47.555628 ], [ -122.381423, 47.555638 ], [ -122.381129, 47.555637 ], [ -122.380928, 47.555636 ], [ -122.380783, 47.555636 ], [ -122.380266, 47.555635 ], [ -122.380238, 47.557368 ], [ -122.380204, 47.557451 ], [ -122.380173, 47.557532 ], [ -122.380046, 47.557712 ], [ -122.380027, 47.559193 ], [ -122.380026, 47.559231 ], [ -122.380026, 47.559247 ], [ -122.379885, 47.559255 ], [ -122.378864, 47.55925 ], [ -122.378814, 47.559281 ], [ -122.377507, 47.55927 ], [ -122.376234, 47.559275 ], [ -122.376238, 47.558655 ], [ -122.376242, 47.558203 ], [ -122.376248, 47.557431 ], [ -122.376263, 47.5556 ], [ -122.376278, 47.553779 ], [ -122.376309, 47.551959 ], [ -122.37765, 47.551978 ], [ -122.378996, 47.551997 ], [ -122.379646, 47.552006 ], [ -122.380334, 47.552016 ], [ -122.380721, 47.552021 ], [ -122.380878, 47.552023 ], [ -122.381077, 47.552026 ], [ -122.381653, 47.552034 ], [ -122.38298, 47.552055 ], [ -122.384279, 47.552072 ], [ -122.384228, 47.553854 ], [ -122.384176, 47.555664 ] ] ] } },
{ "type": "Feature", "properties": { "GEOID": "530330012012", "population": 1394, "pop_in_seattle": 1393.9999999999998, "area_in_seattle": 243594.50616215341 }, "geometry": { "type": "Polygon", "coordinates": [ [ [ -122.333322, 47.712286 ], [ -122.33317, 47.712285 ], [ -122.331389, 47.712275 ], [ -122.330055, 47.712267 ], [ -122.328964, 47.712261 ], [ -122.32873, 47.712289 ], [ -122.328646, 47.7123 ], [ -122.328492, 47.712309 ], [ -122.328181, 47.712312 ], [ -122.328006, 47.712305 ], [ -122.327702, 47.712278 ], [ -122.327434, 47.712253 ], [ -122.326051, 47.712245 ], [ -122.326049, 47.712199 ], [ -122.325982, 47.7096 ], [ -122.325956, 47.70861 ], [ -122.326362, 47.708612 ], [ -122.327319, 47.708618 ], [ -122.328545, 47.708626 ], [ -122.328636, 47.708627 ], [ -122.329157, 47.70863 ], [ -122.329536, 47.708633 ], [ -122.329757, 47.708634 ], [ -122.330121, 47.708637 ], [ -122.330297, 47.708638 ], [ -122.331317, 47.708636 ], [ -122.332187, 47.708643 ], [ -122.332528, 47.708642 ], [ -122.333118, 47.70865 ], [ -122.333998, 47.708643 ], [ -122.33401, 47.709568 ], [ -122.334026, 47.710475 ], [ -122.334038, 47.711187 ], [ -122.334058, 47.712289 ], [ -122.333322, 47.712286 ] ] ] } },
{ "type": "Feature", "properties": { "GEOID": "530330002022", "population": 1442, "pop_in_seattle": 1442.0, "area_in_seattle": 492633.45997075172 }, "geometry": { "type": "Polygon", "coordinates": [ [ [ -122.307277, 47.724792 ], [ -122.307278, 47.726586 ], [ -122.307237, 47.726586 ], [ -122.305934, 47.72659 ], [ -122.304987, 47.726582 ], [ -122.304589, 47.726579 ], [ -122.30396, 47.726574 ], [ -122.303267, 47.726566 ], [ -122.301902, 47.726557 ], [ -122.301897, 47.72546 ], [ -122.301893, 47.724748 ], [ -122.301884, 47.72294 ], [ -122.300926, 47.722932 ], [ -122.300504, 47.722929 ], [ -122.299122, 47.722919 ], [ -122.29636, 47.722898 ], [ -122.296337, 47.721091 ], [ -122.296315, 47.719283 ], [ -122.297703, 47.719289 ], [ -122.297888, 47.71929 ], [ -122.299091, 47.719299 ], [ -122.300297, 47.719306 ], [ -122.300479, 47.719307 ], [ -122.301866, 47.719314 ], [ -122.30289, 47.719324 ], [ -122.303838, 47.719332 ], [ -122.304569, 47.719339 ], [ -122.305921, 47.719351 ], [ -122.30644, 47.719356 ], [ -122.307273, 47.719363 ], [ -122.307274, 47.7212 ], [ -122.307275, 47.721241 ], [ -122.307275, 47.721842 ], [ -122.307327, 47.722422 ], [ -122.307276, 47.722981 ], [ -122.307277, 47.724792 ] ] ] } },
{ "type": "Feature", "properties": { "GEOID": "530330052022", "population": 1201, "pop_in_seattle": 1201.0000000000002, "area_in_seattle": 136472.95465639865 }, "geometry": { "type": "Polygon", "coordinates": [ [ [ -122.32231, 47.655915 ], [ -122.322214, 47.655917 ], [ -122.322219, 47.656435 ], [ -122.322163, 47.656511 ], [ -122.321885, 47.656831 ], [ -122.321623, 47.657147 ], [ -122.321382, 47.657371 ], [ -122.321279, 47.657427 ], [ -122.321137, 47.657472 ], [ -122.320848, 47.657517 ], [ -122.319793, 47.657516 ], [ -122.318798, 47.657514 ], [ -122.317804, 47.657512 ], [ -122.31782, 47.656887 ], [ -122.317836, 47.6563 ], [ -122.317854, 47.656216 ], [ -122.317893, 47.656034 ], [ -122.318207, 47.655546 ], [ -122.318221, 47.655524 ], [ -122.318339, 47.655373 ], [ -122.318432, 47.655254 ], [ -122.318472, 47.655202 ], [ -122.319044, 47.654464 ], [ -122.31912, 47.654366 ], [ -122.319155, 47.654321 ], [ -122.319558, 47.6538 ], [ -122.320292, 47.652851 ], [ -122.322227, 47.653024 ], [ -122.322345, 47.652948 ], [ -122.322376, 47.652929 ], [ -122.322373, 47.653702 ], [ -122.3224, 47.654509 ], [ -122.322388, 47.655399 ], [ -122.322398, 47.655537 ], [ -122.322412, 47.655911 ], [ -122.32231, 47.655915 ] ] ] } },
{ "type": "Feature", "properties": { "GEOID": "530330067031", "population": 1042, "pop_in_seattle": 1042.0000000000002, "area_in_seattle": 268538.74709464482 }, "geometry": { "type": "Polygon", "coordinates": [ [ [ -122.350762, 47.634857 ], [ -122.350753, 47.635707 ], [ -122.350743, 47.636557 ], [ -122.350733, 47.637408 ], [ -122.350722, 47.638258 ], [ -122.35071, 47.639108 ], [ -122.350699, 47.639943 ], [ -122.350209, 47.639942 ], [ -122.349757, 47.639959 ], [ -122.349602, 47.639966 ], [ -122.348284, 47.639979 ], [ -122.347179, 47.639973 ], [ -122.346359, 47.640021 ], [ -122.346132, 47.640012 ], [ -122.345945, 47.640006 ], [ -122.345885, 47.639887 ], [ -122.345743, 47.639608 ], [ -122.345477, 47.639142 ], [ -122.345438, 47.639079 ], [ -122.345256, 47.638794 ], [ -122.344884, 47.638256 ], [ -122.344311, 47.637425 ], [ -122.343884, 47.636792 ], [ -122.343772, 47.636627 ], [ -122.343631, 47.636397 ], [ -122.343527, 47.636187 ], [ -122.343461, 47.636016 ], [ -122.343409, 47.635783 ], [ -122.34339, 47.635655 ], [ -122.343551, 47.635698 ], [ -122.345233, 47.6357 ], [ -122.34592, 47.6357 ], [ -122.347104, 47.635701 ], [ -122.347483, 47.635702 ], [ -122.348487, 47.635704 ], [ -122.348497, 47.634853 ], [ -122.348498, 47.634781 ], [ -122.348337, 47.634302 ], [ -122.34836, 47.633368 ], [ -122.348393, 47.633153 ], [ -122.349565, 47.633155 ], [ -122.350782, 47.633157 ], [ -122.350772, 47.634007 ], [ -122.350762, 47.634857 ] ] ] } },
{ "type": "Feature", "properties": { "GEOID": "530330118012", "population": 1137, "pop_in_seattle": 1136.9999999999995, "area_in_seattle": 286029.08983060007 }, "geometry": { "type": "Polygon", "coordinates": [ [ [ -122.27692, 47.531547 ], [ -122.276822, 47.531548 ], [ -122.276195, 47.531551 ], [ -122.275877, 47.531552 ], [ -122.275312, 47.531555 ], [ -122.274477, 47.531558 ], [ -122.273247, 47.531562 ], [ -122.272717, 47.531563 ], [ -122.271801, 47.531572 ], [ -122.270829, 47.531577 ], [ -122.269993, 47.53158 ], [ -122.269991, 47.530347 ], [ -122.26999, 47.529529 ], [ -122.269989, 47.529128 ], [ -122.269988, 47.527914 ], [ -122.270088, 47.527912 ], [ -122.270216, 47.52791 ], [ -122.271402, 47.527908 ], [ -122.271758, 47.527907 ], [ -122.272678, 47.527906 ], [ -122.272812, 47.527906 ], [ -122.273417, 47.527905 ], [ -122.273676, 47.527904 ], [ -122.274474, 47.527903 ], [ -122.274668, 47.527586 ], [ -122.274668, 47.526118 ], [ -122.27479, 47.526118 ], [ -122.275846, 47.526117 ], [ -122.276943, 47.526117 ], [ -122.277164, 47.526749 ], [ -122.277442, 47.5274 ], [ -122.277671, 47.527923 ], [ -122.277944, 47.528551 ], [ -122.278083, 47.528902 ], [ -122.278098, 47.529218 ], [ -122.278099, 47.529562 ], [ -122.278098, 47.529699 ], [ -122.278095, 47.530815 ], [ -122.278166, 47.53106 ], [ -122.278305, 47.531541 ], [ -122.27692, 47.531547 ] ] ] } },
{ "type": "Feature", "properties": { "GEOID": "530330118021", "population": 1348, "pop_in_seattle": 1348.0, "area_in_seattle": 468517.83998774848 }, "geometry": { "type": "Polygon", "coordinates": [ [ [ -122.266288, 47.516827 ], [ -122.266259, 47.51892 ], [ -122.266177, 47.519017 ], [ -122.266163, 47.519839 ], [ -122.265092, 47.519832 ], [ -122.262779, 47.520115 ], [ -122.261748, 47.520242 ], [ -122.261584, 47.520262 ], [ -122.261601, 47.519296 ], [ -122.261111, 47.518923 ], [ -122.260496, 47.518448 ], [ -122.259789, 47.517903 ], [ -122.259345, 47.517562 ], [ -122.258998, 47.517295 ], [ -122.258446, 47.516872 ], [ -122.258339, 47.51679 ], [ -122.258203, 47.516685 ], [ -122.258062, 47.516576 ], [ -122.257929, 47.516472 ], [ -122.257802, 47.516373 ], [ -122.25742, 47.516075 ], [ -122.257028, 47.515773 ], [ -122.257011, 47.51576 ], [ -122.256888, 47.515666 ], [ -122.25666, 47.515491 ], [ -122.256648, 47.515424 ], [ -122.256501, 47.515295 ], [ -122.255843, 47.51479 ], [ -122.254674, 47.513897 ], [ -122.25468, 47.513343 ], [ -122.255858, 47.51335 ], [ -122.257036, 47.513356 ], [ -122.258214, 47.513362 ], [ -122.259344, 47.513369 ], [ -122.260398, 47.513369 ], [ -122.260589, 47.513324 ], [ -122.260705, 47.513308 ], [ -122.262053, 47.513312 ], [ -122.264249, 47.513317 ], [ -122.264716, 47.513624 ], [ -122.265421, 47.514087 ], [ -122.266521, 47.514811 ], [ -122.267404, 47.515393 ], [ -122.269614, 47.516847 ], [ -122.267451, 47.516834 ], [ -122.266288, 47.516827 ] ] ] } },
{ "type": "Feature", "properties": { "GEOID": "530330052011", "population": 1332, "pop_in_seattle": 1332.0000000000002, "area_in_seattle": 370683.55467737536 }, "geometry": { "type": "Polygon", "coordinates": [ [ [ -122.328185, 47.658968 ], [ -122.327286, 47.658962 ], [ -122.326215, 47.658955 ], [ -122.325144, 47.658947 ], [ -122.325126, 47.660209 ], [ -122.324054, 47.660201 ], [ -122.324028, 47.661358 ], [ -122.322881, 47.661336 ], [ -122.322547, 47.661333 ], [ -122.322401, 47.661332 ], [ -122.322161, 47.66133 ], [ -122.322277, 47.65999 ], [ -122.322323, 47.659448 ], [ -122.322381, 47.658789 ], [ -122.32244, 47.657888 ], [ -122.322445, 47.657218 ], [ -122.322405, 47.6564 ], [ -122.322405, 47.656285 ], [ -122.322407, 47.656022 ], [ -122.322412, 47.655911 ], [ -122.322398, 47.655537 ], [ -122.322388, 47.655399 ], [ -122.3224, 47.654509 ], [ -122.322373, 47.653702 ], [ -122.322376, 47.652929 ], [ -122.322476, 47.652866 ], [ -122.322543, 47.652825 ], [ -122.322628, 47.652772 ], [ -122.323207, 47.652411 ], [ -122.326537, 47.65032 ], [ -122.32697, 47.649902 ], [ -122.326856, 47.652979 ], [ -122.32685, 47.653615 ], [ -122.326844, 47.654208 ], [ -122.326828, 47.654332 ], [ -122.326835, 47.65444 ], [ -122.327163, 47.654246 ], [ -122.327495, 47.654019 ], [ -122.327904, 47.65365 ], [ -122.327902, 47.653759 ], [ -122.327901, 47.653825 ], [ -122.327895, 47.654305 ], [ -122.32788, 47.655459 ], [ -122.327879, 47.655548 ], [ -122.32785, 47.657514 ], [ -122.327848, 47.657705 ], [ -122.328087, 47.657705 ], [ -122.328162, 47.657706 ], [ -122.328317, 47.657782 ], [ -122.328298, 47.659038 ], [ -122.328185, 47.658968 ] ] ] } },
{ "type": "Feature", "properties": { "GEOID": "530330098011", "population": 975, "pop_in_seattle": 975.00000000000023, "area_in_seattle": 373518.12674632994 }, "geometry": { "type": "Polygon", "coordinates": [ [ [ -122.389381, 47.577271 ], [ -122.389379, 47.577341 ], [ -122.389369, 47.577626 ], [ -122.389308, 47.57933 ], [ -122.389241, 47.581173 ], [ -122.38924, 47.581215 ], [ -122.387861, 47.581203 ], [ -122.386548, 47.581194 ], [ -122.385174, 47.581184 ], [ -122.383891, 47.581174 ], [ -122.383313, 47.581169 ], [ -122.383214, 47.581168 ], [ -122.382251, 47.581161 ], [ -122.381239, 47.581112 ], [ -122.381246, 47.580822 ], [ -122.381261, 47.580292 ], [ -122.381276, 47.579288 ], [ -122.381302, 47.578318 ], [ -122.381326, 47.577447 ], [ -122.381339, 47.576922 ], [ -122.38137, 47.575595 ], [ -122.382176, 47.575599 ], [ -122.382513, 47.575601 ], [ -122.383493, 47.575607 ], [ -122.383566, 47.575607 ], [ -122.384616, 47.575613 ], [ -122.385669, 47.575619 ], [ -122.386762, 47.575625 ], [ -122.388035, 47.575637 ], [ -122.389411, 47.575651 ], [ -122.389382, 47.577193 ], [ -122.389381, 47.577271 ] ] ] } },
{ "type": "Feature", "properties": { "GEOID": "530330041013", "population": 1389, "pop_in_seattle": 1389.0000000000007, "area_in_seattle": 478843.88205733651 }, "geometry": { "type": "Polygon", "coordinates": [ [ [ -122.290201, 47.661148 ], [ -122.289223, 47.661121 ], [ -122.288981, 47.661118 ], [ -122.288486, 47.661139 ], [ -122.288206, 47.661173 ], [ -122.287964, 47.66121 ], [ -122.287609, 47.661275 ], [ -122.287182, 47.661372 ], [ -122.286673, 47.661563 ], [ -122.28639, 47.6617 ], [ -122.286135, 47.661834 ], [ -122.285936, 47.661967 ], [ -122.285824, 47.662042 ], [ -122.285607, 47.662227 ], [ -122.285382, 47.662434 ], [ -122.284775, 47.663025 ], [ -122.284763, 47.66191 ], [ -122.284756, 47.661264 ], [ -122.283428, 47.66127 ], [ -122.283197, 47.661271 ], [ -122.283103, 47.661271 ], [ -122.282745, 47.661273 ], [ -122.281384, 47.66128 ], [ -122.280323, 47.661285 ], [ -122.279779, 47.661288 ], [ -122.279377, 47.661291 ], [ -122.278342, 47.661289 ], [ -122.277307, 47.661287 ], [ -122.276676, 47.661286 ], [ -122.276678, 47.660573 ], [ -122.276681, 47.65986 ], [ -122.276684, 47.659148 ], [ -122.276686, 47.658407 ], [ -122.279385, 47.658411 ], [ -122.280116, 47.658412 ], [ -122.281297, 47.658413 ], [ -122.281302, 47.65587 ], [ -122.281397, 47.655765 ], [ -122.282761, 47.65609 ], [ -122.282749, 47.655748 ], [ -122.283958, 47.655748 ], [ -122.28485, 47.655757 ], [ -122.285134, 47.6558 ], [ -122.285399, 47.655875 ], [ -122.285647, 47.655984 ], [ -122.285864, 47.656124 ], [ -122.286031, 47.656279 ], [ -122.286263, 47.656571 ], [ -122.286456, 47.656887 ], [ -122.286561, 47.657088 ], [ -122.286616, 47.657246 ], [ -122.286659, 47.657405 ], [ -122.286686, 47.657568 ], [ -122.286711, 47.65783 ], [ -122.286709, 47.658384 ], [ -122.28671, 47.658468 ], [ -122.287242, 47.658467 ], [ -122.288275, 47.658464 ], [ -122.289287, 47.658466 ], [ -122.290265, 47.658473 ], [ -122.290415, 47.658493 ], [ -122.29053, 47.658531 ], [ -122.290569, 47.658561 ], [ -122.290623, 47.6586 ], [ -122.290761, 47.65874 ], [ -122.291187, 47.659256 ], [ -122.291346, 47.659397 ], [ -122.292102, 47.660313 ], [ -122.292123, 47.660339 ], [ -122.292849, 47.661222 ], [ -122.290201, 47.661148 ] ] ] } },
{ "type": "Feature", "properties": { "GEOID": "530330033022", "population": 1052, "pop_in_seattle": 1052.0, "area_in_seattle": 167436.31682568684 }, "geometry": { "type": "Polygon", "coordinates": [ [ [ -122.376212, 47.673816 ], [ -122.373665, 47.673811 ], [ -122.373482, 47.673811 ], [ -122.373487, 47.674546 ], [ -122.371396, 47.674541 ], [ -122.368733, 47.674538 ], [ -122.366083, 47.674535 ], [ -122.366098, 47.674171 ], [ -122.366112, 47.673805 ], [ -122.36614, 47.673076 ], [ -122.366169, 47.672347 ], [ -122.3686, 47.67235 ], [ -122.368734, 47.67235 ], [ -122.370752, 47.672353 ], [ -122.371361, 47.672354 ], [ -122.373486, 47.672357 ], [ -122.373677, 47.672358 ], [ -122.376213, 47.672358 ], [ -122.376212, 47.673087 ], [ -122.376212, 47.673816 ] ] ] } },
{ "type": "Feature", "properties": { "GEOID": "530330047021", "population": 1070, "pop_in_seattle": 1069.9999999999998, "area_in_seattle": 137955.99563886784 }, "geometry": { "type": "Polygon", "coordinates": [ [ [ -122.382124, 47.672366 ], [ -122.378883, 47.672361 ], [ -122.376213, 47.672358 ], [ -122.373677, 47.672358 ], [ -122.373486, 47.672357 ], [ -122.373489, 47.67163 ], [ -122.373486, 47.670897 ], [ -122.373499, 47.670168 ], [ -122.373666, 47.670168 ], [ -122.376215, 47.67017 ], [ -122.37759, 47.670171 ], [ -122.378884, 47.670173 ], [ -122.378884, 47.670902 ], [ -122.382124, 47.670907 ], [ -122.382124, 47.671635 ], [ -122.382124, 47.672366 ] ] ] } },
{ "type": "Feature", "properties": { "GEOID": "530330047022", "population": 1494, "pop_in_seattle": 1494.0000000000002, "area_in_seattle": 67867.890581116197 }, "geometry": { "type": "Polygon", "coordinates": [ [ [ -122.378884, 47.670173 ], [ -122.37759, 47.670171 ], [ -122.376215, 47.67017 ], [ -122.373666, 47.670168 ], [ -122.373499, 47.670168 ], [ -122.373493, 47.669443 ], [ -122.373489, 47.66865 ], [ -122.373676, 47.668648 ], [ -122.376216, 47.668665 ], [ -122.378886, 47.668669 ], [ -122.378885, 47.669444 ], [ -122.378884, 47.670173 ] ] ] } },
{ "type": "Feature", "properties": { "GEOID": "530330042021", "population": 1457, "pop_in_seattle": 1456.9999999999998, "area_in_seattle": 513291.21210108779 }, "geometry": { "type": "Polygon", "coordinates": [ [ [ -122.295672, 47.665339 ], [ -122.295638, 47.665419 ], [ -122.295626, 47.66566 ], [ -122.295629, 47.666341 ], [ -122.295634, 47.667112 ], [ -122.295638, 47.66786 ], [ -122.295641, 47.668517 ], [ -122.295065, 47.668517 ], [ -122.293856, 47.668515 ], [ -122.293204, 47.668514 ], [ -122.292646, 47.668513 ], [ -122.291436, 47.668512 ], [ -122.290847, 47.668511 ], [ -122.290755, 47.668511 ], [ -122.290194, 47.66851 ], [ -122.290179, 47.666682 ], [ -122.28962, 47.666685 ], [ -122.289067, 47.666687 ], [ -122.288516, 47.666696 ], [ -122.288474, 47.666697 ], [ -122.287955, 47.666691 ], [ -122.287367, 47.666693 ], [ -122.287313, 47.666693 ], [ -122.286843, 47.666694 ], [ -122.286264, 47.666696 ], [ -122.285648, 47.666698 ], [ -122.285885, 47.6663 ], [ -122.285979, 47.666062 ], [ -122.286035, 47.665847 ], [ -122.286166, 47.665162 ], [ -122.286249, 47.664914 ], [ -122.286024, 47.664894 ], [ -122.285828, 47.664908 ], [ -122.284876, 47.664905 ], [ -122.28479, 47.664893 ], [ -122.284781, 47.66425 ], [ -122.284785, 47.663622 ], [ -122.284775, 47.663025 ], [ -122.285382, 47.662434 ], [ -122.285607, 47.662227 ], [ -122.285824, 47.662042 ], [ -122.285936, 47.661967 ], [ -122.286135, 47.661834 ], [ -122.28639, 47.6617 ], [ -122.286673, 47.661563 ], [ -122.287182, 47.661372 ], [ -122.287609, 47.661275 ], [ -122.287964, 47.66121 ], [ -122.288206, 47.661173 ], [ -122.288486, 47.661139 ], [ -122.288981, 47.661118 ], [ -122.289223, 47.661121 ], [ -122.290201, 47.661148 ], [ -122.292849, 47.661222 ], [ -122.292997, 47.661392 ], [ -122.293575, 47.662117 ], [ -122.293623, 47.662159 ], [ -122.295256, 47.663453 ], [ -122.295375, 47.663555 ], [ -122.295468, 47.663651 ], [ -122.295546, 47.663743 ], [ -122.295589, 47.663841 ], [ -122.295608, 47.663933 ], [ -122.295616, 47.664093 ], [ -122.295619, 47.664466 ], [ -122.295621, 47.664691 ], [ -122.295621, 47.664881 ], [ -122.295655, 47.665012 ], [ -122.295718, 47.66515 ], [ -122.29581, 47.665261 ], [ -122.295672, 47.665339 ] ] ] } },
{ "type": "Feature", "properties": { "GEOID": "530330019003", "population": 719, "pop_in_seattle": 719.0, "area_in_seattle": 81145.310184161062 }, "geometry": { "type": "Polygon", "coordinates": [ [ [ -122.327255, 47.703169 ], [ -122.325842, 47.703158 ], [ -122.325002, 47.703152 ], [ -122.324372, 47.703148 ], [ -122.32315, 47.703139 ], [ -122.323139, 47.702231 ], [ -122.323129, 47.701323 ], [ -122.324266, 47.701331 ], [ -122.325816, 47.701343 ], [ -122.327287, 47.701353 ], [ -122.328481, 47.701362 ], [ -122.328482, 47.701816 ], [ -122.328527, 47.703178 ], [ -122.327255, 47.703169 ] ] ] } },
{ "type": "Feature", "properties": { "GEOID": "530330012021", "population": 1131, "pop_in_seattle": 1130.9999999999995, "area_in_seattle": 411351.51467830443 }, "geometry": { "type": "Polygon", "coordinates": [ [ [ -122.317897, 47.711389 ], [ -122.317902, 47.711527 ], [ -122.31791, 47.712198 ], [ -122.315194, 47.712196 ], [ -122.313804, 47.712173 ], [ -122.312435, 47.712165 ], [ -122.312434, 47.711331 ], [ -122.312433, 47.710355 ], [ -122.312432, 47.708527 ], [ -122.312431, 47.706698 ], [ -122.312431, 47.706424 ], [ -122.312431, 47.705529 ], [ -122.312431, 47.704882 ], [ -122.31243, 47.704859 ], [ -122.312387, 47.703974 ], [ -122.312343, 47.703065 ], [ -122.315045, 47.703084 ], [ -122.317746, 47.703102 ], [ -122.317774, 47.70401 ], [ -122.317801, 47.704918 ], [ -122.317841, 47.707649 ], [ -122.317853, 47.708559 ], [ -122.31786, 47.708985 ], [ -122.317873, 47.709788 ], [ -122.317953, 47.710178 ], [ -122.317891, 47.710947 ], [ -122.317897, 47.711389 ] ] ] } },
{ "type": "Feature", "properties": { "GEOID": "530330075031", "population": 1252, "pop_in_seattle": 1251.9999999999998, "area_in_seattle": 119958.15196640154 }, "geometry": { "type": "Polygon", "coordinates": [ [ [ -122.320018, 47.615239 ], [ -122.319467, 47.615243 ], [ -122.318161, 47.615253 ], [ -122.316856, 47.615262 ], [ -122.31555, 47.615271 ], [ -122.315532, 47.614111 ], [ -122.316838, 47.614102 ], [ -122.316796, 47.613118 ], [ -122.316792, 47.613032 ], [ -122.316786, 47.612891 ], [ -122.317721, 47.612435 ], [ -122.317912, 47.612356 ], [ -122.318102, 47.612276 ], [ -122.31833, 47.612181 ], [ -122.31935, 47.611756 ], [ -122.319868, 47.61154 ], [ -122.320762, 47.611167 ], [ -122.320762, 47.611258 ], [ -122.320765, 47.612964 ], [ -122.320782, 47.614074 ], [ -122.3208, 47.615234 ], [ -122.320018, 47.615239 ] ] ] } },
{ "type": "Feature", "properties": { "GEOID": "530330119011", "population": 1322, "pop_in_seattle": 1322.0, "area_in_seattle": 727746.13129667798 }, "geometry": { "type": "Polygon", "coordinates": [ [ [ -122.270145, 47.50609 ], [ -122.27014, 47.506581 ], [ -122.270125, 47.507025 ], [ -122.270087, 47.508783 ], [ -122.27007, 47.509537 ], [ -122.270069, 47.509663 ], [ -122.270062, 47.510807 ], [ -122.270061, 47.510963 ], [ -122.270053, 47.512163 ], [ -122.270052, 47.51244 ], [ -122.270039, 47.513018 ], [ -122.270035, 47.513265 ], [ -122.270042, 47.514242 ], [ -122.270034, 47.515643 ], [ -122.270027, 47.51685 ], [ -122.270023, 47.517149 ], [ -122.269614, 47.516847 ], [ -122.267404, 47.515393 ], [ -122.266521, 47.514811 ], [ -122.265421, 47.514087 ], [ -122.264716, 47.513624 ], [ -122.264249, 47.513317 ], [ -122.262053, 47.513312 ], [ -122.260705, 47.513308 ], [ -122.260589, 47.513324 ], [ -122.260398, 47.513369 ], [ -122.259344, 47.513369 ], [ -122.259373, 47.512378 ], [ -122.259387, 47.511682 ], [ -122.259403, 47.51012 ], [ -122.258751, 47.509697 ], [ -122.25943, 47.509692 ], [ -122.259439, 47.508218 ], [ -122.261261, 47.508226 ], [ -122.263082, 47.508236 ], [ -122.263105, 47.506122 ], [ -122.264799, 47.506128 ], [ -122.264806, 47.505754 ], [ -122.264817, 47.505065 ], [ -122.264821, 47.504849 ], [ -122.2675, 47.504873 ], [ -122.270157, 47.504896 ], [ -122.270157, 47.505101 ], [ -122.270145, 47.50609 ] ] ] } },
{ "type": "Feature", "properties": { "GEOID": "530330053042", "population": 1641, "pop_in_seattle": 1641.0000000000005, "area_in_seattle": 45295.929710676872 }, "geometry": { "type": "Polygon", "coordinates": [ [ [ -122.316696, 47.656874 ], [ -122.31556, 47.65686 ], [ -122.314404, 47.656846 ], [ -122.313248, 47.656832 ], [ -122.312652, 47.656824 ], [ -122.312055, 47.656817 ], [ -122.31207, 47.656205 ], [ -122.312078, 47.655973 ], [ -122.312087, 47.655336 ], [ -122.312654, 47.655344 ], [ -122.313287, 47.655352 ], [ -122.314443, 47.655366 ], [ -122.314426, 47.655998 ], [ -122.315574, 47.65601 ], [ -122.316708, 47.656024 ], [ -122.316712, 47.656244 ], [ -122.316712, 47.656407 ], [ -122.316696, 47.656874 ] ] ] } },
{ "type": "Feature", "properties": { "GEOID": "530330263001", "population": 501, "pop_in_seattle": 0.65959017208601622, "area_in_seattle": 4853.2817788678585 }, "geometry": { "type": "GeometryCollection", "geometries": [ { "type": "Polygon", "coordinates": [ [ [ -122.270271, 47.501341 ], [ -122.270327, 47.500303 ], [ -122.270449, 47.500275 ], [ -122.270591, 47.500284 ], [ -122.270671, 47.500303 ], [ -122.270755, 47.500808 ], [ -122.270704, 47.500827 ], [ -122.270855, 47.501456 ], [ -122.270875, 47.501548 ], [ -122.270887, 47.501613 ], [ -122.270787, 47.501592 ], [ -122.270264, 47.501468 ], [ -122.270271, 47.501341 ] ] ] }, { "type": "LineString", "coordinates": [ [ -122.300501, 47.524453 ], [ -122.30048, 47.524453 ] ] }, { "type": "LineString", "coordinates": [ [ -122.30048, 47.524453 ], [ -122.299952, 47.52443 ] ] }, { "type": "LineString", "coordinates": [ [ -122.299952, 47.52443 ], [ -122.29984, 47.524429 ] ] }, { "type": "LineString", "coordinates": [ [ -122.29984, 47.524429 ], [ -122.29773, 47.524397 ] ] }, { "type": "LineString", "coordinates": [ [ -122.29773, 47.524397 ], [ -122.295484, 47.524357 ] ] }, { "type": "LineString", "coordinates": [ [ -122.295484, 47.524357 ], [ -122.294057, 47.52433 ] ] }, { "type": "LineString", "coordinates": [ [ -122.294057, 47.52433 ], [ -122.293827, 47.524325 ] ] }, { "type": "LineString", "coordinates": [ [ -122.293827, 47.524325 ], [ -122.29365, 47.52446 ] ] }, { "type": "LineString", "coordinates": [ [ -122.29365, 47.52446 ], [ -122.293357, 47.524461 ] ] }, { "type": "LineString", "coordinates": [ [ -122.293357, 47.524461 ], [ -122.292939, 47.524461 ] ] }, { "type": "LineString", "coordinates": [ [ -122.292939, 47.524461 ], [ -122.291801, 47.524462 ] ] }, { "type": "LineString", "coordinates": [ [ -122.291801, 47.524462 ], [ -122.291372, 47.524462 ] ] }, { "type": "LineString", "coordinates": [ [ -122.291372, 47.524462 ], [ -122.291296, 47.524463 ] ] }, { "type": "LineString", "coordinates": [ [ -122.291296, 47.524463 ], [ -122.291293, 47.524381 ] ] }, { "type": "LineString", "coordinates": [ [ -122.291293, 47.524381 ], [ -122.29129, 47.52428 ] ] }, { "type": "LineString", "coordinates": [ [ -122.29129, 47.52428 ], [ -122.29129, 47.524199 ] ] }, { "type": "LineString", "coordinates": [ [ -122.29129, 47.524199 ], [ -122.291289, 47.523379 ] ] }, { "type": "LineString", "coordinates": [ [ -122.291289, 47.523379 ], [ -122.291289, 47.523339 ] ] }, { "type": "LineString", "coordinates": [ [ -122.291289, 47.523339 ], [ -122.291288, 47.522948 ] ] }, { "type": "LineString", "coordinates": [ [ -122.291288, 47.522948 ], [ -122.291288, 47.522843 ] ] }, { "type": "LineString", "coordinates": [ [ -122.291288, 47.522843 ], [ -122.291287, 47.522362 ] ] }, { "type": "LineString", "coordinates": [ [ -122.291287, 47.522362 ], [ -122.291287, 47.522313 ] ] }, { "type": "LineString", "coordinates": [ [ -122.291287, 47.522313 ], [ -122.291286, 47.521315 ] ] }, { "type": "LineString", "coordinates": [ [ -122.291286, 47.521315 ], [ -122.291286, 47.521258 ] ] }, { "type": "LineString", "coordinates": [ [ -122.291286, 47.521258 ], [ -122.291285, 47.520897 ] ] }, { "type": "LineString", "coordinates": [ [ -122.291285, 47.520897 ], [ -122.291285, 47.520669 ] ] }, { "type": "LineString", "coordinates": [ [ -122.291285, 47.520669 ], [ -122.291285, 47.520553 ] ] }, { "type": "LineString", "coordinates": [ [ -122.291285, 47.520553 ], [ -122.291285, 47.52049 ] ] }, { "type": "LineString", "coordinates": [ [ -122.291285, 47.52049 ], [ -122.291284, 47.519998 ] ] }, { "type": "LineString", "coordinates": [ [ -122.291284, 47.519998 ], [ -122.291284, 47.519737 ] ] }, { "type": "LineString", "coordinates": [ [ -122.291284, 47.519737 ], [ -122.291284, 47.51969 ] ] }, { "type": "LineString", "coordinates": [ [ -122.291284, 47.51969 ], [ -122.291283, 47.519524 ] ] }, { "type": "LineString", "coordinates": [ [ -122.291283, 47.519524 ], [ -122.291283, 47.519301 ] ] }, { "type": "LineString", "coordinates": [ [ -122.291283, 47.519301 ], [ -122.291283, 47.518838 ] ] }, { "type": "LineString", "coordinates": [ [ -122.291283, 47.518838 ], [ -122.291282, 47.518567 ] ] }, { "type": "LineString", "coordinates": [ [ -122.291282, 47.518567 ], [ -122.291281, 47.517825 ] ] }, { "type": "LineString", "coordinates": [ [ -122.291281, 47.517825 ], [ -122.291281, 47.517682 ] ] }, { "type": "LineString", "coordinates": [ [ -122.291281, 47.517682 ], [ -122.29128, 47.51698 ] ] }, { "type": "LineString", "coordinates": [ [ -122.29128, 47.51698 ], [ -122.29128, 47.516751 ] ] }, { "type": "LineString", "coordinates": [ [ -122.29128, 47.516751 ], [ -122.291282, 47.516414 ] ] }, { "type": "LineString", "coordinates": [ [ -122.291282, 47.516414 ], [ -122.291287, 47.51489 ] ] }, { "type": "LineString", "coordinates": [ [ -122.291287, 47.51489 ], [ -122.291303, 47.513885 ] ] }, { "type": "LineString", "coordinates": [ [ -122.291303, 47.513885 ], [ -122.291305, 47.513744 ] ] }, { "type": "LineString", "coordinates": [ [ -122.291305, 47.513744 ], [ -122.291305, 47.513673 ] ] }, { "type": "LineString", "coordinates": [ [ -122.291305, 47.513673 ], [ -122.291306, 47.513592 ] ] }, { "type": "LineString", "coordinates": [ [ -122.291306, 47.513592 ], [ -122.291312, 47.513415 ] ] }, { "type": "LineString", "coordinates": [ [ -122.291312, 47.513415 ], [ -122.291325, 47.511627 ] ] }, { "type": "LineString", "coordinates": [ [ -122.291325, 47.511627 ], [ -122.291334, 47.510883 ] ] }, { "type": "LineString", "coordinates": [ [ -122.291334, 47.510883 ], [ -122.291334, 47.51083 ] ] }, { "type": "LineString", "coordinates": [ [ -122.291334, 47.51083 ], [ -122.291334, 47.510766 ] ] }, { "type": "LineString", "coordinates": [ [ -122.291334, 47.510766 ], [ -122.291334, 47.510695 ] ] }, { "type": "LineString", "coordinates": [ [ -122.291334, 47.510695 ], [ -122.291336, 47.510629 ] ] }, { "type": "LineString", "coordinates": [ [ -122.291336, 47.510629 ], [ -122.291338, 47.510399 ] ] }, { "type": "LineString", "coordinates": [ [ -122.291338, 47.510399 ], [ -122.291339, 47.510247 ] ] }, { "type": "LineString", "coordinates": [ [ -122.291339, 47.510247 ], [ -122.29134, 47.510146 ] ] }, { "type": "LineString", "coordinates": [ [ -122.29134, 47.510146 ], [ -122.290795, 47.510133 ] ] }, { "type": "LineString", "coordinates": [ [ -122.290795, 47.510133 ], [ -122.290257, 47.510121 ] ] }, { "type": "LineString", "coordinates": [ [ -122.290257, 47.510121 ], [ -122.290168, 47.510119 ] ] }, { "type": "LineString", "coordinates": [ [ -122.290168, 47.510119 ], [ -122.290052, 47.510117 ] ] }, { "type": "LineString", "coordinates": [ [ -122.290052, 47.510117 ], [ -122.289847, 47.510112 ] ] }, { "type": "LineString", "coordinates": [ [ -122.289847, 47.510112 ], [ -122.287825, 47.510067 ] ] }, { "type": "LineString", "coordinates": [ [ -122.287825, 47.510067 ], [ -122.287646, 47.510063 ] ] }, { "type": "LineString", "coordinates": [ [ -122.287646, 47.510063 ], [ -122.287504, 47.510059 ] ] }, { "type": "LineString", "coordinates": [ [ -122.287504, 47.510059 ], [ -122.286518, 47.510037 ] ] }, { "type": "LineString", "coordinates": [ [ -122.286518, 47.510037 ], [ -122.286235, 47.51003 ] ] }, { "type": "LineString", "coordinates": [ [ -122.286235, 47.51003 ], [ -122.286147, 47.510028 ] ] }, { "type": "LineString", "coordinates": [ [ -122.286147, 47.510028 ], [ -122.285928, 47.510022 ] ] }, { "type": "LineString", "coordinates": [ [ -122.285928, 47.510022 ], [ -122.285757, 47.510018 ] ] }, { "type": "LineString", "coordinates": [ [ -122.285757, 47.510018 ], [ -122.285645, 47.510015 ] ] }, { "type": "LineString", "coordinates": [ [ -122.285645, 47.510015 ], [ -122.285248, 47.510006 ] ] }, { "type": "LineString", "coordinates": [ [ -122.285248, 47.510006 ], [ -122.284885, 47.509998 ] ] }, { "type": "LineString", "coordinates": [ [ -122.284885, 47.509998 ], [ -122.284798, 47.509996 ] ] }, { "type": "LineString", "coordinates": [ [ -122.284798, 47.509996 ], [ -122.284673, 47.509993 ] ] }, { "type": "LineString", "coordinates": [ [ -122.284673, 47.509993 ], [ -122.284424, 47.509988 ] ] }, { "type": "LineString", "coordinates": [ [ -122.284424, 47.509988 ], [ -122.28387, 47.509975 ] ] }, { "type": "LineString", "coordinates": [ [ -122.28387, 47.509975 ], [ -122.283686, 47.509974 ] ] }, { "type": "LineString", "coordinates": [ [ -122.283686, 47.509974 ], [ -122.283365, 47.509962 ] ] }, { "type": "LineString", "coordinates": [ [ -122.283365, 47.509962 ], [ -122.282967, 47.509953 ] ] }, { "type": "LineString", "coordinates": [ [ -122.282967, 47.509953 ], [ -122.282557, 47.509945 ] ] }, { "type": "LineString", "coordinates": [ [ -122.282557, 47.509945 ], [ -122.282464, 47.509943 ] ] }, { "type": "LineString", "coordinates": [ [ -122.282464, 47.509943 ], [ -122.281278, 47.509916 ] ] }, { "type": "LineString", "coordinates": [ [ -122.281278, 47.509916 ], [ -122.280761, 47.509904 ] ] }, { "type": "LineString", "coordinates": [ [ -122.280761, 47.509904 ], [ -122.27985, 47.509883 ] ] }, { "type": "LineString", "coordinates": [ [ -122.27985, 47.509883 ], [ -122.278721, 47.509858 ] ] }, { "type": "LineString", "coordinates": [ [ -122.278721, 47.509858 ], [ -122.278645, 47.509856 ] ] }, { "type": "LineString", "coordinates": [ [ -122.278645, 47.509856 ], [ -122.278547, 47.509855 ] ] }, { "type": "LineString", "coordinates": [ [ -122.278547, 47.509855 ], [ -122.278235, 47.509852 ] ] }, { "type": "LineString", "coordinates": [ [ -122.278235, 47.509852 ], [ -122.278229, 47.509794 ] ] }, { "type": "LineString", "coordinates": [ [ -122.278229, 47.509794 ], [ -122.278238, 47.508915 ] ] }, { "type": "LineString", "coordinates": [ [ -122.278238, 47.508915 ], [ -122.278229, 47.507991 ] ] }, { "type": "LineString", "coordinates": [ [ -122.278229, 47.507991 ], [ -122.277889, 47.507992 ] ] }, { "type": "LineString", "coordinates": [ [ -122.277889, 47.507992 ], [ -122.277703, 47.507967 ] ] }, { "type": "LineString", "coordinates": [ [ -122.277703, 47.507967 ], [ -122.277542, 47.507936 ] ] }, { "type": "LineString", "coordinates": [ [ -122.277542, 47.507936 ], [ -122.277387, 47.507892 ] ] }, { "type": "LineString", "coordinates": [ [ -122.277387, 47.507892 ], [ -122.277225, 47.507839 ] ] }, { "type": "LineString", "coordinates": [ [ -122.277225, 47.507839 ], [ -122.277078, 47.507773 ] ] }, { "type": "LineString", "coordinates": [ [ -122.277078, 47.507773 ], [ -122.276241, 47.507231 ] ] }, { "type": "LineString", "coordinates": [ [ -122.276241, 47.507231 ], [ -122.275975, 47.507221 ] ] }, { "type": "LineString", "coordinates": [ [ -122.275975, 47.507221 ], [ -122.275636, 47.50715 ] ] }, { "type": "LineString", "coordinates": [ [ -122.275636, 47.50715 ], [ -122.27543, 47.507142 ] ] }, { "type": "LineString", "coordinates": [ [ -122.27543, 47.507142 ], [ -122.275418, 47.50893 ] ] }, { "type": "LineString", "coordinates": [ [ -122.275418, 47.50893 ], [ -122.275412, 47.509633 ] ] }, { "type": "LineString", "coordinates": [ [ -122.275412, 47.509633 ], [ -122.275411, 47.509784 ] ] }, { "type": "LineString", "coordinates": [ [ -122.275411, 47.509784 ], [ -122.274076, 47.509753 ] ] }, { "type": "LineString", "coordinates": [ [ -122.274076, 47.509753 ], [ -122.271549, 47.509696 ] ] }, { "type": "LineString", "coordinates": [ [ -122.271549, 47.509696 ], [ -122.270069, 47.509663 ] ] }, { "type": "LineString", "coordinates": [ [ -122.270069, 47.509663 ], [ -122.27007, 47.509537 ] ] }, { "type": "LineString", "coordinates": [ [ -122.27007, 47.509537 ], [ -122.270087, 47.508783 ] ] }, { "type": "LineString", "coordinates": [ [ -122.270087, 47.508783 ], [ -122.270125, 47.507025 ] ] }, { "type": "LineString", "coordinates": [ [ -122.270125, 47.507025 ], [ -122.27014, 47.506581 ] ] }, { "type": "LineString", "coordinates": [ [ -122.27014, 47.506581 ], [ -122.270145, 47.50609 ] ] }, { "type": "LineString", "coordinates": [ [ -122.270145, 47.50609 ], [ -122.270157, 47.505101 ] ] }, { "type": "LineString", "coordinates": [ [ -122.270157, 47.505101 ], [ -122.270157, 47.504896 ] ] }, { "type": "LineString", "coordinates": [ [ -122.270157, 47.504896 ], [ -122.270166, 47.504475 ] ] }, { "type": "LineString", "coordinates": [ [ -122.270166, 47.504475 ], [ -122.270175, 47.503177 ] ] }, { "type": "LineString", "coordinates": [ [ -122.270175, 47.503177 ], [ -122.270202, 47.502629 ] ] }, { "type": "LineString", "coordinates": [ [ -122.270202, 47.502629 ], [ -122.270264, 47.501468 ] ] }, { "type": "LineString", "coordinates": [ [ -122.270327, 47.500303 ], [ -122.270227, 47.500282 ] ] }, { "type": "LineString", "coordinates": [ [ -122.270227, 47.500282 ], [ -122.270273, 47.49758 ] ] }, { "type": "LineString", "coordinates": [ [ -122.270273, 47.49758 ], [ -122.270278, 47.497327 ] ] }, { "type": "LineString", "coordinates": [ [ -122.270278, 47.497327 ], [ -122.270282, 47.497059 ] ] }, { "type": "LineString", "coordinates": [ [ -122.270282, 47.497059 ], [ -122.270283, 47.497002 ] ] }, { "type": "LineString", "coordinates": [ [ -122.270283, 47.497002 ], [ -122.270292, 47.496569 ] ] }, { "type": "LineString", "coordinates": [ [ -122.270292, 47.496569 ], [ -122.270294, 47.496354 ] ] }, { "type": "LineString", "coordinates": [ [ -122.270294, 47.496354 ], [ -122.270298, 47.496033 ] ] }, { "type": "LineString", "coordinates": [ [ -122.270298, 47.496033 ], [ -122.270302, 47.495543 ] ] } ] } },
{ "type": "Feature", "properties": { "GEOID": "530330264004", "population": 1437, "pop_in_seattle": 50.75578239301548, "area_in_seattle": 45028.76308008773 }, "geometry": { "type": "GeometryCollection", "geometries": [ { "type": "Polygon", "coordinates": [ [ [ -122.331021, 47.520917 ], [ -122.330906, 47.520902 ], [ -122.33063, 47.520513 ], [ -122.329917, 47.519564 ], [ -122.329914, 47.519549 ], [ -122.329852, 47.519245 ], [ -122.329836, 47.519168 ], [ -122.32969, 47.518457 ], [ -122.329611, 47.518302 ], [ -122.329556, 47.518195 ], [ -122.329518, 47.518122 ], [ -122.329369, 47.517833 ], [ -122.329357, 47.517809 ], [ -122.329308, 47.51753 ], [ -122.329256, 47.517381 ], [ -122.329238, 47.517329 ], [ -122.329227, 47.517281 ], [ -122.329215, 47.517225 ], [ -122.329207, 47.517184 ], [ -122.3292, 47.51717 ], [ -122.329177, 47.517126 ], [ -122.328849, 47.516755 ], [ -122.328713, 47.516593 ], [ -122.328639, 47.516505 ], [ -122.327326, 47.513997 ], [ -122.328184, 47.513994 ], [ -122.328194, 47.514014 ], [ -122.328754, 47.514966 ], [ -122.329465, 47.516194 ], [ -122.329696, 47.516629 ], [ -122.329826, 47.516929 ], [ -122.329981, 47.517388 ], [ -122.330184, 47.518124 ], [ -122.330419, 47.518978 ], [ -122.330564, 47.519354 ], [ -122.330749, 47.519733 ], [ -122.330885, 47.519981 ], [ -122.331076, 47.520277 ], [ -122.3315, 47.520955 ], [ -122.331021, 47.520917 ] ] ] }, { "type": "LineString", "coordinates": [ [ -122.330906, 47.520902 ], [ -122.330779, 47.520901 ] ] }, { "type": "LineString", "coordinates": [ [ -122.330779, 47.520901 ], [ -122.330599, 47.520902 ] ] }, { "type": "LineString", "coordinates": [ [ -122.330599, 47.520902 ], [ -122.330073, 47.520906 ] ] }, { "type": "LineString", "coordinates": [ [ -122.330073, 47.520906 ], [ -122.329592, 47.520913 ] ] }, { "type": "LineString", "coordinates": [ [ -122.329592, 47.520913 ], [ -122.327899, 47.520921 ] ] }, { "type": "LineString", "coordinates": [ [ -122.327899, 47.520921 ], [ -122.325876, 47.52092 ] ] }, { "type": "LineString", "coordinates": [ [ -122.325876, 47.52092 ], [ -122.325881, 47.520232 ] ] }, { "type": "LineString", "coordinates": [ [ -122.325881, 47.520232 ], [ -122.325879, 47.518691 ] ] }, { "type": "LineString", "coordinates": [ [ -122.325879, 47.518691 ], [ -122.3251, 47.518674 ] ] }, { "type": "LineString", "coordinates": [ [ -122.3251, 47.518674 ], [ -122.32451, 47.518687 ] ] }, { "type": "LineString", "coordinates": [ [ -122.32451, 47.518687 ], [ -122.324135, 47.518686 ] ] }, { "type": "LineString", "coordinates": [ [ -122.324135, 47.518686 ], [ -122.324073, 47.518686 ] ] }, { "type": "LineString", "coordinates": [ [ -122.324073, 47.518686 ], [ -122.323858, 47.518686 ] ] }, { "type": "LineString", "coordinates": [ [ -122.323858, 47.518686 ], [ -122.323438, 47.518685 ] ] }, { "type": "LineString", "coordinates": [ [ -122.323438, 47.518685 ], [ -122.32323, 47.518684 ] ] }, { "type": "LineString", "coordinates": [ [ -122.32323, 47.518684 ], [ -122.323154, 47.518686 ] ] } ] } },
{ "type": "Feature", "properties": { "GEOID": "530330265001", "population": 1629, "pop_in_seattle": 662.82324469083949, "area_in_seattle": 433119.75107199961 }, "geometry": { "type": "GeometryCollection", "geometries": [ { "type": "Polygon", "coordinates": [ [ [ -122.339913, 47.517586 ], [ -122.339442, 47.518546 ], [ -122.339139, 47.519061 ], [ -122.339045, 47.51919 ], [ -122.33895, 47.519284 ], [ -122.338364, 47.519724 ], [ -122.336303, 47.521242 ], [ -122.335905, 47.520992 ], [ -122.335836, 47.520926 ], [ -122.335796, 47.520853 ], [ -122.335795, 47.520829 ], [ -122.335789, 47.520727 ], [ -122.335837, 47.520631 ], [ -122.336194, 47.520252 ], [ -122.33568, 47.520029 ], [ -122.334991, 47.51973 ], [ -122.334762, 47.519679 ], [ -122.334592, 47.519681 ], [ -122.334391, 47.519705 ], [ -122.334222, 47.519749 ], [ -122.333866, 47.519824 ], [ -122.33436, 47.520818 ], [ -122.331904, 47.520926 ], [ -122.3315, 47.520955 ], [ -122.331076, 47.520277 ], [ -122.330885, 47.519981 ], [ -122.330749, 47.519733 ], [ -122.330564, 47.519354 ], [ -122.330419, 47.518978 ], [ -122.330184, 47.518124 ], [ -122.329981, 47.517388 ], [ -122.329826, 47.516929 ], [ -122.329696, 47.516629 ], [ -122.329465, 47.516194 ], [ -122.328754, 47.514966 ], [ -122.328194, 47.514014 ], [ -122.328184, 47.513994 ], [ -122.328565, 47.513999 ], [ -122.330079, 47.513997 ], [ -122.330273, 47.513999 ], [ -122.330289, 47.514029 ], [ -122.330586, 47.514539 ], [ -122.33097, 47.514944 ], [ -122.331153, 47.515121 ], [ -122.331182, 47.515149 ], [ -122.331385, 47.515132 ], [ -122.331405, 47.515098 ], [ -122.332616, 47.514882 ], [ -122.333497, 47.514725 ], [ -122.333555, 47.514742 ], [ -122.333512, 47.514531 ], [ -122.334036, 47.514522 ], [ -122.334357, 47.514523 ], [ -122.334353, 47.514499 ], [ -122.334252, 47.513897 ], [ -122.335707, 47.513923 ], [ -122.336507, 47.513914 ], [ -122.336645, 47.513907 ], [ -122.33704, 47.513893 ], [ -122.337124, 47.515023 ], [ -122.337275, 47.515858 ], [ -122.33739, 47.516502 ], [ -122.337408, 47.516602 ], [ -122.337469, 47.516944 ], [ -122.33748, 47.517005 ], [ -122.337492, 47.517073 ], [ -122.337521, 47.517257 ], [ -122.337537, 47.517256 ], [ -122.33793, 47.517258 ], [ -122.339915, 47.517269 ], [ -122.340134, 47.517277 ], [ -122.339913, 47.517586 ] ] ] }, { "type": "LineString", "coordinates": [ [ -122.345426, 47.517302 ], [ -122.344639, 47.517299 ] ] }, { "type": "LineString", "coordinates": [ [ -122.344639, 47.517299 ], [ -122.344151, 47.517294 ] ] }, { "type": "LineString", "coordinates": [ [ -122.344151, 47.517294 ], [ -122.343873, 47.517293 ] ] }, { "type": "LineString", "coordinates": [ [ -122.343873, 47.517293 ], [ -122.342878, 47.517287 ] ] }, { "type": "LineString", "coordinates": [ [ -122.342878, 47.517287 ], [ -122.34161, 47.517281 ] ] }, { "type": "LineString", "coordinates": [ [ -122.34161, 47.517281 ], [ -122.341437, 47.517276 ] ] }, { "type": "LineString", "coordinates": [ [ -122.341437, 47.517276 ], [ -122.34075, 47.51722 ] ] }, { "type": "LineString", "coordinates": [ [ -122.34075, 47.51722 ], [ -122.340448, 47.51724 ] ] }, { "type": "LineString", "coordinates": [ [ -122.340448, 47.51724 ], [ -122.340134, 47.517277 ] ] } ] } },
{ "type": "Feature", "properties": { "GEOID": "530330111023", "population": 802, "pop_in_seattle": 802.0, "area_in_seattle": 118187.71610380756 }, "geometry": { "type": "Polygon", "coordinates": [ [ [ -122.272651, 47.532624 ], [ -122.272646, 47.53366 ], [ -122.272645, 47.534707 ], [ -122.272644, 47.535921 ], [ -122.272643, 47.536948 ], [ -122.270276, 47.536956 ], [ -122.270038, 47.535928 ], [ -122.269982, 47.535691 ], [ -122.269984, 47.534982 ], [ -122.269988, 47.534846 ], [ -122.269991, 47.534709 ], [ -122.26999, 47.534646 ], [ -122.26999, 47.534283 ], [ -122.269989, 47.533937 ], [ -122.269988, 47.533659 ], [ -122.269988, 47.533576 ], [ -122.26999, 47.532624 ], [ -122.269991, 47.532325 ], [ -122.269992, 47.531997 ], [ -122.269992, 47.531668 ], [ -122.269993, 47.53158 ], [ -122.270829, 47.531577 ], [ -122.271801, 47.531572 ], [ -122.272717, 47.531563 ], [ -122.272665, 47.531643 ], [ -122.272651, 47.532624 ] ] ] } },
{ "type": "Feature", "properties": { "GEOID": "530330020003", "population": 1163, "pop_in_seattle": 1162.9999999999998, "area_in_seattle": 412119.25640514871 }, "geometry": { "type": "Polygon", "coordinates": [ [ [ -122.317609, 47.692188 ], [ -122.317604, 47.693099 ], [ -122.3176, 47.69401 ], [ -122.317596, 47.694921 ], [ -122.317591, 47.695832 ], [ -122.317587, 47.696742 ], [ -122.314843, 47.696724 ], [ -122.312098, 47.696705 ], [ -122.309459, 47.696686 ], [ -122.309471, 47.695776 ], [ -122.309484, 47.694867 ], [ -122.309494, 47.693958 ], [ -122.312156, 47.693976 ], [ -122.312175, 47.693067 ], [ -122.312195, 47.692158 ], [ -122.312214, 47.691248 ], [ -122.312233, 47.690339 ], [ -122.313484, 47.69034 ], [ -122.313445, 47.688516 ], [ -122.314338, 47.688524 ], [ -122.314933, 47.688528 ], [ -122.316265, 47.688539 ], [ -122.317586, 47.688549 ], [ -122.317592, 47.68892 ], [ -122.317605, 47.689644 ], [ -122.317617, 47.690367 ], [ -122.317613, 47.691278 ], [ -122.317609, 47.692188 ] ] ] } },
{ "type": "Feature", "properties": { "GEOID": "530330028004", "population": 1188, "pop_in_seattle": 1188.0000000000002, "area_in_seattle": 263653.27237653203 }, "geometry": { "type": "Polygon", "coordinates": [ [ [ -122.353933, 47.690589 ], [ -122.352603, 47.690585 ], [ -122.351276, 47.690582 ], [ -122.349913, 47.690577 ], [ -122.347209, 47.690569 ], [ -122.344593, 47.690561 ], [ -122.344523, 47.690561 ], [ -122.344461, 47.690561 ], [ -122.344462, 47.689833 ], [ -122.344464, 47.689111 ], [ -122.344462, 47.689051 ], [ -122.34445, 47.688387 ], [ -122.344432, 47.687663 ], [ -122.344508, 47.687664 ], [ -122.344564, 47.687664 ], [ -122.347216, 47.687663 ], [ -122.349908, 47.687661 ], [ -122.352603, 47.687663 ], [ -122.355302, 47.687664 ], [ -122.355302, 47.688388 ], [ -122.355302, 47.689112 ], [ -122.355303, 47.689836 ], [ -122.355303, 47.690593 ], [ -122.353933, 47.690589 ] ] ] } },
{ "type": "Feature", "properties": { "GEOID": "530330094001", "population": 1233, "pop_in_seattle": 1232.9999999999998, "area_in_seattle": 151516.88734260952 }, "geometry": { "type": "Polygon", "coordinates": [ [ [ -122.315983, 47.588435 ], [ -122.314861, 47.588435 ], [ -122.314855, 47.589987 ], [ -122.31383, 47.589987 ], [ -122.313105, 47.589978 ], [ -122.312736, 47.589982 ], [ -122.312166, 47.589985 ], [ -122.311623, 47.589988 ], [ -122.31163, 47.589535 ], [ -122.311633, 47.589393 ], [ -122.311568, 47.589224 ], [ -122.311561, 47.589205 ], [ -122.311573, 47.588553 ], [ -122.311548, 47.58845 ], [ -122.311193, 47.588451 ], [ -122.310997, 47.588434 ], [ -122.310547, 47.588432 ], [ -122.309469, 47.588426 ], [ -122.309465, 47.587746 ], [ -122.310543, 47.587752 ], [ -122.310572, 47.587154 ], [ -122.310604, 47.58704 ], [ -122.310679, 47.586903 ], [ -122.310743, 47.586745 ], [ -122.310759, 47.586675 ], [ -122.310755, 47.586352 ], [ -122.311119, 47.586353 ], [ -122.312061, 47.586356 ], [ -122.313365, 47.586361 ], [ -122.31467, 47.586365 ], [ -122.314669, 47.586811 ], [ -122.314698, 47.586886 ], [ -122.314767, 47.586968 ], [ -122.315987, 47.58693 ], [ -122.317279, 47.586936 ], [ -122.317278, 47.588435 ], [ -122.315983, 47.588435 ] ] ] } },
{ "type": "Feature", "properties": { "GEOID": "530330104024", "population": 1392, "pop_in_seattle": 1391.9999999999995, "area_in_seattle": 352126.84305134369 }, "geometry": { "type": "Polygon", "coordinates": [ [ [ -122.318574, 47.556385 ], [ -122.318331, 47.557136 ], [ -122.3181, 47.557901 ], [ -122.317849, 47.558654 ], [ -122.317615, 47.559382 ], [ -122.317377, 47.560127 ], [ -122.317342, 47.56016 ], [ -122.317136, 47.56078 ], [ -122.317136, 47.560839 ], [ -122.317127, 47.560892 ], [ -122.316866, 47.561693 ], [ -122.31607, 47.561695 ], [ -122.315286, 47.561696 ], [ -122.314841, 47.561698 ], [ -122.314142, 47.561699 ], [ -122.313482, 47.561699 ], [ -122.313414, 47.561469 ], [ -122.313419, 47.560731 ], [ -122.313421, 47.560558 ], [ -122.313432, 47.559048 ], [ -122.313441, 47.557898 ], [ -122.313447, 47.557141 ], [ -122.313449, 47.556901 ], [ -122.313452, 47.556532 ], [ -122.313452, 47.556383 ], [ -122.313459, 47.555625 ], [ -122.310522, 47.555607 ], [ -122.310529, 47.554743 ], [ -122.309861, 47.55474 ], [ -122.309871, 47.553426 ], [ -122.311086, 47.553431 ], [ -122.312301, 47.553436 ], [ -122.313475, 47.553441 ], [ -122.31451, 47.553445 ], [ -122.314569, 47.553445 ], [ -122.31614, 47.553451 ], [ -122.317191, 47.553455 ], [ -122.31718, 47.554913 ], [ -122.317174, 47.555628 ], [ -122.31861, 47.555629 ], [ -122.318629, 47.555634 ], [ -122.318671, 47.555646 ], [ -122.318717, 47.555673 ], [ -122.318748, 47.555712 ], [ -122.318763, 47.555749 ], [ -122.318765, 47.555812 ], [ -122.318574, 47.556385 ] ] ] } },
{ "type": "Feature", "properties": { "GEOID": "530330057004", "population": 1300, "pop_in_seattle": 1299.9999999999995, "area_in_seattle": 382107.17532349739 }, "geometry": { "type": "Polygon", "coordinates": [ [ [ -122.403577, 47.65407 ], [ -122.403569, 47.655856 ], [ -122.402275, 47.655861 ], [ -122.400898, 47.655864 ], [ -122.399522, 47.655867 ], [ -122.398233, 47.655869 ], [ -122.396947, 47.655871 ], [ -122.395662, 47.656013 ], [ -122.395678, 47.654887 ], [ -122.395649, 47.654068 ], [ -122.395573, 47.654068 ], [ -122.395561, 47.653163 ], [ -122.39422, 47.653166 ], [ -122.39288, 47.65317 ], [ -122.392885, 47.652266 ], [ -122.392886, 47.65194 ], [ -122.39289, 47.651361 ], [ -122.394228, 47.651357 ], [ -122.395569, 47.651353 ], [ -122.395565, 47.652258 ], [ -122.396905, 47.652254 ], [ -122.396908, 47.651344 ], [ -122.396911, 47.650446 ], [ -122.398226, 47.650443 ], [ -122.399539, 47.650444 ], [ -122.400915, 47.650445 ], [ -122.40229, 47.650445 ], [ -122.403609, 47.650446 ], [ -122.403578, 47.652244 ], [ -122.403577, 47.65407 ] ] ] } },
{ "type": "Feature", "properties": { "GEOID": "530330017024", "population": 1564, "pop_in_seattle": 1564.0000000000007, "area_in_seattle": 438414.86961350747 }, "geometry": { "type": "Polygon", "coordinates": [ [ [ -122.363394, 47.701046 ], [ -122.362603, 47.701449 ], [ -122.362424, 47.701537 ], [ -122.362079, 47.701707 ], [ -122.360744, 47.702398 ], [ -122.360742, 47.702212 ], [ -122.360735, 47.701512 ], [ -122.360675, 47.701498 ], [ -122.359436, 47.701479 ], [ -122.359417, 47.699663 ], [ -122.359399, 47.697847 ], [ -122.358059, 47.697844 ], [ -122.35764, 47.697842 ], [ -122.357398, 47.697842 ], [ -122.356719, 47.69784 ], [ -122.355378, 47.697837 ], [ -122.35536, 47.696026 ], [ -122.355341, 47.694215 ], [ -122.356681, 47.694221 ], [ -122.357389, 47.694223 ], [ -122.358021, 47.694226 ], [ -122.359361, 47.694232 ], [ -122.360678, 47.694237 ], [ -122.362012, 47.694242 ], [ -122.363347, 47.694248 ], [ -122.364681, 47.694253 ], [ -122.364693, 47.696057 ], [ -122.364704, 47.69786 ], [ -122.364715, 47.699683 ], [ -122.36472, 47.70038 ], [ -122.363394, 47.701046 ] ] ] } },
{ "type": "Feature", "properties": { "GEOID": "530330087002", "population": 1284, "pop_in_seattle": 1284.0000000000007, "area_in_seattle": 163911.7440972105 }, "geometry": { "type": "Polygon", "coordinates": [ [ [ -122.306333, 47.606166 ], [ -122.305033, 47.606163 ], [ -122.303787, 47.606161 ], [ -122.302779, 47.606174 ], [ -122.302781, 47.605824 ], [ -122.302767, 47.605633 ], [ -122.302745, 47.605502 ], [ -122.302676, 47.605222 ], [ -122.302604, 47.605033 ], [ -122.302484, 47.604664 ], [ -122.302447, 47.604496 ], [ -122.302429, 47.604325 ], [ -122.302435, 47.603505 ], [ -122.302436, 47.602666 ], [ -122.30243, 47.602035 ], [ -122.302377, 47.601809 ], [ -122.302335, 47.601665 ], [ -122.303741, 47.601667 ], [ -122.305046, 47.60167 ], [ -122.306354, 47.601672 ], [ -122.306352, 47.602672 ], [ -122.306352, 47.603511 ], [ -122.306346, 47.604331 ], [ -122.307651, 47.60432 ], [ -122.307637, 47.606162 ], [ -122.306333, 47.606166 ] ] ] } },
{ "type": "Feature", "properties": { "GEOID": "530330026001", "population": 1141, "pop_in_seattle": 1141.0, "area_in_seattle": 245183.36415245023 }, "geometry": { "type": "Polygon", "coordinates": [ [ [ -122.311157, 47.690332 ], [ -122.310082, 47.690324 ], [ -122.309475, 47.69032 ], [ -122.308171, 47.690311 ], [ -122.307931, 47.690309 ], [ -122.306855, 47.690302 ], [ -122.306814, 47.688487 ], [ -122.306771, 47.686673 ], [ -122.306731, 47.684858 ], [ -122.307808, 47.684858 ], [ -122.308886, 47.684858 ], [ -122.309485, 47.684858 ], [ -122.309963, 47.68486 ], [ -122.311041, 47.684863 ], [ -122.312015, 47.684859 ], [ -122.312118, 47.684858 ], [ -122.312156, 47.686675 ], [ -122.312174, 47.687515 ], [ -122.312195, 47.688506 ], [ -122.312233, 47.690339 ], [ -122.311157, 47.690332 ] ] ] } },
{ "type": "Feature", "properties": { "GEOID": "530330043021", "population": 1086, "pop_in_seattle": 1085.9999999999998, "area_in_seattle": 156721.79756163151 }, "geometry": { "type": "Polygon", "coordinates": [ [ [ -122.304413, 47.666236 ], [ -122.304377, 47.666436 ], [ -122.303415, 47.666432 ], [ -122.303407, 47.667129 ], [ -122.303391, 47.668024 ], [ -122.303242, 47.66806 ], [ -122.301729, 47.66844 ], [ -122.301532, 47.668478 ], [ -122.3015, 47.668484 ], [ -122.301155, 47.668522 ], [ -122.301074, 47.668522 ], [ -122.30062, 47.668524 ], [ -122.300618, 47.667977 ], [ -122.300606, 47.666265 ], [ -122.300605, 47.66617 ], [ -122.300603, 47.665922 ], [ -122.300627, 47.665676 ], [ -122.300874, 47.664735 ], [ -122.300883, 47.664655 ], [ -122.300913, 47.664405 ], [ -122.300912, 47.664271 ], [ -122.300889, 47.663264 ], [ -122.300908, 47.663075 ], [ -122.300912, 47.661247 ], [ -122.301213, 47.661247 ], [ -122.301911, 47.661247 ], [ -122.302034, 47.66125 ], [ -122.302167, 47.66125 ], [ -122.302508, 47.661251 ], [ -122.302486, 47.661341 ], [ -122.302451, 47.661516 ], [ -122.302479, 47.661753 ], [ -122.30273, 47.662281 ], [ -122.303011, 47.663019 ], [ -122.303027, 47.663068 ], [ -122.303187, 47.663557 ], [ -122.303222, 47.663678 ], [ -122.303441, 47.664431 ], [ -122.30342, 47.66469 ], [ -122.303408, 47.664847 ], [ -122.303409, 47.664961 ], [ -122.30345, 47.664852 ], [ -122.304055, 47.664897 ], [ -122.304431, 47.6649 ], [ -122.30454, 47.665775 ], [ -122.304517, 47.665919 ], [ -122.304413, 47.666236 ] ] ] } },
{ "type": "Feature", "properties": { "GEOID": "530330046001", "population": 1246, "pop_in_seattle": 1245.9999999999995, "area_in_seattle": 2101671.5516464785 }, "geometry": { "type": "Polygon", "coordinates": [ [ [ -122.347186, 47.67166 ], [ -122.347182, 47.672423 ], [ -122.347181, 47.672619 ], [ -122.347178, 47.673149 ], [ -122.347173, 47.673865 ], [ -122.347172, 47.674028 ], [ -122.347167, 47.674186 ], [ -122.347161, 47.674363 ], [ -122.347129, 47.674651 ], [ -122.347038, 47.675143 ], [ -122.346957, 47.675438 ], [ -122.346852, 47.675735 ], [ -122.346735, 47.676016 ], [ -122.346616, 47.676254 ], [ -122.34643, 47.676569 ], [ -122.346243, 47.67684 ], [ -122.346229, 47.676855 ], [ -122.345991, 47.677107 ], [ -122.345842, 47.677287 ], [ -122.345737, 47.677445 ], [ -122.345648, 47.677608 ], [ -122.345594, 47.677763 ], [ -122.345588, 47.677781 ], [ -122.345523, 47.678051 ], [ -122.345423, 47.678681 ], [ -122.3454, 47.678908 ], [ -122.345305, 47.679562 ], [ -122.34526, 47.679868 ], [ -122.345237, 47.679955 ], [ -122.345185, 47.680114 ], [ -122.345113, 47.68028 ], [ -122.345091, 47.680324 ], [ -122.34504, 47.680423 ], [ -122.3449, 47.680623 ], [ -122.344746, 47.680803 ], [ -122.344617, 47.680945 ], [ -122.34456, 47.681033 ], [ -122.344511, 47.681107 ], [ -122.344446, 47.681237 ], [ -122.344298, 47.681344 ], [ -122.343893, 47.681545 ], [ -122.343571, 47.681672 ], [ -122.343147, 47.681795 ], [ -122.342004, 47.682038 ], [ -122.341736, 47.682116 ], [ -122.341635, 47.682159 ], [ -122.341376, 47.682256 ], [ -122.341084, 47.6824 ], [ -122.340828, 47.682556 ], [ -122.340599, 47.682729 ], [ -122.340409, 47.682904 ], [ -122.340225, 47.683116 ], [ -122.340056, 47.683373 ], [ -122.340012, 47.683497 ], [ -122.339362, 47.684752 ], [ -122.339148, 47.685075 ], [ -122.33909, 47.68513 ], [ -122.338873, 47.68526 ], [ -122.338815, 47.685294 ], [ -122.3385, 47.685451 ], [ -122.338274, 47.685532 ], [ -122.337796, 47.685648 ], [ -122.337285, 47.685666 ], [ -122.337172, 47.685659 ], [ -122.337019, 47.685649 ], [ -122.336767, 47.685611 ], [ -122.33648, 47.685529 ], [ -122.336231, 47.685421 ], [ -122.33606, 47.685344 ], [ -122.335916, 47.685255 ], [ -122.335699, 47.685085 ], [ -122.335015, 47.684395 ], [ -122.334321, 47.683715 ], [ -122.334015, 47.683407 ], [ -122.333811, 47.683234 ], [ -122.333548, 47.683058 ], [ -122.333204, 47.682886 ], [ -122.332823, 47.682753 ], [ -122.332592, 47.682696 ], [ -122.332216, 47.68264 ], [ -122.331585, 47.682626 ], [ -122.33136, 47.682635 ], [ -122.330721, 47.682701 ], [ -122.330394, 47.682716 ], [ -122.330005, 47.682691 ], [ -122.329586, 47.68264 ], [ -122.329358, 47.682594 ], [ -122.329059, 47.682512 ], [ -122.328774, 47.68241 ], [ -122.328572, 47.682321 ], [ -122.328259, 47.682148 ], [ -122.32749, 47.681656 ], [ -122.326678, 47.681139 ], [ -122.326441, 47.681003 ], [ -122.326132, 47.680709 ], [ -122.32594, 47.680475 ], [ -122.325827, 47.680291 ], [ -122.325748, 47.680101 ], [ -122.325714, 47.679815 ], [ -122.325713, 47.679718 ], [ -122.325771, 47.679594 ], [ -122.325945, 47.679224 ], [ -122.326266, 47.678903 ], [ -122.326309, 47.678868 ], [ -122.32644, 47.678767 ], [ -122.326594, 47.678671 ], [ -122.326838, 47.678555 ], [ -122.327179, 47.678433 ], [ -122.327513, 47.678368 ], [ -122.327849, 47.678329 ], [ -122.328279, 47.678309 ], [ -122.329392, 47.678357 ], [ -122.330496, 47.678386 ], [ -122.330814, 47.678361 ], [ -122.331161, 47.678295 ], [ -122.331446, 47.678185 ], [ -122.331649, 47.678081 ], [ -122.331848, 47.677894 ], [ -122.331978, 47.677755 ], [ -122.332095, 47.677569 ], [ -122.332171, 47.677406 ], [ -122.332568, 47.676177 ], [ -122.332686, 47.675982 ], [ -122.333067, 47.675616 ], [ -122.333441, 47.675316 ], [ -122.333534, 47.675263 ], [ -122.333541, 47.674456 ], [ -122.333545, 47.674213 ], [ -122.333548, 47.673688 ], [ -122.333552, 47.673146 ], [ -122.334523, 47.672335 ], [ -122.335081, 47.671868 ], [ -122.335413, 47.671591 ], [ -122.335702, 47.671378 ], [ -122.335934, 47.67123 ], [ -122.336276, 47.671039 ], [ -122.337006, 47.670725 ], [ -122.336928, 47.670488 ], [ -122.336381, 47.668684 ], [ -122.336388, 47.667942 ], [ -122.336393, 47.667218 ], [ -122.336399, 47.666494 ], [ -122.336406, 47.665771 ], [ -122.336411, 47.665033 ], [ -122.337671, 47.665033 ], [ -122.338506, 47.665034 ], [ -122.339129, 47.665033 ], [ -122.340324, 47.665033 ], [ -122.342083, 47.665036 ], [ -122.343738, 47.665024 ], [ -122.344559, 47.665023 ], [ -122.346065, 47.665043 ], [ -122.346154, 47.664993 ], [ -122.347234, 47.664991 ], [ -122.347233, 47.665104 ], [ -122.347186, 47.67166 ] ] ] } },
{ "type": "Feature", "properties": { "GEOID": "530330048001", "population": 1154, "pop_in_seattle": 1154.0000000000002, "area_in_seattle": 276651.13795823517 }, "geometry": { "type": "Polygon", "coordinates": [ [ [ -122.363292, 47.666451 ], [ -122.363287, 47.667181 ], [ -122.363285, 47.66791 ], [ -122.363283, 47.668677 ], [ -122.362928, 47.668683 ], [ -122.362619, 47.668689 ], [ -122.362192, 47.668697 ], [ -122.361851, 47.668698 ], [ -122.361578, 47.668696 ], [ -122.360808, 47.668689 ], [ -122.359558, 47.668679 ], [ -122.359036, 47.668681 ], [ -122.357361, 47.668674 ], [ -122.357375, 47.668172 ], [ -122.357376, 47.667931 ], [ -122.357379, 47.667513 ], [ -122.357384, 47.666855 ], [ -122.357385, 47.666356 ], [ -122.357125, 47.666184 ], [ -122.357127, 47.665777 ], [ -122.357137, 47.66503 ], [ -122.355412, 47.665037 ], [ -122.355412, 47.665004 ], [ -122.355418, 47.664306 ], [ -122.355422, 47.663594 ], [ -122.355425, 47.663199 ], [ -122.355427, 47.662881 ], [ -122.355431, 47.662374 ], [ -122.355433, 47.662141 ], [ -122.355901, 47.662265 ], [ -122.356184, 47.662373 ], [ -122.356466, 47.662525 ], [ -122.356536, 47.662563 ], [ -122.357319, 47.663016 ], [ -122.357606, 47.663216 ], [ -122.357664, 47.663182 ], [ -122.357687, 47.663159 ], [ -122.357866, 47.663162 ], [ -122.357885, 47.663189 ], [ -122.357901, 47.663198 ], [ -122.359008, 47.663194 ], [ -122.360135, 47.663189 ], [ -122.360795, 47.663191 ], [ -122.360799, 47.663585 ], [ -122.3608, 47.663653 ], [ -122.360799, 47.664299 ], [ -122.360799, 47.664375 ], [ -122.360802, 47.665024 ], [ -122.360863, 47.665013 ], [ -122.363296, 47.665016 ], [ -122.363291, 47.665722 ], [ -122.363292, 47.666451 ] ] ] } },
{ "type": "Feature", "properties": { "GEOID": "530330043011", "population": 1324, "pop_in_seattle": 1324.0000000000002, "area_in_seattle": 344184.57387298095 }, "geometry": { "type": "Polygon", "coordinates": [ [ [ -122.300883, 47.664655 ], [ -122.300874, 47.664735 ], [ -122.300627, 47.665676 ], [ -122.300603, 47.665922 ], [ -122.300605, 47.66617 ], [ -122.300606, 47.666265 ], [ -122.300618, 47.667977 ], [ -122.30062, 47.668524 ], [ -122.299565, 47.668522 ], [ -122.29851, 47.668521 ], [ -122.297258, 47.66852 ], [ -122.296203, 47.668518 ], [ -122.295641, 47.668517 ], [ -122.295638, 47.66786 ], [ -122.295634, 47.667112 ], [ -122.295629, 47.666341 ], [ -122.295626, 47.66566 ], [ -122.295638, 47.665419 ], [ -122.295672, 47.665339 ], [ -122.29581, 47.665261 ], [ -122.295718, 47.66515 ], [ -122.295655, 47.665012 ], [ -122.295621, 47.664881 ], [ -122.295621, 47.664691 ], [ -122.295619, 47.664466 ], [ -122.295616, 47.664093 ], [ -122.295608, 47.663933 ], [ -122.295589, 47.663841 ], [ -122.295546, 47.663743 ], [ -122.295468, 47.663651 ], [ -122.295375, 47.663555 ], [ -122.295256, 47.663453 ], [ -122.293623, 47.662159 ], [ -122.293575, 47.662117 ], [ -122.292997, 47.661392 ], [ -122.292849, 47.661222 ], [ -122.29593, 47.661207 ], [ -122.296306, 47.661207 ], [ -122.296667, 47.661207 ], [ -122.296829, 47.661249 ], [ -122.296979, 47.661254 ], [ -122.297194, 47.661251 ], [ -122.297436, 47.661273 ], [ -122.297767, 47.661272 ], [ -122.298976, 47.661261 ], [ -122.299283, 47.661239 ], [ -122.300614, 47.661247 ], [ -122.300912, 47.661247 ], [ -122.300908, 47.663075 ], [ -122.300889, 47.663264 ], [ -122.300912, 47.664271 ], [ -122.300913, 47.664405 ], [ -122.300883, 47.664655 ] ] ] } },
{ "type": "Feature", "properties": { "GEOID": "530330058012", "population": 1727, "pop_in_seattle": 1726.9999999999998, "area_in_seattle": 211457.57755270612 }, "geometry": { "type": "Polygon", "coordinates": [ [ [ -122.392894, 47.650453 ], [ -122.39289, 47.651361 ], [ -122.392886, 47.65194 ], [ -122.392885, 47.652266 ], [ -122.392748, 47.652274 ], [ -122.392603, 47.652301 ], [ -122.392471, 47.652344 ], [ -122.392353, 47.652402 ], [ -122.392228, 47.652495 ], [ -122.391926, 47.652824 ], [ -122.3917, 47.652969 ], [ -122.391455, 47.653053 ], [ -122.391188, 47.65309 ], [ -122.390144, 47.653322 ], [ -122.388696, 47.653519 ], [ -122.387993, 47.653775 ], [ -122.387452, 47.653973 ], [ -122.387443, 47.653701 ], [ -122.387432, 47.652541 ], [ -122.38743, 47.652146 ], [ -122.387436, 47.650556 ], [ -122.387435, 47.650318 ], [ -122.387428, 47.648491 ], [ -122.388607, 47.648489 ], [ -122.38976, 47.648488 ], [ -122.389862, 47.648562 ], [ -122.389977, 47.648622 ], [ -122.390107, 47.648669 ], [ -122.390256, 47.6487 ], [ -122.39038, 47.648711 ], [ -122.390712, 47.648703 ], [ -122.390832, 47.648675 ], [ -122.391031, 47.648647 ], [ -122.391563, 47.648648 ], [ -122.392902, 47.648644 ], [ -122.392894, 47.650396 ], [ -122.392894, 47.650453 ] ] ] } },
{ "type": "Feature", "properties": { "GEOID": "530330096001", "population": 1523, "pop_in_seattle": 1523.0000000000002, "area_in_seattle": 510759.09269319498 }, "geometry": { "type": "Polygon", "coordinates": [ [ [ -122.386425, 47.583999 ], [ -122.386373, 47.585369 ], [ -122.386346, 47.586165 ], [ -122.386283, 47.586191 ], [ -122.384947, 47.58673 ], [ -122.384804, 47.586808 ], [ -122.384693, 47.586909 ], [ -122.384571, 47.587044 ], [ -122.384228, 47.587404 ], [ -122.384052, 47.587575 ], [ -122.38361, 47.587961 ], [ -122.383527, 47.588033 ], [ -122.383299, 47.588136 ], [ -122.382882, 47.588356 ], [ -122.382593, 47.588508 ], [ -122.382567, 47.588523 ], [ -122.382188, 47.588738 ], [ -122.382126, 47.588787 ], [ -122.382068, 47.588868 ], [ -122.382055, 47.588903 ], [ -122.38207, 47.58905 ], [ -122.382143, 47.589238 ], [ -122.382311, 47.589665 ], [ -122.382656, 47.590386 ], [ -122.38268, 47.590512 ], [ -122.382663, 47.590607 ], [ -122.382602, 47.590677 ], [ -122.382527, 47.59057 ], [ -122.38205, 47.589848 ], [ -122.381948, 47.589741 ], [ -122.381809, 47.589632 ], [ -122.38142, 47.58945 ], [ -122.381383, 47.58941 ], [ -122.380995, 47.589098 ], [ -122.380699, 47.588868 ], [ -122.380343, 47.588592 ], [ -122.379033, 47.587674 ], [ -122.378223, 47.587093 ], [ -122.378138, 47.587034 ], [ -122.37698, 47.586228 ], [ -122.376606, 47.585959 ], [ -122.376332, 47.585731 ], [ -122.376937, 47.585426 ], [ -122.376348, 47.585022 ], [ -122.376677, 47.584939 ], [ -122.377543, 47.584724 ], [ -122.377447, 47.583964 ], [ -122.377584, 47.58346 ], [ -122.377584, 47.583363 ], [ -122.377585, 47.582975 ], [ -122.377602, 47.582493 ], [ -122.377623, 47.581808 ], [ -122.377637, 47.581045 ], [ -122.377638, 47.580956 ], [ -122.377884, 47.581028 ], [ -122.378049, 47.581059 ], [ -122.378293, 47.581083 ], [ -122.379133, 47.581093 ], [ -122.380207, 47.5811 ], [ -122.381081, 47.581108 ], [ -122.381239, 47.581112 ], [ -122.382251, 47.581161 ], [ -122.383214, 47.581168 ], [ -122.383313, 47.581169 ], [ -122.383891, 47.581174 ], [ -122.385174, 47.581184 ], [ -122.386548, 47.581194 ], [ -122.386481, 47.582994 ], [ -122.386425, 47.583999 ] ] ] } },
{ "type": "Feature", "properties": { "GEOID": "530330030001", "population": 1750, "pop_in_seattle": 1750.0, "area_in_seattle": 410474.49696282361 }, "geometry": { "type": "Polygon", "coordinates": [ [ [ -122.370439, 47.683218 ], [ -122.370414, 47.683253 ], [ -122.37039, 47.683287 ], [ -122.370396, 47.685082 ], [ -122.370399, 47.68691 ], [ -122.370401, 47.688742 ], [ -122.370404, 47.690635 ], [ -122.369347, 47.690639 ], [ -122.368325, 47.690644 ], [ -122.367269, 47.690648 ], [ -122.365994, 47.690654 ], [ -122.365955, 47.690222 ], [ -122.365958, 47.689832 ], [ -122.365954, 47.689111 ], [ -122.365947, 47.688383 ], [ -122.365956, 47.687661 ], [ -122.365956, 47.687299 ], [ -122.36603, 47.687176 ], [ -122.366028, 47.686935 ], [ -122.36603, 47.686635 ], [ -122.365966, 47.686522 ], [ -122.36596, 47.686199 ], [ -122.365962, 47.685618 ], [ -122.366028, 47.685464 ], [ -122.366032, 47.685102 ], [ -122.365964, 47.684937 ], [ -122.365967, 47.684731 ], [ -122.365968, 47.683995 ], [ -122.36597, 47.683264 ], [ -122.365968, 47.682522 ], [ -122.365977, 47.681932 ], [ -122.366041, 47.681777 ], [ -122.366048, 47.681445 ], [ -122.365976, 47.681291 ], [ -122.365979, 47.680134 ], [ -122.366036, 47.680002 ], [ -122.366038, 47.679551 ], [ -122.366609, 47.679549 ], [ -122.367273, 47.679548 ], [ -122.367673, 47.679548 ], [ -122.368328, 47.679547 ], [ -122.368747, 47.679546 ], [ -122.369383, 47.679545 ], [ -122.369828, 47.679544 ], [ -122.370439, 47.679543 ], [ -122.370444, 47.681435 ], [ -122.370439, 47.683218 ] ] ] } },
{ "type": "Feature", "properties": { "GEOID": "530330025002", "population": 1566, "pop_in_seattle": 1566.0000000000005, "area_in_seattle": 362067.69599659933 }, "geometry": { "type": "Polygon", "coordinates": [ [ [ -122.305341, 47.683045 ], [ -122.303992, 47.683045 ], [ -122.302914, 47.683045 ], [ -122.301836, 47.683045 ], [ -122.300759, 47.683046 ], [ -122.300733, 47.682022 ], [ -122.300665, 47.679407 ], [ -122.30062, 47.677591 ], [ -122.300653, 47.675772 ], [ -122.301676, 47.675772 ], [ -122.302254, 47.675772 ], [ -122.302743, 47.675773 ], [ -122.303815, 47.675774 ], [ -122.30442, 47.675775 ], [ -122.305135, 47.675775 ], [ -122.30547, 47.675776 ], [ -122.30652, 47.675777 ], [ -122.306568, 47.675877 ], [ -122.306611, 47.677632 ], [ -122.306645, 47.679431 ], [ -122.306683, 47.681256 ], [ -122.306721, 47.682986 ], [ -122.306711, 47.683045 ], [ -122.305341, 47.683045 ] ] ] } },
{ "type": "Feature", "properties": { "GEOID": "530330087001", "population": 1427, "pop_in_seattle": 1427.0000000000002, "area_in_seattle": 343059.98533232778 }, "geometry": { "type": "Polygon", "coordinates": [ [ [ -122.312849, 47.608041 ], [ -122.312848, 47.608112 ], [ -122.312841, 47.609209 ], [ -122.312833, 47.610377 ], [ -122.311526, 47.610372 ], [ -122.310201, 47.610366 ], [ -122.308892, 47.610361 ], [ -122.307606, 47.610355 ], [ -122.306302, 47.61035 ], [ -122.306307, 47.610029 ], [ -122.305019, 47.610025 ], [ -122.303716, 47.610021 ], [ -122.302763, 47.610021 ], [ -122.302765, 47.609017 ], [ -122.302772, 47.608007 ], [ -122.302776, 47.607005 ], [ -122.302767, 47.606887 ], [ -122.302777, 47.606547 ], [ -122.302779, 47.606174 ], [ -122.303787, 47.606161 ], [ -122.305033, 47.606163 ], [ -122.306333, 47.606166 ], [ -122.307637, 47.606162 ], [ -122.308943, 47.606168 ], [ -122.310251, 47.606174 ], [ -122.311556, 47.606179 ], [ -122.312862, 47.606185 ], [ -122.312853, 47.607411 ], [ -122.312849, 47.608041 ] ] ] } },
{ "type": "Feature", "properties": { "GEOID": "530330056001", "population": 1559, "pop_in_seattle": 1559.0000000000007, "area_in_seattle": 474991.23102981201 }, "geometry": { "type": "Polygon", "coordinates": [ [ [ -122.409986, 47.65409 ], [ -122.408951, 47.654089 ], [ -122.407879, 47.654087 ], [ -122.406807, 47.654084 ], [ -122.405105, 47.654079 ], [ -122.403706, 47.65408 ], [ -122.403577, 47.65407 ], [ -122.403578, 47.652244 ], [ -122.403609, 47.650446 ], [ -122.403614, 47.64863 ], [ -122.403619, 47.646815 ], [ -122.403629, 47.645946 ], [ -122.404576, 47.645942 ], [ -122.40462, 47.64593 ], [ -122.404648, 47.64591 ], [ -122.404946, 47.64558 ], [ -122.404945, 47.64555 ], [ -122.404944, 47.645043 ], [ -122.404922, 47.644995 ], [ -122.404552, 47.644698 ], [ -122.404533, 47.644675 ], [ -122.404532, 47.64466 ], [ -122.404537, 47.644636 ], [ -122.405029, 47.644299 ], [ -122.405125, 47.644442 ], [ -122.405253, 47.644572 ], [ -122.405412, 47.644687 ], [ -122.405831, 47.644944 ], [ -122.405912, 47.644993 ], [ -122.407086, 47.644991 ], [ -122.408387, 47.644988 ], [ -122.409625, 47.644986 ], [ -122.409574, 47.646804 ], [ -122.409565, 47.648626 ], [ -122.409559, 47.650455 ], [ -122.409562, 47.650744 ], [ -122.409628, 47.65095 ], [ -122.409714, 47.651078 ], [ -122.410378, 47.651832 ], [ -122.410432, 47.651938 ], [ -122.410535, 47.652066 ], [ -122.41086, 47.652466 ], [ -122.41092, 47.652566 ], [ -122.411002, 47.652775 ], [ -122.411028, 47.65299 ], [ -122.411022, 47.654093 ], [ -122.409986, 47.65409 ] ] ] } },
{ "type": "Feature", "properties": { "GEOID": "530330056004", "population": 1357, "pop_in_seattle": 1357.0, "area_in_seattle": 450540.04776298522 }, "geometry": { "type": "Polygon", "coordinates": [ [ [ -122.409687, 47.64139 ], [ -122.40967, 47.642442 ], [ -122.409656, 47.643226 ], [ -122.409625, 47.644986 ], [ -122.408387, 47.644988 ], [ -122.407086, 47.644991 ], [ -122.405912, 47.644993 ], [ -122.405831, 47.644944 ], [ -122.405412, 47.644687 ], [ -122.405253, 47.644572 ], [ -122.405125, 47.644442 ], [ -122.405029, 47.644299 ], [ -122.404537, 47.644636 ], [ -122.404532, 47.64466 ], [ -122.404533, 47.644675 ], [ -122.404552, 47.644698 ], [ -122.404922, 47.644995 ], [ -122.404944, 47.645043 ], [ -122.404945, 47.64555 ], [ -122.404946, 47.64558 ], [ -122.404648, 47.64591 ], [ -122.40462, 47.64593 ], [ -122.404576, 47.645942 ], [ -122.403629, 47.645946 ], [ -122.403619, 47.646815 ], [ -122.402302, 47.646834 ], [ -122.400928, 47.646835 ], [ -122.400947, 47.645003 ], [ -122.400967, 47.643173 ], [ -122.400987, 47.641168 ], [ -122.400987, 47.640524 ], [ -122.400994, 47.640016 ], [ -122.401001, 47.639554 ], [ -122.402379, 47.639547 ], [ -122.403, 47.639547 ], [ -122.403686, 47.639546 ], [ -122.404351, 47.639543 ], [ -122.404928, 47.639542 ], [ -122.406, 47.63954 ], [ -122.406124, 47.63954 ], [ -122.406326, 47.63923 ], [ -122.406657, 47.638851 ], [ -122.406915, 47.638604 ], [ -122.407063, 47.638489 ], [ -122.408565, 47.639433 ], [ -122.408891, 47.639665 ], [ -122.409198, 47.639957 ], [ -122.409436, 47.640279 ], [ -122.409598, 47.640619 ], [ -122.409618, 47.640683 ], [ -122.409687, 47.641008 ], [ -122.409688, 47.64135 ], [ -122.409687, 47.64139 ] ] ] } },
{ "type": "Feature", "properties": { "GEOID": "530330057002", "population": 1182, "pop_in_seattle": 1182.0000000000002, "area_in_seattle": 395546.98029036447 }, "geometry": { "type": "Polygon", "coordinates": [ [ [ -122.403609, 47.650446 ], [ -122.40229, 47.650445 ], [ -122.400915, 47.650445 ], [ -122.399539, 47.650444 ], [ -122.398226, 47.650443 ], [ -122.396911, 47.650446 ], [ -122.396908, 47.651344 ], [ -122.396905, 47.652254 ], [ -122.395565, 47.652258 ], [ -122.395569, 47.651353 ], [ -122.394228, 47.651357 ], [ -122.39289, 47.651361 ], [ -122.392894, 47.650453 ], [ -122.392894, 47.650396 ], [ -122.392902, 47.648644 ], [ -122.391563, 47.648648 ], [ -122.39157, 47.646833 ], [ -122.391586, 47.64581 ], [ -122.391673, 47.645761 ], [ -122.392923, 47.645761 ], [ -122.392909, 47.646832 ], [ -122.394248, 47.64683 ], [ -122.395587, 47.646849 ], [ -122.395701, 47.646845 ], [ -122.395751, 47.646842 ], [ -122.396886, 47.64684 ], [ -122.396929, 47.64684 ], [ -122.398239, 47.64684 ], [ -122.400928, 47.646835 ], [ -122.402302, 47.646834 ], [ -122.403619, 47.646815 ], [ -122.403614, 47.64863 ], [ -122.403609, 47.650446 ] ] ] } },
{ "type": "Feature", "properties": { "GEOID": "530330060001", "population": 1641, "pop_in_seattle": 1641.0000000000005, "area_in_seattle": 343226.5255188364 }, "geometry": { "type": "Polygon", "coordinates": [ [ [ -122.34704, 47.646709 ], [ -122.343057, 47.643419 ], [ -122.340429, 47.641248 ], [ -122.338394, 47.639566 ], [ -122.338338, 47.63952 ], [ -122.338438, 47.63802 ], [ -122.339438, 47.63802 ], [ -122.339568, 47.638025 ], [ -122.340461, 47.638062 ], [ -122.340796, 47.638012 ], [ -122.341201, 47.638006 ], [ -122.341929, 47.637996 ], [ -122.342439, 47.637851 ], [ -122.343303, 47.637632 ], [ -122.343359, 47.637618 ], [ -122.343788, 47.637489 ], [ -122.344016, 47.637461 ], [ -122.344311, 47.637425 ], [ -122.344884, 47.638256 ], [ -122.345256, 47.638794 ], [ -122.345438, 47.639079 ], [ -122.345477, 47.639142 ], [ -122.345743, 47.639608 ], [ -122.345885, 47.639887 ], [ -122.345945, 47.640006 ], [ -122.345988, 47.640089 ], [ -122.346235, 47.640588 ], [ -122.346385, 47.640958 ], [ -122.346489, 47.641213 ], [ -122.346713, 47.641794 ], [ -122.346864, 47.642253 ], [ -122.34694, 47.642484 ], [ -122.346953, 47.642523 ], [ -122.34704, 47.642811 ], [ -122.347045, 47.642837 ], [ -122.347099, 47.643094 ], [ -122.347153, 47.64335 ], [ -122.347193, 47.643668 ], [ -122.347222, 47.644107 ], [ -122.347223, 47.644495 ], [ -122.347225, 47.644995 ], [ -122.347226, 47.645257 ], [ -122.347227, 47.6454 ], [ -122.347227, 47.645543 ], [ -122.347229, 47.646004 ], [ -122.347232, 47.646588 ], [ -122.347233, 47.646796 ], [ -122.34704, 47.646709 ] ] ] } },
{ "type": "Feature", "properties": { "GEOID": "530330060002", "population": 1464, "pop_in_seattle": 1464.0000000000002, "area_in_seattle": 445989.37887190864 }, "geometry": { "type": "Polygon", "coordinates": [ [ [ -122.354508, 47.645617 ], [ -122.354504, 47.646886 ], [ -122.353429, 47.646885 ], [ -122.352375, 47.646884 ], [ -122.351315, 47.646867 ], [ -122.350951, 47.646882 ], [ -122.349755, 47.646878 ], [ -122.349755, 47.64704 ], [ -122.349753, 47.647682 ], [ -122.349748, 47.647814 ], [ -122.348405, 47.647267 ], [ -122.347365, 47.646849 ], [ -122.347233, 47.646796 ], [ -122.347232, 47.646588 ], [ -122.347229, 47.646004 ], [ -122.347227, 47.645543 ], [ -122.347227, 47.6454 ], [ -122.347226, 47.645257 ], [ -122.347225, 47.644995 ], [ -122.347223, 47.644495 ], [ -122.347222, 47.644107 ], [ -122.347193, 47.643668 ], [ -122.347153, 47.64335 ], [ -122.347099, 47.643094 ], [ -122.347045, 47.642837 ], [ -122.34704, 47.642811 ], [ -122.346953, 47.642523 ], [ -122.34694, 47.642484 ], [ -122.346864, 47.642253 ], [ -122.346713, 47.641794 ], [ -122.346489, 47.641213 ], [ -122.346385, 47.640958 ], [ -122.346235, 47.640588 ], [ -122.345988, 47.640089 ], [ -122.345945, 47.640006 ], [ -122.346132, 47.640012 ], [ -122.346359, 47.640021 ], [ -122.347179, 47.639973 ], [ -122.348284, 47.639979 ], [ -122.349602, 47.639966 ], [ -122.349757, 47.639959 ], [ -122.350209, 47.639942 ], [ -122.350699, 47.639943 ], [ -122.351304, 47.639944 ], [ -122.351851, 47.639945 ], [ -122.35192, 47.639945 ], [ -122.352689, 47.639946 ], [ -122.353137, 47.639946 ], [ -122.353306, 47.639945 ], [ -122.353476, 47.639945 ], [ -122.354416, 47.639949 ], [ -122.354477, 47.640029 ], [ -122.354464, 47.641204 ], [ -122.354474, 47.641855 ], [ -122.354514, 47.643239 ], [ -122.354511, 47.644685 ], [ -122.354508, 47.645617 ] ] ] } },
{ "type": "Feature", "properties": { "GEOID": "530330060003", "population": 1533, "pop_in_seattle": 1533.0000000000007, "area_in_seattle": 387613.49779516942 }, "geometry": { "type": "Polygon", "coordinates": [ [ [ -122.360915, 47.642026 ], [ -122.360907, 47.643232 ], [ -122.360907, 47.643266 ], [ -122.360904, 47.6441 ], [ -122.3609, 47.644951 ], [ -122.360899, 47.645323 ], [ -122.360897, 47.645801 ], [ -122.360897, 47.646651 ], [ -122.360896, 47.646922 ], [ -122.360693, 47.646902 ], [ -122.360335, 47.646901 ], [ -122.359452, 47.646898 ], [ -122.358152, 47.646893 ], [ -122.357692, 47.646891 ], [ -122.356868, 47.64689 ], [ -122.355561, 47.646884 ], [ -122.354504, 47.646886 ], [ -122.354508, 47.645617 ], [ -122.354511, 47.644685 ], [ -122.354514, 47.643239 ], [ -122.354474, 47.641855 ], [ -122.354464, 47.641204 ], [ -122.354477, 47.640029 ], [ -122.354416, 47.639949 ], [ -122.355572, 47.63995 ], [ -122.355575, 47.639593 ], [ -122.356914, 47.639594 ], [ -122.357147, 47.639594 ], [ -122.357336, 47.639594 ], [ -122.357567, 47.639594 ], [ -122.358252, 47.639595 ], [ -122.359591, 47.639595 ], [ -122.360932, 47.639596 ], [ -122.36092, 47.641429 ], [ -122.360915, 47.642026 ] ] ] } },
{ "type": "Feature", "properties": { "GEOID": "530330060004", "population": 1423, "pop_in_seattle": 1423.0000000000002, "area_in_seattle": 323467.05499756837 }, "geometry": { "type": "Polygon", "coordinates": [ [ [ -122.360895, 47.647293 ], [ -122.360893, 47.647793 ], [ -122.360891, 47.648185 ], [ -122.360889, 47.648653 ], [ -122.360884, 47.649544 ], [ -122.360881, 47.650416 ], [ -122.360879, 47.650827 ], [ -122.360874, 47.651565 ], [ -122.36086, 47.651676 ], [ -122.360846, 47.65172 ], [ -122.360852, 47.651783 ], [ -122.360874, 47.651931 ], [ -122.360539, 47.65242 ], [ -122.360539, 47.65292 ], [ -122.356712, 47.651037 ], [ -122.355448, 47.650416 ], [ -122.354463, 47.649932 ], [ -122.351388, 47.648551 ], [ -122.349748, 47.647814 ], [ -122.349753, 47.647682 ], [ -122.349755, 47.64704 ], [ -122.349755, 47.646878 ], [ -122.350951, 47.646882 ], [ -122.351315, 47.646867 ], [ -122.352375, 47.646884 ], [ -122.353429, 47.646885 ], [ -122.354504, 47.646886 ], [ -122.355561, 47.646884 ], [ -122.356868, 47.64689 ], [ -122.357692, 47.646891 ], [ -122.358152, 47.646893 ], [ -122.359452, 47.646898 ], [ -122.360335, 47.646901 ], [ -122.360693, 47.646902 ], [ -122.360896, 47.646922 ], [ -122.360895, 47.647119 ], [ -122.360895, 47.647293 ] ] ] } },
{ "type": "Feature", "properties": { "GEOID": "530330061001", "population": 1319, "pop_in_seattle": 1318.9999999999995, "area_in_seattle": 394851.63601902168 }, "geometry": { "type": "Polygon", "coordinates": [ [ [ -122.322658, 47.64692 ], [ -122.322602, 47.647947 ], [ -122.322598, 47.648011 ], [ -122.322584, 47.648724 ], [ -122.322488, 47.65001 ], [ -122.322417, 47.651974 ], [ -122.322391, 47.652425 ], [ -122.322376, 47.652929 ], [ -122.322345, 47.652948 ], [ -122.322227, 47.653024 ], [ -122.320292, 47.652851 ], [ -122.319939, 47.652826 ], [ -122.315875, 47.649525 ], [ -122.313497, 47.647593 ], [ -122.313428, 47.647537 ], [ -122.313382, 47.6475 ], [ -122.313275, 47.647413 ], [ -122.314891, 47.646924 ], [ -122.313699, 47.645604 ], [ -122.315979, 47.64562 ], [ -122.316441, 47.64562 ], [ -122.317076, 47.645613 ], [ -122.318331, 47.645615 ], [ -122.318729, 47.645615 ], [ -122.319591, 47.645616 ], [ -122.320849, 47.645617 ], [ -122.321476, 47.645618 ], [ -122.322107, 47.645618 ], [ -122.322429, 47.645616 ], [ -122.322711, 47.645616 ], [ -122.322689, 47.646352 ], [ -122.322658, 47.64692 ] ] ] } },
{ "type": "Feature", "properties": { "GEOID": "530330057003", "population": 1376, "pop_in_seattle": 1376.0, "area_in_seattle": 536313.57745490491 }, "geometry": { "type": "Polygon", "coordinates": [ [ [ -122.400987, 47.640524 ], [ -122.400987, 47.641168 ], [ -122.400967, 47.643173 ], [ -122.400947, 47.645003 ], [ -122.400928, 47.646835 ], [ -122.398239, 47.64684 ], [ -122.396929, 47.64684 ], [ -122.396886, 47.64684 ], [ -122.395751, 47.646842 ], [ -122.395701, 47.646845 ], [ -122.395587, 47.646849 ], [ -122.394248, 47.64683 ], [ -122.392909, 47.646832 ], [ -122.392923, 47.645761 ], [ -122.391673, 47.645761 ], [ -122.391687, 47.645191 ], [ -122.391695, 47.644611 ], [ -122.391715, 47.64358 ], [ -122.391665, 47.643487 ], [ -122.391617, 47.64346 ], [ -122.391634, 47.64231 ], [ -122.391651, 47.641158 ], [ -122.392981, 47.641157 ], [ -122.392994, 47.640006 ], [ -122.392999, 47.639563 ], [ -122.394209, 47.639561 ], [ -122.395672, 47.639558 ], [ -122.396989, 47.639557 ], [ -122.398338, 47.639556 ], [ -122.399632, 47.639555 ], [ -122.401001, 47.639554 ], [ -122.400994, 47.640016 ], [ -122.400987, 47.640524 ] ] ] } },
{ "type": "Feature", "properties": { "GEOID": "530330057005", "population": 1382, "pop_in_seattle": 1381.9999999999995, "area_in_seattle": 507710.05216334533 }, "geometry": { "type": "Polygon", "coordinates": [ [ [ -122.402865, 47.658423 ], [ -122.402612, 47.65848 ], [ -122.40237, 47.658553 ], [ -122.401216, 47.659058 ], [ -122.40104, 47.659168 ], [ -122.40089, 47.659306 ], [ -122.400548, 47.659648 ], [ -122.400329, 47.659784 ], [ -122.400245, 47.659817 ], [ -122.400188, 47.659839 ], [ -122.400069, 47.659874 ], [ -122.399807, 47.659922 ], [ -122.399511, 47.659958 ], [ -122.398598, 47.660069 ], [ -122.398516, 47.660101 ], [ -122.3984, 47.660156 ], [ -122.398343, 47.660219 ], [ -122.398271, 47.660311 ], [ -122.398243, 47.660383 ], [ -122.398217, 47.660809 ], [ -122.398274, 47.660926 ], [ -122.398291, 47.660993 ], [ -122.398296, 47.661304 ], [ -122.398299, 47.661341 ], [ -122.398317, 47.662548 ], [ -122.398333, 47.662602 ], [ -122.398381, 47.662627 ], [ -122.39844, 47.662648 ], [ -122.398518, 47.662663 ], [ -122.398568, 47.662688 ], [ -122.398932, 47.662889 ], [ -122.399229, 47.663052 ], [ -122.399573, 47.663245 ], [ -122.399476, 47.663543 ], [ -122.400037, 47.663763 ], [ -122.400467, 47.663997 ], [ -122.400746, 47.664153 ], [ -122.401025, 47.664371 ], [ -122.401456, 47.664814 ], [ -122.401662, 47.665072 ], [ -122.401805, 47.665335 ], [ -122.401905, 47.665544 ], [ -122.401975, 47.665766 ], [ -122.401996, 47.665812 ], [ -122.402046, 47.666072 ], [ -122.402065, 47.666473 ], [ -122.401642, 47.666421 ], [ -122.400924, 47.666121 ], [ -122.399223, 47.665434 ], [ -122.39718, 47.665012 ], [ -122.393982, 47.664207 ], [ -122.392511, 47.664015 ], [ -122.392223, 47.663976 ], [ -122.39122, 47.663839 ], [ -122.391047, 47.66381 ], [ -122.391046, 47.66357 ], [ -122.391044, 47.663304 ], [ -122.391037, 47.66302 ], [ -122.391026, 47.662579 ], [ -122.391033, 47.662243 ], [ -122.391031, 47.661318 ], [ -122.391765, 47.661311 ], [ -122.39184, 47.661298 ], [ -122.391917, 47.661275 ], [ -122.392007, 47.661241 ], [ -122.392165, 47.661155 ], [ -122.392306, 47.661055 ], [ -122.392695, 47.6607 ], [ -122.392775, 47.660627 ], [ -122.392851, 47.66067 ], [ -122.393328, 47.660911 ], [ -122.393621, 47.66105 ], [ -122.393903, 47.66116 ], [ -122.394105, 47.661214 ], [ -122.394344, 47.661272 ], [ -122.394429, 47.661282 ], [ -122.3947, 47.661299 ], [ -122.394964, 47.661298 ], [ -122.3961, 47.661323 ], [ -122.396106, 47.661308 ], [ -122.3961, 47.661249 ], [ -122.396102, 47.660041 ], [ -122.396135, 47.659365 ], [ -122.396436, 47.658555 ], [ -122.396584, 47.658397 ], [ -122.39617, 47.657688 ], [ -122.395845, 47.656979 ], [ -122.395661, 47.656287 ], [ -122.395662, 47.656013 ], [ -122.396947, 47.655871 ], [ -122.398233, 47.655869 ], [ -122.399522, 47.655867 ], [ -122.400898, 47.655864 ], [ -122.402275, 47.655861 ], [ -122.403569, 47.655856 ], [ -122.403586, 47.657673 ], [ -122.40358, 47.658334 ], [ -122.402865, 47.658423 ] ] ] } },
{ "type": "Feature", "properties": { "GEOID": "530330058013", "population": 1360, "pop_in_seattle": 1360.0000000000009, "area_in_seattle": 338008.37469177711 }, "geometry": { "type": "Polygon", "coordinates": [ [ [ -122.395841, 47.657684 ], [ -122.394974, 47.657685 ], [ -122.394829, 47.657685 ], [ -122.394715, 47.657685 ], [ -122.39286, 47.657694 ], [ -122.392799, 47.657668 ], [ -122.392266, 47.657668 ], [ -122.392202, 47.657668 ], [ -122.391074, 47.657667 ], [ -122.391015, 47.657667 ], [ -122.389896, 47.657674 ], [ -122.388745, 47.657676 ], [ -122.388644, 47.657597 ], [ -122.388138, 47.6572 ], [ -122.387463, 47.656656 ], [ -122.386481, 47.65587 ], [ -122.386294, 47.655722 ], [ -122.386002, 47.655491 ], [ -122.385427, 47.655033 ], [ -122.384618, 47.653977 ], [ -122.385994, 47.653975 ], [ -122.387452, 47.653973 ], [ -122.387993, 47.653775 ], [ -122.388696, 47.653519 ], [ -122.390144, 47.653322 ], [ -122.391188, 47.65309 ], [ -122.391455, 47.653053 ], [ -122.3917, 47.652969 ], [ -122.391926, 47.652824 ], [ -122.392228, 47.652495 ], [ -122.392353, 47.652402 ], [ -122.392471, 47.652344 ], [ -122.392603, 47.652301 ], [ -122.392748, 47.652274 ], [ -122.392885, 47.652266 ], [ -122.39288, 47.65317 ], [ -122.39422, 47.653166 ], [ -122.395561, 47.653163 ], [ -122.395573, 47.654068 ], [ -122.395649, 47.654068 ], [ -122.395678, 47.654887 ], [ -122.395662, 47.656013 ], [ -122.395661, 47.656287 ], [ -122.395845, 47.656979 ], [ -122.39617, 47.657688 ], [ -122.395841, 47.657684 ] ] ] } },
{ "type": "Feature", "properties": { "GEOID": "530330058014", "population": 1698, "pop_in_seattle": 1697.9999999999991, "area_in_seattle": 1318962.032142499 }, "geometry": { "type": "Polygon", "coordinates": [ [ [ -122.396135, 47.659365 ], [ -122.396102, 47.660041 ], [ -122.3961, 47.661249 ], [ -122.396106, 47.661308 ], [ -122.3961, 47.661323 ], [ -122.394964, 47.661298 ], [ -122.3947, 47.661299 ], [ -122.394429, 47.661282 ], [ -122.394344, 47.661272 ], [ -122.394105, 47.661214 ], [ -122.393903, 47.66116 ], [ -122.393621, 47.66105 ], [ -122.393328, 47.660911 ], [ -122.392851, 47.66067 ], [ -122.392775, 47.660627 ], [ -122.392695, 47.6607 ], [ -122.392306, 47.661055 ], [ -122.392165, 47.661155 ], [ -122.392007, 47.661241 ], [ -122.391917, 47.661275 ], [ -122.39184, 47.661298 ], [ -122.391765, 47.661311 ], [ -122.391031, 47.661318 ], [ -122.391033, 47.662243 ], [ -122.391026, 47.662579 ], [ -122.391037, 47.66302 ], [ -122.391044, 47.663304 ], [ -122.391046, 47.66357 ], [ -122.391047, 47.66381 ], [ -122.390665, 47.663747 ], [ -122.390115, 47.663658 ], [ -122.38744, 47.66322 ], [ -122.380401, 47.660075 ], [ -122.376224, 47.659353 ], [ -122.376224, 47.657874 ], [ -122.376225, 47.657525 ], [ -122.376225, 47.655415 ], [ -122.376225, 47.655329 ], [ -122.376225, 47.655253 ], [ -122.37622, 47.654875 ], [ -122.376072, 47.654276 ], [ -122.375985, 47.654176 ], [ -122.37593, 47.654134 ], [ -122.375867, 47.65413 ], [ -122.375798, 47.654144 ], [ -122.375748, 47.654174 ], [ -122.375637, 47.654306 ], [ -122.375626, 47.654575 ], [ -122.375607, 47.654643 ], [ -122.375513, 47.654794 ], [ -122.375443, 47.654871 ], [ -122.375317, 47.654959 ], [ -122.374918, 47.655163 ], [ -122.37491, 47.654002 ], [ -122.374901, 47.652168 ], [ -122.374895, 47.650342 ], [ -122.374888, 47.64847 ], [ -122.376143, 47.648474 ], [ -122.376424, 47.648471 ], [ -122.376761, 47.648471 ], [ -122.3775, 47.648465 ], [ -122.378874, 47.648463 ], [ -122.380217, 47.648463 ], [ -122.380422, 47.648463 ], [ -122.380668, 47.648459 ], [ -122.380958, 47.648463 ], [ -122.381369, 47.648458 ], [ -122.381448, 47.648457 ], [ -122.381867, 47.648456 ], [ -122.382014, 47.648459 ], [ -122.381991, 47.65033 ], [ -122.381992, 47.650518 ], [ -122.383234, 47.652154 ], [ -122.384618, 47.653977 ], [ -122.385427, 47.655033 ], [ -122.386002, 47.655491 ], [ -122.386294, 47.655722 ], [ -122.386481, 47.65587 ], [ -122.387463, 47.656656 ], [ -122.388138, 47.6572 ], [ -122.388644, 47.657597 ], [ -122.388745, 47.657676 ], [ -122.389896, 47.657674 ], [ -122.391015, 47.657667 ], [ -122.391074, 47.657667 ], [ -122.392202, 47.657668 ], [ -122.392266, 47.657668 ], [ -122.392799, 47.657668 ], [ -122.39286, 47.657694 ], [ -122.394715, 47.657685 ], [ -122.394829, 47.657685 ], [ -122.394974, 47.657685 ], [ -122.395841, 47.657684 ], [ -122.39617, 47.657688 ], [ -122.396584, 47.658397 ], [ -122.396436, 47.658555 ], [ -122.396135, 47.659365 ] ] ] } },
{ "type": "Feature", "properties": { "GEOID": "530330043012", "population": 1300, "pop_in_seattle": 1300.0000000000002, "area_in_seattle": 261294.02938937509 }, "geometry": { "type": "Polygon", "coordinates": [ [ [ -122.299597, 47.675773 ], [ -122.298542, 47.675774 ], [ -122.298401, 47.675775 ], [ -122.297487, 47.675775 ], [ -122.297334, 47.675776 ], [ -122.296433, 47.675776 ], [ -122.296426, 47.67397 ], [ -122.29642, 47.672241 ], [ -122.296419, 47.67215 ], [ -122.296229, 47.67215 ], [ -122.296214, 47.670182 ], [ -122.296203, 47.668518 ], [ -122.297258, 47.66852 ], [ -122.29851, 47.668521 ], [ -122.299565, 47.668522 ], [ -122.30062, 47.668524 ], [ -122.300628, 47.669986 ], [ -122.30064, 47.67206 ], [ -122.300641, 47.672148 ], [ -122.300646, 47.673771 ], [ -122.300653, 47.675772 ], [ -122.299597, 47.675773 ] ] ] } },
{ "type": "Feature", "properties": { "GEOID": "530330048002", "population": 1328, "pop_in_seattle": 1327.9999999999998, "area_in_seattle": 294764.87375521671 }, "geometry": { "type": "Polygon", "coordinates": [ [ [ -122.360813, 47.65778 ], [ -122.360812, 47.657813 ], [ -122.360796, 47.658819 ], [ -122.360805, 47.658948 ], [ -122.360796, 47.660209 ], [ -122.360794, 47.660483 ], [ -122.360786, 47.661471 ], [ -122.360791, 47.661512 ], [ -122.360791, 47.662184 ], [ -122.360791, 47.662365 ], [ -122.360794, 47.662915 ], [ -122.360795, 47.663191 ], [ -122.360135, 47.663189 ], [ -122.359008, 47.663194 ], [ -122.357901, 47.663198 ], [ -122.357885, 47.663189 ], [ -122.357866, 47.663162 ], [ -122.357687, 47.663159 ], [ -122.357664, 47.663182 ], [ -122.357606, 47.663216 ], [ -122.357319, 47.663016 ], [ -122.356536, 47.662563 ], [ -122.356466, 47.662525 ], [ -122.356184, 47.662373 ], [ -122.355901, 47.662265 ], [ -122.355433, 47.662141 ], [ -122.355442, 47.661494 ], [ -122.355443, 47.661402 ], [ -122.355447, 47.660222 ], [ -122.355457, 47.658962 ], [ -122.35546, 47.657764 ], [ -122.355467, 47.657724 ], [ -122.355484, 47.65672 ], [ -122.355491, 47.656353 ], [ -122.356468, 47.656346 ], [ -122.357178, 47.656345 ], [ -122.357586, 47.656344 ], [ -122.359045, 47.656341 ], [ -122.360823, 47.656337 ], [ -122.360818, 47.656942 ], [ -122.360813, 47.65778 ] ] ] } },
{ "type": "Feature", "properties": { "GEOID": "530330046002", "population": 1166, "pop_in_seattle": 1165.9999999999998, "area_in_seattle": 264273.72666954325 }, "geometry": { "type": "Polygon", "coordinates": [ [ [ -122.336276, 47.671039 ], [ -122.335934, 47.67123 ], [ -122.335702, 47.671378 ], [ -122.335413, 47.671591 ], [ -122.335081, 47.671868 ], [ -122.334523, 47.672335 ], [ -122.333552, 47.673146 ], [ -122.333554, 47.672921 ], [ -122.333559, 47.672317 ], [ -122.332434, 47.672309 ], [ -122.330904, 47.672299 ], [ -122.328214, 47.67228 ], [ -122.328218, 47.671994 ], [ -122.328219, 47.671919 ], [ -122.328225, 47.671567 ], [ -122.328236, 47.670854 ], [ -122.328247, 47.670115 ], [ -122.328259, 47.669364 ], [ -122.328271, 47.668646 ], [ -122.328267, 47.667903 ], [ -122.329541, 47.667902 ], [ -122.330769, 47.667535 ], [ -122.331736, 47.669008 ], [ -122.332822, 47.668678 ], [ -122.33299, 47.668678 ], [ -122.333643, 47.668682 ], [ -122.334874, 47.668686 ], [ -122.336381, 47.668684 ], [ -122.336928, 47.670488 ], [ -122.337006, 47.670725 ], [ -122.336276, 47.671039 ] ] ] } },
{ "type": "Feature", "properties": { "GEOID": "530330069001", "population": 1527, "pop_in_seattle": 1526.9999999999995, "area_in_seattle": 244232.54076003819 }, "geometry": { "type": "Polygon", "coordinates": [ [ [ -122.374013, 47.640681 ], [ -122.373641, 47.640682 ], [ -122.372936, 47.640685 ], [ -122.372635, 47.640683 ], [ -122.372582, 47.640683 ], [ -122.372531, 47.640682 ], [ -122.371579, 47.640689 ], [ -122.371574, 47.640199 ], [ -122.371572, 47.639594 ], [ -122.371356, 47.639595 ], [ -122.370304, 47.639595 ], [ -122.369529, 47.639595 ], [ -122.368966, 47.639595 ], [ -122.368291, 47.639595 ], [ -122.367629, 47.639595 ], [ -122.367614, 47.639585 ], [ -122.366948, 47.639583 ], [ -122.366661, 47.639582 ], [ -122.366291, 47.639594 ], [ -122.364952, 47.639594 ], [ -122.363612, 47.639595 ], [ -122.362274, 47.639595 ], [ -122.362297, 47.637758 ], [ -122.363635, 47.637758 ], [ -122.364976, 47.637757 ], [ -122.366316, 47.637757 ], [ -122.366985, 47.637757 ], [ -122.367654, 47.637758 ], [ -122.368322, 47.637758 ], [ -122.368344, 47.635933 ], [ -122.369019, 47.635933 ], [ -122.369692, 47.635933 ], [ -122.370024, 47.635932 ], [ -122.370357, 47.635932 ], [ -122.371659, 47.635928 ], [ -122.371657, 47.635984 ], [ -122.371621, 47.636649 ], [ -122.372619, 47.638 ], [ -122.372668, 47.638064 ], [ -122.372747, 47.63817 ], [ -122.373629, 47.639358 ], [ -122.373803, 47.639578 ], [ -122.373968, 47.639784 ], [ -122.374615, 47.640679 ], [ -122.374366, 47.640685 ], [ -122.374013, 47.640681 ] ] ] } },
{ "type": "Feature", "properties": { "GEOID": "530330114012", "population": 1331, "pop_in_seattle": 1331.0000000000002, "area_in_seattle": 365594.36381159251 }, "geometry": { "type": "Polygon", "coordinates": [ [ [ -122.371248, 47.528281 ], [ -122.369901, 47.528281 ], [ -122.368553, 47.52828 ], [ -122.367206, 47.528279 ], [ -122.366018, 47.528279 ], [ -122.365839, 47.528279 ], [ -122.36451, 47.528279 ], [ -122.363161, 47.52828 ], [ -122.361811, 47.528281 ], [ -122.360462, 47.528282 ], [ -122.359109, 47.528283 ], [ -122.359116, 47.526489 ], [ -122.359124, 47.524695 ], [ -122.360481, 47.524692 ], [ -122.36183, 47.524688 ], [ -122.36318, 47.524685 ], [ -122.364529, 47.524682 ], [ -122.365878, 47.524679 ], [ -122.366409, 47.524677 ], [ -122.367338, 47.524675 ], [ -122.368656, 47.524671 ], [ -122.369914, 47.524668 ], [ -122.371259, 47.524665 ], [ -122.371254, 47.526473 ], [ -122.371248, 47.528281 ] ] ] } },
{ "type": "Feature", "properties": { "GEOID": "530330097021", "population": 1485, "pop_in_seattle": 1484.9999999999998, "area_in_seattle": 443384.86745987699 }, "geometry": { "type": "Polygon", "coordinates": [ [ [ -122.394721, 47.574638 ], [ -122.394706, 47.575387 ], [ -122.394622, 47.57557 ], [ -122.394488, 47.575703 ], [ -122.394342, 47.575846 ], [ -122.394189, 47.576042 ], [ -122.394085, 47.576252 ], [ -122.394033, 47.576471 ], [ -122.394026, 47.576582 ], [ -122.394053, 47.576803 ], [ -122.394227, 47.577528 ], [ -122.394149, 47.579371 ], [ -122.39408, 47.58123 ], [ -122.393863, 47.581228 ], [ -122.392812, 47.581219 ], [ -122.392237, 47.581215 ], [ -122.391905, 47.581212 ], [ -122.391907, 47.581138 ], [ -122.391865, 47.581156 ], [ -122.391613, 47.581219 ], [ -122.391474, 47.581235 ], [ -122.390615, 47.581225 ], [ -122.38924, 47.581215 ], [ -122.389241, 47.581173 ], [ -122.389308, 47.57933 ], [ -122.389369, 47.577626 ], [ -122.389379, 47.577341 ], [ -122.389381, 47.577271 ], [ -122.389382, 47.577193 ], [ -122.389411, 47.575651 ], [ -122.38942, 47.573846 ], [ -122.389441, 47.57204 ], [ -122.389443, 47.570226 ], [ -122.39078, 47.570244 ], [ -122.392103, 47.570261 ], [ -122.393436, 47.570274 ], [ -122.393447, 47.570322 ], [ -122.393419, 47.57208 ], [ -122.394749, 47.572093 ], [ -122.394729, 47.573899 ], [ -122.394721, 47.574638 ] ] ] } },
{ "type": "Feature", "properties": { "GEOID": "530330013002", "population": 1549, "pop_in_seattle": 1549.0000000000005, "area_in_seattle": 244621.52647538768 }, "geometry": { "type": "Polygon", "coordinates": [ [ [ -122.348741, 47.706514 ], [ -122.347401, 47.706524 ], [ -122.34606, 47.706534 ], [ -122.34472, 47.706544 ], [ -122.344725, 47.706866 ], [ -122.343362, 47.706876 ], [ -122.342037, 47.706885 ], [ -122.342004, 47.705046 ], [ -122.342004, 47.704994 ], [ -122.341982, 47.703234 ], [ -122.343309, 47.703236 ], [ -122.344592, 47.703242 ], [ -122.344777, 47.70324 ], [ -122.344774, 47.702877 ], [ -122.344922, 47.702877 ], [ -122.347359, 47.702885 ], [ -122.350051, 47.702893 ], [ -122.350059, 47.703617 ], [ -122.350067, 47.704341 ], [ -122.350075, 47.705066 ], [ -122.350109, 47.706503 ], [ -122.348741, 47.706514 ] ] ] } },
{ "type": "Feature", "properties": { "GEOID": "530330034002", "population": 1257, "pop_in_seattle": 1257.0, "area_in_seattle": 253781.62880397186 }, "geometry": { "type": "Polygon", "coordinates": [ [ [ -122.365497, 47.679551 ], [ -122.364514, 47.679552 ], [ -122.363518, 47.679551 ], [ -122.36334, 47.679551 ], [ -122.3625, 47.679555 ], [ -122.361486, 47.679557 ], [ -122.360498, 47.679559 ], [ -122.359456, 47.679559 ], [ -122.35844, 47.67956 ], [ -122.357426, 47.679561 ], [ -122.357426, 47.679366 ], [ -122.357427, 47.679275 ], [ -122.357431, 47.678055 ], [ -122.357432, 47.67793 ], [ -122.357433, 47.677779 ], [ -122.357433, 47.677637 ], [ -122.357433, 47.677548 ], [ -122.357441, 47.675997 ], [ -122.358455, 47.675996 ], [ -122.35947, 47.675995 ], [ -122.360696, 47.675995 ], [ -122.3615, 47.675992 ], [ -122.361863, 47.675992 ], [ -122.362504, 47.675991 ], [ -122.362942, 47.675991 ], [ -122.363517, 47.67599 ], [ -122.36401, 47.675989 ], [ -122.364523, 47.675989 ], [ -122.365065, 47.675988 ], [ -122.365538, 47.675987 ], [ -122.366025, 47.675984 ], [ -122.36602, 47.676169 ], [ -122.365957, 47.676293 ], [ -122.365958, 47.677762 ], [ -122.365979, 47.679399 ], [ -122.366038, 47.679551 ], [ -122.365497, 47.679551 ] ] ] } },
{ "type": "Feature", "properties": { "GEOID": "530330061003", "population": 808, "pop_in_seattle": 807.99999999999977, "area_in_seattle": 173366.86662378558 }, "geometry": { "type": "Polygon", "coordinates": [ [ [ -122.327524, 47.645625 ], [ -122.327283, 47.645653 ], [ -122.327186, 47.645633 ], [ -122.32719, 47.645623 ], [ -122.327132, 47.645622 ], [ -122.327072, 47.645622 ], [ -122.326507, 47.645623 ], [ -122.325881, 47.645622 ], [ -122.324526, 47.645621 ], [ -122.323365, 47.645619 ], [ -122.3232, 47.645621 ], [ -122.323037, 47.645622 ], [ -122.322891, 47.645616 ], [ -122.322711, 47.645616 ], [ -122.322783, 47.643187 ], [ -122.322949, 47.643186 ], [ -122.3232, 47.643185 ], [ -122.323376, 47.643185 ], [ -122.324629, 47.643188 ], [ -122.325889, 47.643189 ], [ -122.326506, 47.643189 ], [ -122.327075, 47.64319 ], [ -122.327559, 47.64319 ], [ -122.32859, 47.643192 ], [ -122.328648, 47.643185 ], [ -122.32878, 47.643249 ], [ -122.328977, 47.643338 ], [ -122.332621, 47.644458 ], [ -122.331389, 47.645645 ], [ -122.327524, 47.645625 ] ] ] } },
{ "type": "Feature", "properties": { "GEOID": "530330030004", "population": 1431, "pop_in_seattle": 1431.0000000000002, "area_in_seattle": 324563.91574576899 }, "geometry": { "type": "Polygon", "coordinates": [ [ [ -122.381088, 47.686847 ], [ -122.380016, 47.686854 ], [ -122.378944, 47.686861 ], [ -122.377871, 47.686868 ], [ -122.376841, 47.686876 ], [ -122.376794, 47.686876 ], [ -122.376788, 47.685057 ], [ -122.376781, 47.683223 ], [ -122.376775, 47.681428 ], [ -122.376775, 47.681332 ], [ -122.376771, 47.679527 ], [ -122.377845, 47.679523 ], [ -122.378917, 47.679522 ], [ -122.379989, 47.67952 ], [ -122.38106, 47.679518 ], [ -122.381062, 47.679956 ], [ -122.382145, 47.679954 ], [ -122.382151, 47.681323 ], [ -122.382154, 47.683161 ], [ -122.382146, 47.683199 ], [ -122.382139, 47.683231 ], [ -122.382149, 47.685013 ], [ -122.382159, 47.686841 ], [ -122.381088, 47.686847 ] ] ] } },
{ "type": "Feature", "properties": { "GEOID": "530330028002", "population": 1283, "pop_in_seattle": 1283.0000000000002, "area_in_seattle": 259220.9383794785 }, "geometry": { "type": "Polygon", "coordinates": [ [ [ -122.355299, 47.683287 ], [ -122.355299, 47.684016 ], [ -122.355299, 47.684746 ], [ -122.352414, 47.684752 ], [ -122.349892, 47.684751 ], [ -122.347219, 47.684762 ], [ -122.34455, 47.684766 ], [ -122.344494, 47.684766 ], [ -122.344432, 47.684766 ], [ -122.344414, 47.684036 ], [ -122.344384, 47.682815 ], [ -122.344517, 47.682757 ], [ -122.344547, 47.682744 ], [ -122.34496, 47.682564 ], [ -122.345832, 47.682173 ], [ -122.346163, 47.681977 ], [ -122.346392, 47.681801 ], [ -122.349876, 47.681802 ], [ -122.352598, 47.681803 ], [ -122.355305, 47.681803 ], [ -122.355302, 47.682556 ], [ -122.355299, 47.683287 ] ] ] } },
{ "type": "Feature", "properties": { "GEOID": "530330102001", "population": 1583, "pop_in_seattle": 1583.0, "area_in_seattle": 789764.21840775653 }, "geometry": { "type": "Polygon", "coordinates": [ [ [ -122.270707, 47.560589 ], [ -122.269448, 47.560592 ], [ -122.269343, 47.560631 ], [ -122.268289, 47.560645 ], [ -122.268159, 47.560598 ], [ -122.266937, 47.560602 ], [ -122.265681, 47.560607 ], [ -122.264777, 47.560611 ], [ -122.264374, 47.560627 ], [ -122.263834, 47.560521 ], [ -122.262534, 47.560521 ], [ -122.262361, 47.560577 ], [ -122.260629, 47.558278 ], [ -122.260376, 47.557942 ], [ -122.259953, 47.557131 ], [ -122.258297, 47.553958 ], [ -122.258852, 47.553341 ], [ -122.259339, 47.553341 ], [ -122.259434, 47.551421 ], [ -122.259345, 47.551048 ], [ -122.259766, 47.551082 ], [ -122.260525, 47.551094 ], [ -122.262175, 47.551102 ], [ -122.264686, 47.551113 ], [ -122.265866, 47.551119 ], [ -122.266697, 47.551872 ], [ -122.267274, 47.552394 ], [ -122.267361, 47.552473 ], [ -122.267514, 47.552611 ], [ -122.267988, 47.553038 ], [ -122.268164, 47.553194 ], [ -122.268356, 47.553364 ], [ -122.269181, 47.554111 ], [ -122.269619, 47.554499 ], [ -122.269749, 47.554694 ], [ -122.269845, 47.554848 ], [ -122.270183, 47.555566 ], [ -122.270343, 47.555917 ], [ -122.270703, 47.556995 ], [ -122.270694, 47.557073 ], [ -122.270687, 47.558238 ], [ -122.27194, 47.558232 ], [ -122.27195, 47.559404 ], [ -122.27196, 47.560582 ], [ -122.270707, 47.560589 ] ] ] } },
{ "type": "Feature", "properties": { "GEOID": "530330104011", "population": 1236, "pop_in_seattle": 1235.9999999999998, "area_in_seattle": 465330.78705092083 }, "geometry": { "type": "Polygon", "coordinates": [ [ [ -122.299682, 47.560985 ], [ -122.298539, 47.561445 ], [ -122.297254, 47.561679 ], [ -122.296963, 47.56159 ], [ -122.296624, 47.561504 ], [ -122.295541, 47.56108 ], [ -122.295243, 47.560976 ], [ -122.295163, 47.560956 ], [ -122.294721, 47.560849 ], [ -122.294232, 47.560836 ], [ -122.293651, 47.56082 ], [ -122.293551, 47.560817 ], [ -122.293365, 47.560813 ], [ -122.293203, 47.560809 ], [ -122.292603, 47.559846 ], [ -122.292422, 47.559561 ], [ -122.292309, 47.559385 ], [ -122.292296, 47.559351 ], [ -122.29196, 47.558807 ], [ -122.291883, 47.558669 ], [ -122.291801, 47.558543 ], [ -122.291389, 47.557863 ], [ -122.290912, 47.557056 ], [ -122.290329, 47.556102 ], [ -122.290153, 47.555814 ], [ -122.289898, 47.555288 ], [ -122.28985, 47.555184 ], [ -122.289655, 47.554777 ], [ -122.28958, 47.554621 ], [ -122.289402, 47.554254 ], [ -122.289202, 47.553815 ], [ -122.289029, 47.553446 ], [ -122.289119, 47.553446 ], [ -122.289253, 47.553446 ], [ -122.289397, 47.553447 ], [ -122.290462, 47.553451 ], [ -122.29156, 47.553456 ], [ -122.292677, 47.553484 ], [ -122.29412, 47.55352 ], [ -122.29543, 47.553553 ], [ -122.296881, 47.553589 ], [ -122.296861, 47.555426 ], [ -122.296853, 47.556036 ], [ -122.298031, 47.556065 ], [ -122.299209, 47.556095 ], [ -122.299192, 47.557308 ], [ -122.299175, 47.558518 ], [ -122.298003, 47.558488 ], [ -122.297995, 47.55966 ], [ -122.298004, 47.559694 ], [ -122.298059, 47.559725 ], [ -122.298178, 47.559729 ], [ -122.299273, 47.55976 ], [ -122.299341, 47.55977 ], [ -122.299324, 47.559815 ], [ -122.299292, 47.560278 ], [ -122.299298, 47.5603 ], [ -122.299304, 47.560323 ], [ -122.299321, 47.560354 ], [ -122.299352, 47.560374 ], [ -122.299409, 47.56039 ], [ -122.300714, 47.560421 ], [ -122.301062, 47.560481 ], [ -122.299682, 47.560985 ] ] ] } },
{ "type": "Feature", "properties": { "GEOID": "530330104021", "population": 1457, "pop_in_seattle": 1456.9999999999998, "area_in_seattle": 625533.98947929742 }, "geometry": { "type": "Polygon", "coordinates": [ [ [ -122.319566, 47.552286 ], [ -122.319488, 47.55236 ], [ -122.319419, 47.552444 ], [ -122.319394, 47.552517 ], [ -122.319407, 47.5526 ], [ -122.319452, 47.552654 ], [ -122.319622, 47.552823 ], [ -122.319657, 47.552872 ], [ -122.319667, 47.552886 ], [ -122.319701, 47.55296 ], [ -122.319716, 47.553042 ], [ -122.319714, 47.553102 ], [ -122.31971, 47.553114 ], [ -122.319695, 47.553166 ], [ -122.319645, 47.553259 ], [ -122.319548, 47.55334 ], [ -122.319529, 47.553353 ], [ -122.319481, 47.553385 ], [ -122.319362, 47.553436 ], [ -122.319226, 47.553454 ], [ -122.319085, 47.553465 ], [ -122.318637, 47.553462 ], [ -122.318203, 47.55346 ], [ -122.317712, 47.553457 ], [ -122.317191, 47.553455 ], [ -122.31614, 47.553451 ], [ -122.314569, 47.553445 ], [ -122.31451, 47.553445 ], [ -122.313475, 47.553441 ], [ -122.312301, 47.553436 ], [ -122.311086, 47.553431 ], [ -122.309871, 47.553426 ], [ -122.309861, 47.55474 ], [ -122.310529, 47.554743 ], [ -122.310522, 47.555607 ], [ -122.307926, 47.555597 ], [ -122.307093, 47.555594 ], [ -122.307118, 47.554518 ], [ -122.307103, 47.554432 ], [ -122.307054, 47.554348 ], [ -122.306976, 47.554275 ], [ -122.306867, 47.554214 ], [ -122.306666, 47.554166 ], [ -122.306217, 47.554154 ], [ -122.306235, 47.553822 ], [ -122.306228, 47.553376 ], [ -122.307337, 47.553404 ], [ -122.307369, 47.551139 ], [ -122.306255, 47.551134 ], [ -122.30512, 47.551105 ], [ -122.305113, 47.550465 ], [ -122.305114, 47.550143 ], [ -122.305119, 47.549812 ], [ -122.305088, 47.549726 ], [ -122.305092, 47.549553 ], [ -122.305103, 47.548306 ], [ -122.305926, 47.548339 ], [ -122.305946, 47.54652 ], [ -122.306179, 47.546537 ], [ -122.306324, 47.546591 ], [ -122.30638, 47.546607 ], [ -122.306436, 47.546623 ], [ -122.30665, 47.546742 ], [ -122.306871, 47.546932 ], [ -122.307081, 47.547072 ], [ -122.30726, 47.547124 ], [ -122.307504, 47.547123 ], [ -122.307761, 47.547048 ], [ -122.307868, 47.547006 ], [ -122.307939, 47.546979 ], [ -122.308625, 47.54736 ], [ -122.308754, 47.54743 ], [ -122.308884, 47.547499 ], [ -122.309924, 47.548065 ], [ -122.311133, 47.548884 ], [ -122.311364, 47.548752 ], [ -122.311539, 47.548666 ], [ -122.311733, 47.548565 ], [ -122.312022, 47.548419 ], [ -122.312195, 47.548328 ], [ -122.312516, 47.548166 ], [ -122.3135, 47.547685 ], [ -122.313818, 47.54753 ], [ -122.314014, 47.547434 ], [ -122.31466, 47.548053 ], [ -122.314746, 47.548112 ], [ -122.31485, 47.548172 ], [ -122.314996, 47.548243 ], [ -122.315747, 47.548501 ], [ -122.31596, 47.548582 ], [ -122.316072, 47.548624 ], [ -122.316179, 47.548671 ], [ -122.316444, 47.548818 ], [ -122.316531, 47.548879 ], [ -122.316897, 47.549242 ], [ -122.31721, 47.549554 ], [ -122.317756, 47.550101 ], [ -122.318414, 47.550758 ], [ -122.318928, 47.551271 ], [ -122.319714, 47.552049 ], [ -122.319767, 47.552095 ], [ -122.31981, 47.552132 ], [ -122.319566, 47.552286 ] ] ] } },
{ "type": "Feature", "properties": { "GEOID": "530330104022", "population": 1258, "pop_in_seattle": 1258.0000000000002, "area_in_seattle": 473004.15180004627 }, "geometry": { "type": "Polygon", "coordinates": [ [ [ -122.312819, 47.561693 ], [ -122.310501, 47.561651 ], [ -122.309869, 47.561331 ], [ -122.309533, 47.561187 ], [ -122.30889, 47.560945 ], [ -122.307968, 47.560644 ], [ -122.307799, 47.560589 ], [ -122.30554, 47.559851 ], [ -122.305191, 47.559729 ], [ -122.30483, 47.559633 ], [ -122.304738, 47.559618 ], [ -122.30466, 47.559614 ], [ -122.304564, 47.559612 ], [ -122.304388, 47.559636 ], [ -122.303895, 47.558033 ], [ -122.303707, 47.557456 ], [ -122.303323, 47.556232 ], [ -122.303237, 47.555957 ], [ -122.303045, 47.555299 ], [ -122.303349, 47.555265 ], [ -122.303938, 47.555179 ], [ -122.304417, 47.555018 ], [ -122.304303, 47.55482 ], [ -122.304115, 47.554222 ], [ -122.303988, 47.553844 ], [ -122.303993, 47.55381 ], [ -122.304061, 47.553324 ], [ -122.305119, 47.553349 ], [ -122.306228, 47.553376 ], [ -122.306235, 47.553822 ], [ -122.306217, 47.554154 ], [ -122.306666, 47.554166 ], [ -122.306867, 47.554214 ], [ -122.306976, 47.554275 ], [ -122.307054, 47.554348 ], [ -122.307103, 47.554432 ], [ -122.307118, 47.554518 ], [ -122.307093, 47.555594 ], [ -122.307926, 47.555597 ], [ -122.310522, 47.555607 ], [ -122.313459, 47.555625 ], [ -122.313452, 47.556383 ], [ -122.313452, 47.556532 ], [ -122.313449, 47.556901 ], [ -122.313447, 47.557141 ], [ -122.313441, 47.557898 ], [ -122.313432, 47.559048 ], [ -122.313421, 47.560558 ], [ -122.313419, 47.560731 ], [ -122.313414, 47.561469 ], [ -122.313482, 47.561699 ], [ -122.312819, 47.561693 ] ] ] } },
{ "type": "Feature", "properties": { "GEOID": "530330053052", "population": 1531, "pop_in_seattle": 1531.0000000000007, "area_in_seattle": 83318.222120882536 }, "geometry": { "type": "Polygon", "coordinates": [ [ [ -122.317782, 47.658367 ], [ -122.317753, 47.659454 ], [ -122.317743, 47.659848 ], [ -122.31774, 47.659948 ], [ -122.317729, 47.6604 ], [ -122.317709, 47.661164 ], [ -122.31764, 47.661297 ], [ -122.31658, 47.66129 ], [ -122.315944, 47.661286 ], [ -122.315444, 47.661283 ], [ -122.315482, 47.659821 ], [ -122.315521, 47.658341 ], [ -122.315537, 47.657725 ], [ -122.31554, 47.6576 ], [ -122.315546, 47.657354 ], [ -122.31556, 47.65686 ], [ -122.316696, 47.656874 ], [ -122.317178, 47.65688 ], [ -122.31782, 47.656887 ], [ -122.317804, 47.657512 ], [ -122.317782, 47.658367 ] ] ] } },
{ "type": "Feature", "properties": { "GEOID": "530330053061", "population": 1678, "pop_in_seattle": 1678.0000000000007, "area_in_seattle": 135636.04089856186 }, "geometry": { "type": "Polygon", "coordinates": [ [ [ -122.315421, 47.66203 ], [ -122.31529, 47.662565 ], [ -122.315284, 47.662686 ], [ -122.315264, 47.663104 ], [ -122.31524, 47.664916 ], [ -122.314212, 47.664907 ], [ -122.313076, 47.664899 ], [ -122.311939, 47.664891 ], [ -122.310803, 47.664882 ], [ -122.310831, 47.663074 ], [ -122.310859, 47.661259 ], [ -122.311441, 47.661261 ], [ -122.311983, 47.661262 ], [ -122.313131, 47.661268 ], [ -122.313664, 47.661271 ], [ -122.314287, 47.661275 ], [ -122.314922, 47.661279 ], [ -122.315444, 47.661283 ], [ -122.31543, 47.661734 ], [ -122.315421, 47.66203 ] ] ] } },
{ "type": "Feature", "properties": { "GEOID": "530330053051", "population": 1354, "pop_in_seattle": 1354.0, "area_in_seattle": 129492.98122407305 }, "geometry": { "type": "Polygon", "coordinates": [ [ [ -122.31554, 47.6576 ], [ -122.315537, 47.657725 ], [ -122.315521, 47.658341 ], [ -122.315482, 47.659821 ], [ -122.315444, 47.661283 ], [ -122.314922, 47.661279 ], [ -122.314287, 47.661275 ], [ -122.313664, 47.661271 ], [ -122.313131, 47.661268 ], [ -122.311983, 47.661262 ], [ -122.31195, 47.660557 ], [ -122.311985, 47.659779 ], [ -122.31202, 47.658299 ], [ -122.312055, 47.656817 ], [ -122.312652, 47.656824 ], [ -122.313248, 47.656832 ], [ -122.314404, 47.656846 ], [ -122.31556, 47.65686 ], [ -122.315546, 47.657354 ], [ -122.31554, 47.6576 ] ] ] } },
{ "type": "Feature", "properties": { "GEOID": "530330053072", "population": 714, "pop_in_seattle": 714.0, "area_in_seattle": 34494.230277514333 }, "geometry": { "type": "Polygon", "coordinates": [ [ [ -122.309477, 47.664874 ], [ -122.308329, 47.664865 ], [ -122.308355, 47.663067 ], [ -122.308383, 47.661257 ], [ -122.309514, 47.661257 ], [ -122.309504, 47.663061 ], [ -122.309477, 47.664874 ] ] ] } },
{ "type": "Feature", "properties": { "GEOID": "530330053073", "population": 1271, "pop_in_seattle": 1270.9999999999998, "area_in_seattle": 55224.516482058265 }, "geometry": { "type": "Polygon", "coordinates": [ [ [ -122.308329, 47.664865 ], [ -122.307193, 47.664858 ], [ -122.306508, 47.664852 ], [ -122.306519, 47.663053 ], [ -122.306529, 47.661323 ], [ -122.30653, 47.661255 ], [ -122.307247, 47.661256 ], [ -122.308383, 47.661257 ], [ -122.308355, 47.663067 ], [ -122.308329, 47.664865 ] ] ] } },
{ "type": "Feature", "properties": { "GEOID": "530330113004", "population": 1134, "pop_in_seattle": 1133.9999999999998, "area_in_seattle": 395002.0197276054 }, "geometry": { "type": "Polygon", "coordinates": [ [ [ -122.355075, 47.526514 ], [ -122.35507, 47.527446 ], [ -122.355065, 47.528285 ], [ -122.355056, 47.530075 ], [ -122.355047, 47.531866 ], [ -122.355035, 47.533679 ], [ -122.353917, 47.533684 ], [ -122.352829, 47.534103 ], [ -122.352864, 47.534007 ], [ -122.35289, 47.53196 ], [ -122.352773, 47.531884 ], [ -122.352782, 47.530115 ], [ -122.352789, 47.528803 ], [ -122.352815, 47.528397 ], [ -122.352893, 47.5283 ], [ -122.352791, 47.528305 ], [ -122.351857, 47.528314 ], [ -122.351715, 47.528315 ], [ -122.350582, 47.528326 ], [ -122.349834, 47.52832 ], [ -122.349309, 47.528317 ], [ -122.348032, 47.528307 ], [ -122.346757, 47.528297 ], [ -122.345485, 47.528288 ], [ -122.345475, 47.526459 ], [ -122.345446, 47.525885 ], [ -122.345445, 47.524703 ], [ -122.345464, 47.524667 ], [ -122.345498, 47.524643 ], [ -122.345588, 47.524621 ], [ -122.346083, 47.52463 ], [ -122.346738, 47.524642 ], [ -122.348012, 47.524651 ], [ -122.349287, 47.524661 ], [ -122.35056, 47.52467 ], [ -122.351675, 47.524684 ], [ -122.351839, 47.524685 ], [ -122.351947, 47.524686 ], [ -122.352812, 47.524687 ], [ -122.353109, 47.52469 ], [ -122.353953, 47.524696 ], [ -122.355085, 47.524704 ], [ -122.35508, 47.525618 ], [ -122.355075, 47.526514 ] ] ] } },
{ "type": "Feature", "properties": { "GEOID": "530330113005", "population": 1151, "pop_in_seattle": 1151.0, "area_in_seattle": 290721.66965337715 }, "geometry": { "type": "Polygon", "coordinates": [ [ [ -122.352789, 47.528803 ], [ -122.352782, 47.530115 ], [ -122.352773, 47.531884 ], [ -122.35289, 47.53196 ], [ -122.352864, 47.534007 ], [ -122.352829, 47.534103 ], [ -122.352763, 47.534129 ], [ -122.352497, 47.534226 ], [ -122.352243, 47.53428 ], [ -122.351961, 47.534294 ], [ -122.351678, 47.534263 ], [ -122.350876, 47.534071 ], [ -122.35071, 47.534048 ], [ -122.35054, 47.534041 ], [ -122.349277, 47.534051 ], [ -122.347072, 47.534076 ], [ -122.347061, 47.533739 ], [ -122.34696, 47.533303 ], [ -122.346872, 47.532922 ], [ -122.346825, 47.532689 ], [ -122.346781, 47.531934 ], [ -122.346769, 47.530126 ], [ -122.346757, 47.528297 ], [ -122.348032, 47.528307 ], [ -122.349309, 47.528317 ], [ -122.349834, 47.52832 ], [ -122.350582, 47.528326 ], [ -122.351715, 47.528315 ], [ -122.351857, 47.528314 ], [ -122.352791, 47.528305 ], [ -122.352893, 47.5283 ], [ -122.352815, 47.528397 ], [ -122.352789, 47.528803 ] ] ] } },
{ "type": "Feature", "properties": { "GEOID": "530330114021", "population": 1194, "pop_in_seattle": 1193.9999999999998, "area_in_seattle": 432924.09405107459 }, "geometry": { "type": "Polygon", "coordinates": [ [ [ -122.371259, 47.524665 ], [ -122.369914, 47.524668 ], [ -122.368656, 47.524671 ], [ -122.367338, 47.524675 ], [ -122.366409, 47.524677 ], [ -122.365878, 47.524679 ], [ -122.364529, 47.524682 ], [ -122.36318, 47.524685 ], [ -122.36183, 47.524688 ], [ -122.360481, 47.524692 ], [ -122.359124, 47.524695 ], [ -122.357778, 47.524698 ], [ -122.356431, 47.524701 ], [ -122.355085, 47.524704 ], [ -122.355107, 47.522868 ], [ -122.356451, 47.522866 ], [ -122.357798, 47.522864 ], [ -122.359144, 47.522861 ], [ -122.359156, 47.521805 ], [ -122.359165, 47.521027 ], [ -122.36051, 47.521027 ], [ -122.361097, 47.521026 ], [ -122.361796, 47.521025 ], [ -122.362598, 47.521024 ], [ -122.363204, 47.521023 ], [ -122.363414, 47.52102 ], [ -122.363619, 47.521024 ], [ -122.363708, 47.521072 ], [ -122.363748, 47.521166 ], [ -122.364001, 47.521086 ], [ -122.364314, 47.521022 ], [ -122.36455, 47.521021 ], [ -122.365875, 47.521021 ], [ -122.367257, 47.521026 ], [ -122.368732, 47.521032 ], [ -122.369971, 47.521038 ], [ -122.371329, 47.521044 ], [ -122.371294, 47.522854 ], [ -122.371259, 47.524665 ] ] ] } },
{ "type": "Feature", "properties": { "GEOID": "530330114023", "population": 1512, "pop_in_seattle": 1512.0000000000007, "area_in_seattle": 431685.76570594398 }, "geometry": { "type": "Polygon", "coordinates": [ [ [ -122.376791, 47.519269 ], [ -122.376764, 47.521068 ], [ -122.375405, 47.521062 ], [ -122.374047, 47.521056 ], [ -122.372688, 47.52105 ], [ -122.371329, 47.521044 ], [ -122.369971, 47.521038 ], [ -122.368732, 47.521032 ], [ -122.367257, 47.521026 ], [ -122.365875, 47.521021 ], [ -122.36455, 47.521021 ], [ -122.364314, 47.521022 ], [ -122.364001, 47.521086 ], [ -122.363748, 47.521166 ], [ -122.363708, 47.521072 ], [ -122.363619, 47.521024 ], [ -122.363414, 47.52102 ], [ -122.363204, 47.521023 ], [ -122.362598, 47.521024 ], [ -122.362607, 47.519193 ], [ -122.36262, 47.517361 ], [ -122.363226, 47.517362 ], [ -122.36457, 47.517362 ], [ -122.365915, 47.517361 ], [ -122.36728, 47.517377 ], [ -122.367695, 47.517381 ], [ -122.368662, 47.517393 ], [ -122.3714, 47.517424 ], [ -122.373445, 47.517447 ], [ -122.374454, 47.517458 ], [ -122.375515, 47.517471 ], [ -122.376887, 47.517486 ], [ -122.37688, 47.51768 ], [ -122.376791, 47.519269 ] ] ] } },
{ "type": "Feature", "properties": { "GEOID": "530330113002", "population": 1213, "pop_in_seattle": 1212.9999999999995, "area_in_seattle": 382724.4596892593 }, "geometry": { "type": "Polygon", "coordinates": [ [ [ -122.355127, 47.521031 ], [ -122.353986, 47.521023 ], [ -122.352846, 47.521016 ], [ -122.351705, 47.521008 ], [ -122.350635, 47.521001 ], [ -122.349266, 47.520992 ], [ -122.347994, 47.520984 ], [ -122.346719, 47.520975 ], [ -122.345444, 47.520967 ], [ -122.345443, 47.520812 ], [ -122.345435, 47.519134 ], [ -122.344161, 47.519124 ], [ -122.342888, 47.519114 ], [ -122.342562, 47.519112 ], [ -122.341597, 47.519104 ], [ -122.34016, 47.519093 ], [ -122.340158, 47.518532 ], [ -122.339442, 47.518546 ], [ -122.339913, 47.517586 ], [ -122.340134, 47.517277 ], [ -122.340448, 47.51724 ], [ -122.34075, 47.51722 ], [ -122.341437, 47.517276 ], [ -122.34161, 47.517281 ], [ -122.342878, 47.517287 ], [ -122.343873, 47.517293 ], [ -122.344151, 47.517294 ], [ -122.344639, 47.517299 ], [ -122.345426, 47.517302 ], [ -122.346699, 47.517309 ], [ -122.347972, 47.517317 ], [ -122.348017, 47.517317 ], [ -122.349246, 47.517324 ], [ -122.350655, 47.517332 ], [ -122.351735, 47.517339 ], [ -122.351778, 47.517339 ], [ -122.352909, 47.517361 ], [ -122.353404, 47.51737 ], [ -122.354037, 47.517374 ], [ -122.355167, 47.51738 ], [ -122.355147, 47.519194 ], [ -122.355127, 47.521031 ] ] ] } },
{ "type": "Feature", "properties": { "GEOID": "530330113003", "population": 995, "pop_in_seattle": 995.0, "area_in_seattle": 276831.82611257542 }, "geometry": { "type": "Polygon", "coordinates": [ [ [ -122.355085, 47.524704 ], [ -122.353953, 47.524696 ], [ -122.353109, 47.52469 ], [ -122.352812, 47.524687 ], [ -122.351947, 47.524686 ], [ -122.351839, 47.524685 ], [ -122.351675, 47.524684 ], [ -122.35056, 47.52467 ], [ -122.349287, 47.524661 ], [ -122.348012, 47.524651 ], [ -122.346738, 47.524642 ], [ -122.346729, 47.522808 ], [ -122.346507, 47.5228 ], [ -122.346123, 47.522821 ], [ -122.345917, 47.522846 ], [ -122.345593, 47.522845 ], [ -122.345491, 47.522821 ], [ -122.34547, 47.522794 ], [ -122.345483, 47.521969 ], [ -122.345447, 47.521451 ], [ -122.345444, 47.521265 ], [ -122.345444, 47.520967 ], [ -122.346719, 47.520975 ], [ -122.347994, 47.520984 ], [ -122.349266, 47.520992 ], [ -122.350635, 47.521001 ], [ -122.351705, 47.521008 ], [ -122.352846, 47.521016 ], [ -122.353986, 47.521023 ], [ -122.355127, 47.521031 ], [ -122.355107, 47.522868 ], [ -122.355085, 47.524704 ] ] ] } },
{ "type": "Feature", "properties": { "GEOID": "530330115001", "population": 1372, "pop_in_seattle": 1372.0, "area_in_seattle": 553580.34382306936 }, "geometry": { "type": "Polygon", "coordinates": [ [ [ -122.375278, 47.530097 ], [ -122.375268, 47.53191 ], [ -122.375254, 47.533736 ], [ -122.37524, 47.535561 ], [ -122.37524, 47.537387 ], [ -122.375241, 47.539212 ], [ -122.373905, 47.539206 ], [ -122.372561, 47.539199 ], [ -122.371815, 47.539204 ], [ -122.371196, 47.539194 ], [ -122.371192, 47.53737 ], [ -122.371188, 47.535545 ], [ -122.371198, 47.533784 ], [ -122.371161, 47.533721 ], [ -122.369822, 47.533716 ], [ -122.36849, 47.533711 ], [ -122.368494, 47.531947 ], [ -122.368526, 47.531885 ], [ -122.368552, 47.531817 ], [ -122.368546, 47.530084 ], [ -122.368553, 47.52828 ], [ -122.369901, 47.528281 ], [ -122.371248, 47.528281 ], [ -122.371254, 47.526473 ], [ -122.372599, 47.526472 ], [ -122.373944, 47.52647 ], [ -122.37529, 47.526469 ], [ -122.375284, 47.528283 ], [ -122.375278, 47.530097 ] ] ] } },
{ "type": "Feature", "properties": { "GEOID": "530330013001", "population": 1824, "pop_in_seattle": 1823.9999999999995, "area_in_seattle": 502210.56077174202 }, "geometry": { "type": "Polygon", "coordinates": [ [ [ -122.341677, 47.706887 ], [ -122.34068, 47.706894 ], [ -122.339414, 47.706899 ], [ -122.339346, 47.706891 ], [ -122.339241, 47.706877 ], [ -122.337569, 47.706872 ], [ -122.337516, 47.706872 ], [ -122.336203, 47.706865 ], [ -122.335868, 47.706863 ], [ -122.335654, 47.706861 ], [ -122.335148, 47.706857 ], [ -122.334859, 47.706854 ], [ -122.333963, 47.706848 ], [ -122.333951, 47.706232 ], [ -122.333947, 47.705971 ], [ -122.333931, 47.705035 ], [ -122.333916, 47.70403 ], [ -122.333904, 47.703218 ], [ -122.333854, 47.70311 ], [ -122.333897, 47.702926 ], [ -122.333975, 47.702771 ], [ -122.334077, 47.702611 ], [ -122.334181, 47.702499 ], [ -122.334296, 47.702395 ], [ -122.334633, 47.702143 ], [ -122.33477, 47.702022 ], [ -122.334885, 47.701891 ], [ -122.334958, 47.701775 ], [ -122.335012, 47.701641 ], [ -122.335042, 47.701523 ], [ -122.33505, 47.701394 ], [ -122.335061, 47.701214 ], [ -122.335023, 47.699581 ], [ -122.334982, 47.697769 ], [ -122.335027, 47.697769 ], [ -122.335165, 47.69777 ], [ -122.336521, 47.697777 ], [ -122.337625, 47.697781 ], [ -122.338275, 47.697784 ], [ -122.339704, 47.69776 ], [ -122.339727, 47.699602 ], [ -122.339749, 47.701416 ], [ -122.340601, 47.701418 ], [ -122.341959, 47.701421 ], [ -122.341982, 47.703234 ], [ -122.342004, 47.704994 ], [ -122.342004, 47.705046 ], [ -122.342037, 47.706885 ], [ -122.341677, 47.706887 ] ] ] } },
{ "type": "Feature", "properties": { "GEOID": "530330088001", "population": 1428, "pop_in_seattle": 1428.0000000000007, "area_in_seattle": 330037.19062049076 }, "geometry": { "type": "Polygon", "coordinates": [ [ [ -122.302746, 47.611588 ], [ -122.302712, 47.61294 ], [ -122.301419, 47.612944 ], [ -122.300112, 47.612935 ], [ -122.298808, 47.612929 ], [ -122.297502, 47.612934 ], [ -122.296201, 47.612939 ], [ -122.295417, 47.612954 ], [ -122.294894, 47.61295 ], [ -122.293822, 47.612943 ], [ -122.293647, 47.612941 ], [ -122.29258, 47.612929 ], [ -122.292612, 47.611652 ], [ -122.292641, 47.610432 ], [ -122.292619, 47.609281 ], [ -122.293746, 47.60929 ], [ -122.293721, 47.609 ], [ -122.294936, 47.609002 ], [ -122.296248, 47.609005 ], [ -122.297552, 47.609008 ], [ -122.298858, 47.60901 ], [ -122.300162, 47.609012 ], [ -122.301466, 47.609014 ], [ -122.302729, 47.609017 ], [ -122.302765, 47.609017 ], [ -122.302763, 47.610021 ], [ -122.302746, 47.611588 ] ] ] } },
{ "type": "Feature", "properties": { "GEOID": "530330114022", "population": 1493, "pop_in_seattle": 1493.0000000000007, "area_in_seattle": 320696.11355635972 }, "geometry": { "type": "Polygon", "coordinates": [ [ [ -122.362598, 47.521024 ], [ -122.361796, 47.521025 ], [ -122.361097, 47.521026 ], [ -122.36051, 47.521027 ], [ -122.359165, 47.521027 ], [ -122.359156, 47.521805 ], [ -122.359144, 47.522861 ], [ -122.357798, 47.522864 ], [ -122.356451, 47.522866 ], [ -122.355107, 47.522868 ], [ -122.355127, 47.521031 ], [ -122.355147, 47.519194 ], [ -122.355167, 47.51738 ], [ -122.356112, 47.517386 ], [ -122.356513, 47.517382 ], [ -122.357859, 47.51736 ], [ -122.358228, 47.517353 ], [ -122.358557, 47.517347 ], [ -122.35856, 47.516454 ], [ -122.358564, 47.515528 ], [ -122.359181, 47.515528 ], [ -122.360495, 47.515528 ], [ -122.360536, 47.51682 ], [ -122.360542, 47.51736 ], [ -122.361127, 47.517362 ], [ -122.361851, 47.517361 ], [ -122.36262, 47.517361 ], [ -122.362607, 47.519193 ], [ -122.362598, 47.521024 ] ] ] } },
{ "type": "Feature", "properties": { "GEOID": "530330020002", "population": 1184, "pop_in_seattle": 1184.0, "area_in_seattle": 387660.38047923695 }, "geometry": { "type": "Polygon", "coordinates": [ [ [ -122.317212, 47.701282 ], [ -122.31709, 47.701281 ], [ -122.314973, 47.701267 ], [ -122.312669, 47.70125 ], [ -122.312255, 47.701248 ], [ -122.311805, 47.701242 ], [ -122.311326, 47.701237 ], [ -122.311117, 47.701237 ], [ -122.310926, 47.701238 ], [ -122.309587, 47.701227 ], [ -122.30957, 47.700786 ], [ -122.309552, 47.700319 ], [ -122.30788, 47.700306 ], [ -122.306893, 47.700298 ], [ -122.306867, 47.699391 ], [ -122.306853, 47.698909 ], [ -122.30684, 47.698483 ], [ -122.306814, 47.697576 ], [ -122.306814, 47.697501 ], [ -122.306819, 47.696667 ], [ -122.309459, 47.696686 ], [ -122.312098, 47.696705 ], [ -122.314843, 47.696724 ], [ -122.317587, 47.696742 ], [ -122.317583, 47.697653 ], [ -122.31761, 47.698561 ], [ -122.317637, 47.69947 ], [ -122.317664, 47.700378 ], [ -122.317681, 47.700958 ], [ -122.317692, 47.701286 ], [ -122.317212, 47.701282 ] ] ] } },
{ "type": "Feature", "properties": { "GEOID": "530330111024", "population": 1276, "pop_in_seattle": 1275.9999999999995, "area_in_seattle": 251115.8722948292 }, "geometry": { "type": "Polygon", "coordinates": [ [ [ -122.269922, 47.540698 ], [ -122.267168, 47.540688 ], [ -122.266031, 47.540683 ], [ -122.266566, 47.540191 ], [ -122.266729, 47.539999 ], [ -122.266861, 47.539799 ], [ -122.267089, 47.539325 ], [ -122.267211, 47.538896 ], [ -122.267254, 47.538562 ], [ -122.267263, 47.53827 ], [ -122.267266, 47.537926 ], [ -122.267274, 47.536975 ], [ -122.267282, 47.535961 ], [ -122.267287, 47.535338 ], [ -122.267287, 47.535232 ], [ -122.267122, 47.534567 ], [ -122.267029, 47.534191 ], [ -122.266967, 47.533943 ], [ -122.266852, 47.53348 ], [ -122.266657, 47.532696 ], [ -122.266403, 47.531669 ], [ -122.267665, 47.531665 ], [ -122.268022, 47.531665 ], [ -122.26817, 47.531661 ], [ -122.268806, 47.531662 ], [ -122.26991, 47.531667 ], [ -122.269992, 47.531668 ], [ -122.269992, 47.531997 ], [ -122.269991, 47.532325 ], [ -122.26999, 47.532624 ], [ -122.269988, 47.533576 ], [ -122.269988, 47.533659 ], [ -122.269989, 47.533937 ], [ -122.26999, 47.534283 ], [ -122.26999, 47.534646 ], [ -122.269991, 47.534709 ], [ -122.269988, 47.534846 ], [ -122.269984, 47.534982 ], [ -122.269982, 47.535691 ], [ -122.270038, 47.535928 ], [ -122.270276, 47.536956 ], [ -122.270435, 47.537641 ], [ -122.270591, 47.538311 ], [ -122.270726, 47.538892 ], [ -122.270945, 47.539802 ], [ -122.271562, 47.540692 ], [ -122.269922, 47.540698 ] ] ] } },
{ "type": "Feature", "properties": { "GEOID": "530330058011", "population": 1331, "pop_in_seattle": 1331.0, "area_in_seattle": 212603.59916796637 }, "geometry": { "type": "Polygon", "coordinates": [ [ [ -122.385994, 47.653975 ], [ -122.384618, 47.653977 ], [ -122.383234, 47.652154 ], [ -122.381992, 47.650518 ], [ -122.381991, 47.65033 ], [ -122.382014, 47.648459 ], [ -122.383359, 47.648454 ], [ -122.384665, 47.648451 ], [ -122.385971, 47.648448 ], [ -122.387428, 47.648491 ], [ -122.387435, 47.650318 ], [ -122.387436, 47.650556 ], [ -122.38743, 47.652146 ], [ -122.387432, 47.652541 ], [ -122.387443, 47.653701 ], [ -122.387452, 47.653973 ], [ -122.385994, 47.653975 ] ] ] } },
{ "type": "Feature", "properties": { "GEOID": "530330017012", "population": 1340, "pop_in_seattle": 1340.0000000000002, "area_in_seattle": 304644.27169238019 }, "geometry": { "type": "Polygon", "coordinates": [ [ [ -122.354034, 47.697833 ], [ -122.354053, 47.699644 ], [ -122.352709, 47.699641 ], [ -122.351255, 47.699637 ], [ -122.35002, 47.699633 ], [ -122.35001, 47.698728 ], [ -122.349999, 47.697822 ], [ -122.349988, 47.696876 ], [ -122.349986, 47.696758 ], [ -122.349978, 47.696011 ], [ -122.349973, 47.695649 ], [ -122.34995, 47.694924 ], [ -122.349936, 47.6942 ], [ -122.349923, 47.693474 ], [ -122.349939, 47.692752 ], [ -122.349935, 47.6924 ], [ -122.351292, 47.692405 ], [ -122.352622, 47.692409 ], [ -122.353952, 47.692413 ], [ -122.355322, 47.692417 ], [ -122.355341, 47.694215 ], [ -122.35536, 47.696026 ], [ -122.355378, 47.697837 ], [ -122.354034, 47.697833 ] ] ] } },
{ "type": "Feature", "properties": { "GEOID": "530330028001", "population": 1255, "pop_in_seattle": 1255.0000000000002, "area_in_seattle": 263847.57718059048 }, "geometry": { "type": "Polygon", "coordinates": [ [ [ -122.352603, 47.687663 ], [ -122.349908, 47.687661 ], [ -122.347216, 47.687663 ], [ -122.344564, 47.687664 ], [ -122.344508, 47.687664 ], [ -122.344432, 47.687663 ], [ -122.344418, 47.68694 ], [ -122.344416, 47.685495 ], [ -122.344432, 47.684766 ], [ -122.344494, 47.684766 ], [ -122.34455, 47.684766 ], [ -122.347219, 47.684762 ], [ -122.349892, 47.684751 ], [ -122.352414, 47.684752 ], [ -122.355299, 47.684746 ], [ -122.3553, 47.685484 ], [ -122.3553, 47.686213 ], [ -122.355301, 47.68694 ], [ -122.355302, 47.687664 ], [ -122.352603, 47.687663 ] ] ] } },
{ "type": "Feature", "properties": { "GEOID": "530330107023", "population": 1416, "pop_in_seattle": 1415.9999999999998, "area_in_seattle": 273859.75815824216 }, "geometry": { "type": "Polygon", "coordinates": [ [ [ -122.37649, 47.54286 ], [ -122.376447, 47.544681 ], [ -122.376405, 47.546392 ], [ -122.376282, 47.546415 ], [ -122.375379, 47.546567 ], [ -122.375216, 47.546584 ], [ -122.375051, 47.546582 ], [ -122.374339, 47.546589 ], [ -122.374341, 47.546501 ], [ -122.37428, 47.546494 ], [ -122.373723, 47.54643 ], [ -122.373228, 47.546369 ], [ -122.373115, 47.546343 ], [ -122.37298, 47.546312 ], [ -122.372643, 47.546177 ], [ -122.37245, 47.546058 ], [ -122.372736, 47.545873 ], [ -122.372813, 47.545764 ], [ -122.372835, 47.545669 ], [ -122.372792, 47.545512 ], [ -122.372496, 47.545182 ], [ -122.372464, 47.545121 ], [ -122.372459, 47.545034 ], [ -122.372536, 47.544651 ], [ -122.372141, 47.544579 ], [ -122.371785, 47.544442 ], [ -122.371503, 47.54426 ], [ -122.371379, 47.544139 ], [ -122.37137, 47.54413 ], [ -122.371355, 47.544115 ], [ -122.371243, 47.543956 ], [ -122.371031, 47.54358 ], [ -122.370677, 47.542953 ], [ -122.37089, 47.542878 ], [ -122.370985, 47.542847 ], [ -122.371179, 47.542833 ], [ -122.371524, 47.542835 ], [ -122.372274, 47.542839 ], [ -122.372299, 47.541602 ], [ -122.372283, 47.541445 ], [ -122.372221, 47.541289 ], [ -122.372116, 47.541084 ], [ -122.371951, 47.540915 ], [ -122.371861, 47.540806 ], [ -122.371792, 47.540656 ], [ -122.37176, 47.540501 ], [ -122.37181, 47.539637 ], [ -122.371815, 47.539204 ], [ -122.372561, 47.539199 ], [ -122.373905, 47.539206 ], [ -122.375241, 47.539212 ], [ -122.376577, 47.539218 ], [ -122.376533, 47.541038 ], [ -122.37649, 47.54286 ] ] ] } },
{ "type": "Feature", "properties": { "GEOID": "530330003001", "population": 1370, "pop_in_seattle": 1370.0000000000007, "area_in_seattle": 787805.3133833271 }, "geometry": { "type": "Polygon", "coordinates": [ [ [ -122.335546, 47.734134 ], [ -122.335333, 47.734134 ], [ -122.334277, 47.734135 ], [ -122.333749, 47.73413 ], [ -122.33303, 47.734125 ], [ -122.331579, 47.734114 ], [ -122.330226, 47.734103 ], [ -122.328881, 47.734093 ], [ -122.326382, 47.734074 ], [ -122.326216, 47.734073 ], [ -122.325655, 47.734069 ], [ -122.32532, 47.734062 ], [ -122.325246, 47.734065 ], [ -122.324982, 47.734063 ], [ -122.324734, 47.734061 ], [ -122.324523, 47.73406 ], [ -122.324457, 47.734059 ], [ -122.323589, 47.734052 ], [ -122.323575, 47.733177 ], [ -122.323551, 47.73287 ], [ -122.323536, 47.732676 ], [ -122.323521, 47.731524 ], [ -122.323517, 47.731183 ], [ -122.323553, 47.724933 ], [ -122.32356, 47.72386 ], [ -122.323566, 47.723093 ], [ -122.324191, 47.723473 ], [ -122.32444, 47.723652 ], [ -122.325017, 47.724065 ], [ -122.326225, 47.724805 ], [ -122.326507, 47.724961 ], [ -122.327551, 47.725469 ], [ -122.32888, 47.726114 ], [ -122.330356, 47.726816 ], [ -122.331537, 47.727377 ], [ -122.334217, 47.72867 ], [ -122.335575, 47.72867 ], [ -122.335581, 47.729298 ], [ -122.335593, 47.73049 ], [ -122.335758, 47.730519 ], [ -122.335885, 47.730593 ], [ -122.335907, 47.732312 ], [ -122.335925, 47.734088 ], [ -122.335926, 47.734134 ], [ -122.335546, 47.734134 ] ] ] } },
{ "type": "Feature", "properties": { "GEOID": "530330003002", "population": 1450, "pop_in_seattle": 1449.9999999999991, "area_in_seattle": 422314.42808460229 }, "geometry": { "type": "Polygon", "coordinates": [ [ [ -122.345098, 47.734127 ], [ -122.344994, 47.734127 ], [ -122.344005, 47.734128 ], [ -122.343425, 47.734128 ], [ -122.342393, 47.734129 ], [ -122.341337, 47.73413 ], [ -122.341034, 47.73413 ], [ -122.340744, 47.73413 ], [ -122.339688, 47.734131 ], [ -122.338631, 47.734132 ], [ -122.338076, 47.734132 ], [ -122.336983, 47.734133 ], [ -122.335926, 47.734134 ], [ -122.335925, 47.734088 ], [ -122.335907, 47.732312 ], [ -122.335885, 47.730593 ], [ -122.335758, 47.730519 ], [ -122.335593, 47.73049 ], [ -122.335581, 47.729298 ], [ -122.335575, 47.72867 ], [ -122.336926, 47.72867 ], [ -122.338279, 47.728671 ], [ -122.33963, 47.728671 ], [ -122.340901, 47.728671 ], [ -122.342335, 47.728671 ], [ -122.343687, 47.728672 ], [ -122.345038, 47.728676 ], [ -122.345058, 47.73049 ], [ -122.345064, 47.731037 ], [ -122.34507, 47.731622 ], [ -122.345076, 47.732122 ], [ -122.345078, 47.732308 ], [ -122.34509, 47.733362 ], [ -122.345207, 47.733832 ], [ -122.345211, 47.734127 ], [ -122.345098, 47.734127 ] ] ] } },
{ "type": "Feature", "properties": { "GEOID": "530330004021", "population": 1401, "pop_in_seattle": 1400.9999999999998, "area_in_seattle": 321126.44665313314 }, "geometry": { "type": "Polygon", "coordinates": [ [ [ -122.36095, 47.724209 ], [ -122.360948, 47.725075 ], [ -122.359599, 47.725068 ], [ -122.35825, 47.725062 ], [ -122.35816, 47.725061 ], [ -122.357602, 47.725058 ], [ -122.355552, 47.725048 ], [ -122.35555, 47.724278 ], [ -122.355548, 47.723232 ], [ -122.354187, 47.723229 ], [ -122.35291, 47.723225 ], [ -122.351625, 47.723221 ], [ -122.350363, 47.723221 ], [ -122.350351, 47.722312 ], [ -122.350338, 47.721403 ], [ -122.350314, 47.719585 ], [ -122.35162, 47.719589 ], [ -122.352906, 47.719592 ], [ -122.354194, 47.719596 ], [ -122.35554, 47.7196 ], [ -122.355544, 47.721416 ], [ -122.356884, 47.721424 ], [ -122.35825, 47.721432 ], [ -122.359603, 47.721439 ], [ -122.360955, 47.721447 ], [ -122.360951, 47.723262 ], [ -122.36095, 47.724209 ] ] ] } },
{ "type": "Feature", "properties": { "GEOID": "530330004022", "population": 1461, "pop_in_seattle": 1461.0000000000002, "area_in_seattle": 868591.58665066969 }, "geometry": { "type": "Polygon", "coordinates": [ [ [ -122.354194, 47.719596 ], [ -122.352906, 47.719592 ], [ -122.35162, 47.719589 ], [ -122.350314, 47.719585 ], [ -122.350338, 47.721403 ], [ -122.350351, 47.722312 ], [ -122.350363, 47.723221 ], [ -122.348143, 47.723217 ], [ -122.347369, 47.72322 ], [ -122.34655, 47.723224 ], [ -122.346327, 47.723239 ], [ -122.344978, 47.723237 ], [ -122.344968, 47.7223 ], [ -122.344958, 47.72139 ], [ -122.344938, 47.71957 ], [ -122.344876, 47.715937 ], [ -122.344831, 47.713294 ], [ -122.344815, 47.712318 ], [ -122.344745, 47.708041 ], [ -122.344725, 47.706866 ], [ -122.34472, 47.706544 ], [ -122.34606, 47.706534 ], [ -122.347401, 47.706524 ], [ -122.348741, 47.706514 ], [ -122.350109, 47.706503 ], [ -122.350115, 47.706882 ], [ -122.350134, 47.708 ], [ -122.350146, 47.708698 ], [ -122.350177, 47.710514 ], [ -122.350208, 47.712332 ], [ -122.350234, 47.714145 ], [ -122.35026, 47.715958 ], [ -122.351575, 47.715961 ], [ -122.352892, 47.715965 ], [ -122.354208, 47.715968 ], [ -122.354221, 47.717782 ], [ -122.354208, 47.719558 ], [ -122.354194, 47.719596 ] ] ] } },
{ "type": "Feature", "properties": { "GEOID": "530330004023", "population": 1274, "pop_in_seattle": 1273.9999999999998, "area_in_seattle": 322475.89395649906 }, "geometry": { "type": "Polygon", "coordinates": [ [ [ -122.359566, 47.715991 ], [ -122.358892, 47.715988 ], [ -122.358219, 47.715984 ], [ -122.357474, 47.71598 ], [ -122.356872, 47.715978 ], [ -122.355525, 47.715971 ], [ -122.354208, 47.715968 ], [ -122.352892, 47.715965 ], [ -122.351575, 47.715961 ], [ -122.35026, 47.715958 ], [ -122.350234, 47.714145 ], [ -122.350208, 47.712332 ], [ -122.351533, 47.712335 ], [ -122.352858, 47.712337 ], [ -122.354184, 47.71234 ], [ -122.35551, 47.712343 ], [ -122.356849, 47.712347 ], [ -122.357437, 47.712349 ], [ -122.357521, 47.712349 ], [ -122.358189, 47.712352 ], [ -122.35931, 47.712356 ], [ -122.359554, 47.712356 ], [ -122.359587, 47.712356 ], [ -122.360868, 47.712361 ], [ -122.360881, 47.713422 ], [ -122.360891, 47.714179 ], [ -122.360913, 47.715997 ], [ -122.359566, 47.715991 ] ] ] } },
{ "type": "Feature", "properties": { "GEOID": "530330004024", "population": 1038, "pop_in_seattle": 1037.9999999999991, "area_in_seattle": 285408.80508416239 }, "geometry": { "type": "Polygon", "coordinates": [ [ [ -122.359603, 47.721439 ], [ -122.35825, 47.721432 ], [ -122.356884, 47.721424 ], [ -122.355544, 47.721416 ], [ -122.35554, 47.7196 ], [ -122.354194, 47.719596 ], [ -122.354208, 47.719558 ], [ -122.354221, 47.717782 ], [ -122.354208, 47.715968 ], [ -122.355525, 47.715971 ], [ -122.356872, 47.715978 ], [ -122.357474, 47.71598 ], [ -122.358219, 47.715984 ], [ -122.358892, 47.715988 ], [ -122.359566, 47.715991 ], [ -122.360913, 47.715997 ], [ -122.360936, 47.717815 ], [ -122.360959, 47.719634 ], [ -122.360955, 47.721447 ], [ -122.359603, 47.721439 ] ] ] } },
{ "type": "Feature", "properties": { "GEOID": "530330005002", "population": 1663, "pop_in_seattle": 1662.9999999999998, "area_in_seattle": 865407.38650165347 }, "geometry": { "type": "Polygon", "coordinates": [ [ [ -122.370716, 47.7157 ], [ -122.370715, 47.715766 ], [ -122.370712, 47.71603 ], [ -122.370223, 47.716033 ], [ -122.370286, 47.716124 ], [ -122.370346, 47.717868 ], [ -122.369589, 47.717863 ], [ -122.367675, 47.717853 ], [ -122.36634, 47.717847 ], [ -122.366377, 47.719667 ], [ -122.366367, 47.721478 ], [ -122.366356, 47.723287 ], [ -122.366345, 47.725099 ], [ -122.364997, 47.725093 ], [ -122.363646, 47.725087 ], [ -122.362297, 47.725081 ], [ -122.360948, 47.725075 ], [ -122.36095, 47.724209 ], [ -122.360951, 47.723262 ], [ -122.360955, 47.721447 ], [ -122.360959, 47.719634 ], [ -122.360936, 47.717815 ], [ -122.360913, 47.715997 ], [ -122.360891, 47.714179 ], [ -122.360881, 47.713422 ], [ -122.360868, 47.712361 ], [ -122.360857, 47.711567 ], [ -122.360841, 47.710413 ], [ -122.36083, 47.709695 ], [ -122.360817, 47.708741 ], [ -122.361873, 47.708747 ], [ -122.362929, 47.708752 ], [ -122.363234, 47.708754 ], [ -122.363374, 47.708755 ], [ -122.363537, 47.708791 ], [ -122.363631, 47.708847 ], [ -122.363678, 47.708945 ], [ -122.363686, 47.709081 ], [ -122.36362, 47.709206 ], [ -122.363501, 47.70931 ], [ -122.362969, 47.709563 ], [ -122.362911, 47.709628 ], [ -122.362794, 47.709764 ], [ -122.363121, 47.709766 ], [ -122.363613, 47.709737 ], [ -122.363722, 47.70972 ], [ -122.363821, 47.709684 ], [ -122.3641, 47.709544 ], [ -122.364579, 47.709331 ], [ -122.364734, 47.70934 ], [ -122.364841, 47.709395 ], [ -122.365114, 47.70975 ], [ -122.365324, 47.710065 ], [ -122.365352, 47.710176 ], [ -122.365303, 47.710308 ], [ -122.365044, 47.710753 ], [ -122.364796, 47.711069 ], [ -122.365022, 47.711136 ], [ -122.365161, 47.711141 ], [ -122.365385, 47.711098 ], [ -122.365764, 47.711003 ], [ -122.365967, 47.710992 ], [ -122.366099, 47.71101 ], [ -122.366163, 47.711019 ], [ -122.366384, 47.711083 ], [ -122.366741, 47.711214 ], [ -122.367443, 47.71154 ], [ -122.367703, 47.711675 ], [ -122.368375, 47.712083 ], [ -122.368506, 47.712186 ], [ -122.36858, 47.712282 ], [ -122.368623, 47.712387 ], [ -122.368635, 47.712496 ], [ -122.368614, 47.712605 ], [ -122.36855, 47.712716 ], [ -122.368541, 47.712733 ], [ -122.368394, 47.712864 ], [ -122.368231, 47.712946 ], [ -122.368127, 47.712974 ], [ -122.36818, 47.713052 ], [ -122.367065, 47.713614 ], [ -122.366875, 47.713631 ], [ -122.366808, 47.713638 ], [ -122.366398, 47.7136 ], [ -122.366255, 47.713575 ], [ -122.366266, 47.714203 ], [ -122.366412, 47.71425 ], [ -122.366657, 47.714325 ], [ -122.367078, 47.714433 ], [ -122.367415, 47.714412 ], [ -122.367712, 47.714307 ], [ -122.368487, 47.714077 ], [ -122.369397, 47.713927 ], [ -122.369592, 47.713945 ], [ -122.369902, 47.713649 ], [ -122.370047, 47.713512 ], [ -122.370289, 47.713846 ], [ -122.370416, 47.714045 ], [ -122.370203, 47.714083 ], [ -122.369626, 47.714553 ], [ -122.370096, 47.714632 ], [ -122.370331, 47.714671 ], [ -122.370371, 47.714674 ], [ -122.370889, 47.715217 ], [ -122.370909, 47.715433 ], [ -122.370716, 47.7157 ] ] ] } },
{ "type": "Feature", "properties": { "GEOID": "530330007004", "population": 1368, "pop_in_seattle": 1367.9999999999993, "area_in_seattle": 195826.05221468784 }, "geometry": { "type": "Polygon", "coordinates": [ [ [ -122.296414, 47.715594 ], [ -122.295259, 47.715573 ], [ -122.295181, 47.717386 ], [ -122.294553, 47.717373 ], [ -122.293984, 47.717363 ], [ -122.293908, 47.719269 ], [ -122.292731, 47.719263 ], [ -122.290785, 47.719252 ], [ -122.290838, 47.719055 ], [ -122.291328, 47.717808 ], [ -122.291366, 47.717315 ], [ -122.291504, 47.715504 ], [ -122.291568, 47.714662 ], [ -122.291551, 47.714498 ], [ -122.29151, 47.71437 ], [ -122.29147, 47.714272 ], [ -122.291396, 47.714133 ], [ -122.290826, 47.713278 ], [ -122.291131, 47.713056 ], [ -122.291237, 47.713001 ], [ -122.291702, 47.712849 ], [ -122.291883, 47.71275 ], [ -122.291969, 47.712654 ], [ -122.291976, 47.712636 ], [ -122.292083, 47.712862 ], [ -122.292382, 47.713014 ], [ -122.292703, 47.713197 ], [ -122.292845, 47.713268 ], [ -122.293127, 47.713398 ], [ -122.293386, 47.713511 ], [ -122.293669, 47.713544 ], [ -122.29412, 47.71359 ], [ -122.294385, 47.713753 ], [ -122.294611, 47.713782 ], [ -122.294842, 47.713866 ], [ -122.295063, 47.713979 ], [ -122.295243, 47.713979 ], [ -122.295638, 47.714024 ], [ -122.296135, 47.714205 ], [ -122.296475, 47.714402 ], [ -122.296614, 47.714594 ], [ -122.296993, 47.714814 ], [ -122.297768, 47.714993 ], [ -122.297402, 47.715612 ], [ -122.296414, 47.715594 ] ] ] } },
{ "type": "Feature", "properties": { "GEOID": "530330007003", "population": 1239, "pop_in_seattle": 1239.0, "area_in_seattle": 165217.30683765016 }, "geometry": { "type": "Polygon", "coordinates": [ [ [ -122.300297, 47.719306 ], [ -122.299091, 47.719299 ], [ -122.297888, 47.71929 ], [ -122.297703, 47.719289 ], [ -122.296315, 47.719283 ], [ -122.295234, 47.719277 ], [ -122.293908, 47.719269 ], [ -122.293984, 47.717363 ], [ -122.294553, 47.717373 ], [ -122.295181, 47.717386 ], [ -122.295259, 47.715573 ], [ -122.296414, 47.715594 ], [ -122.297402, 47.715612 ], [ -122.298033, 47.715624 ], [ -122.299953, 47.717473 ], [ -122.300337, 47.717842 ], [ -122.300352, 47.717857 ], [ -122.301866, 47.719314 ], [ -122.300479, 47.719307 ], [ -122.300297, 47.719306 ] ] ] } },
{ "type": "Feature", "properties": { "GEOID": "530330008001", "population": 1229, "pop_in_seattle": 1228.9999999999998, "area_in_seattle": 487405.42355336453 }, "geometry": { "type": "Polygon", "coordinates": [ [ [ -122.291504, 47.715504 ], [ -122.291366, 47.717315 ], [ -122.291328, 47.717808 ], [ -122.290838, 47.719055 ], [ -122.290785, 47.719252 ], [ -122.289339, 47.719239 ], [ -122.28853, 47.719233 ], [ -122.287335, 47.719223 ], [ -122.286291, 47.719214 ], [ -122.285929, 47.719188 ], [ -122.285361, 47.719205 ], [ -122.285331, 47.719206 ], [ -122.284994, 47.719203 ], [ -122.284698, 47.718709 ], [ -122.284658, 47.71859 ], [ -122.284596, 47.718519 ], [ -122.284527, 47.718417 ], [ -122.283909, 47.717367 ], [ -122.283107, 47.716011 ], [ -122.282491, 47.714968 ], [ -122.282476, 47.713747 ], [ -122.281843, 47.712417 ], [ -122.281933, 47.712407 ], [ -122.283153, 47.712137 ], [ -122.284277, 47.711873 ], [ -122.284351, 47.71187 ], [ -122.28529, 47.711883 ], [ -122.286586, 47.711901 ], [ -122.28663, 47.711902 ], [ -122.28797, 47.71192 ], [ -122.28931, 47.711939 ], [ -122.290652, 47.711958 ], [ -122.290665, 47.712706 ], [ -122.290674, 47.712911 ], [ -122.290721, 47.713065 ], [ -122.290826, 47.713278 ], [ -122.291396, 47.714133 ], [ -122.29147, 47.714272 ], [ -122.29151, 47.71437 ], [ -122.291551, 47.714498 ], [ -122.291568, 47.714662 ], [ -122.291504, 47.715504 ] ] ] } },
{ "type": "Feature", "properties": { "GEOID": "530330008002", "population": 1464, "pop_in_seattle": 1463.9999999999995, "area_in_seattle": 653694.74691230163 }, "geometry": { "type": "Polygon", "coordinates": [ [ [ -122.290764, 47.70837 ], [ -122.290707, 47.710179 ], [ -122.290672, 47.711321 ], [ -122.290647, 47.711865 ], [ -122.290652, 47.711958 ], [ -122.28931, 47.711939 ], [ -122.28797, 47.71192 ], [ -122.28663, 47.711902 ], [ -122.286586, 47.711901 ], [ -122.28529, 47.711883 ], [ -122.284351, 47.71187 ], [ -122.284277, 47.711873 ], [ -122.283153, 47.712137 ], [ -122.281933, 47.712407 ], [ -122.281843, 47.712417 ], [ -122.281026, 47.710698 ], [ -122.280174, 47.708903 ], [ -122.279281, 47.707025 ], [ -122.278524, 47.705434 ], [ -122.278314, 47.705077 ], [ -122.278551, 47.705012 ], [ -122.279305, 47.704943 ], [ -122.27967, 47.704889 ], [ -122.279838, 47.704863 ], [ -122.280713, 47.704677 ], [ -122.280939, 47.704663 ], [ -122.282415, 47.704681 ], [ -122.282778, 47.704686 ], [ -122.283453, 47.704694 ], [ -122.284938, 47.704711 ], [ -122.285477, 47.704718 ], [ -122.286785, 47.704734 ], [ -122.288149, 47.70475 ], [ -122.289222, 47.704763 ], [ -122.290876, 47.704783 ], [ -122.290814, 47.706791 ], [ -122.290764, 47.70837 ] ] ] } },
{ "type": "Feature", "properties": { "GEOID": "530330009001", "population": 1147, "pop_in_seattle": 1147.0000000000007, "area_in_seattle": 522260.57140765456 }, "geometry": { "type": "Polygon", "coordinates": [ [ [ -122.284107, 47.719231 ], [ -122.283383, 47.719229 ], [ -122.283258, 47.719209 ], [ -122.283218, 47.719188 ], [ -122.280192, 47.719165 ], [ -122.280014, 47.719147 ], [ -122.279475, 47.719045 ], [ -122.279373, 47.71906 ], [ -122.2793, 47.718984 ], [ -122.279103, 47.718692 ], [ -122.279003, 47.718494 ], [ -122.2781, 47.715931 ], [ -122.278085, 47.715886 ], [ -122.277094, 47.713174 ], [ -122.276945, 47.712693 ], [ -122.276753, 47.711332 ], [ -122.276708, 47.710858 ], [ -122.276837, 47.710862 ], [ -122.277225, 47.710886 ], [ -122.277169, 47.710565 ], [ -122.27697, 47.709997 ], [ -122.276831, 47.709628 ], [ -122.276217, 47.707996 ], [ -122.276092, 47.707719 ], [ -122.276076, 47.707684 ], [ -122.275837, 47.707058 ], [ -122.276127, 47.706057 ], [ -122.276124, 47.705907 ], [ -122.276042, 47.705569 ], [ -122.275945, 47.705321 ], [ -122.275667, 47.704565 ], [ -122.275863, 47.704564 ], [ -122.276123, 47.70457 ], [ -122.276427, 47.704571 ], [ -122.27671, 47.704572 ], [ -122.276838, 47.704576 ], [ -122.277393, 47.704592 ], [ -122.277926, 47.704588 ], [ -122.278314, 47.705077 ], [ -122.278524, 47.705434 ], [ -122.279281, 47.707025 ], [ -122.280174, 47.708903 ], [ -122.281026, 47.710698 ], [ -122.281843, 47.712417 ], [ -122.282476, 47.713747 ], [ -122.282491, 47.714968 ], [ -122.283107, 47.716011 ], [ -122.283909, 47.717367 ], [ -122.284527, 47.718417 ], [ -122.284596, 47.718519 ], [ -122.284658, 47.71859 ], [ -122.284698, 47.718709 ], [ -122.284994, 47.719203 ], [ -122.284727, 47.719217 ], [ -122.284107, 47.719231 ] ] ] } },
{ "type": "Feature", "properties": { "GEOID": "530330009002", "population": 929, "pop_in_seattle": 929.00000000000023, "area_in_seattle": 2329557.4116731682 }, "geometry": { "type": "Polygon", "coordinates": [ [ [ -122.278037, 47.71892 ], [ -122.271223, 47.718857 ], [ -122.270406, 47.717004 ], [ -122.269138, 47.714124 ], [ -122.267942, 47.712254 ], [ -122.267627, 47.711762 ], [ -122.267094, 47.71093 ], [ -122.265263, 47.708068 ], [ -122.262323, 47.704308 ], [ -122.260725, 47.702264 ], [ -122.255062, 47.696866 ], [ -122.258708, 47.697694 ], [ -122.271418, 47.697345 ], [ -122.271168, 47.695906 ], [ -122.271961, 47.695858 ], [ -122.273223, 47.695844 ], [ -122.274705, 47.695904 ], [ -122.275101, 47.695883 ], [ -122.275261, 47.695874 ], [ -122.275542, 47.69586 ], [ -122.275693, 47.695854 ], [ -122.27607, 47.695873 ], [ -122.276485, 47.695894 ], [ -122.276689, 47.696155 ], [ -122.277064, 47.696637 ], [ -122.277563, 47.697243 ], [ -122.277627, 47.697353 ], [ -122.277655, 47.6974 ], [ -122.277713, 47.697559 ], [ -122.277756, 47.69779 ], [ -122.277729, 47.699339 ], [ -122.277698, 47.701146 ], [ -122.277696, 47.701245 ], [ -122.277683, 47.701998 ], [ -122.277667, 47.702954 ], [ -122.277652, 47.703881 ], [ -122.277688, 47.704124 ], [ -122.277779, 47.704362 ], [ -122.277926, 47.704588 ], [ -122.277393, 47.704592 ], [ -122.276838, 47.704576 ], [ -122.27671, 47.704572 ], [ -122.276427, 47.704571 ], [ -122.276123, 47.70457 ], [ -122.275863, 47.704564 ], [ -122.275667, 47.704565 ], [ -122.275945, 47.705321 ], [ -122.276042, 47.705569 ], [ -122.276124, 47.705907 ], [ -122.276127, 47.706057 ], [ -122.275837, 47.707058 ], [ -122.276076, 47.707684 ], [ -122.276092, 47.707719 ], [ -122.276217, 47.707996 ], [ -122.276831, 47.709628 ], [ -122.27697, 47.709997 ], [ -122.277169, 47.710565 ], [ -122.277225, 47.710886 ], [ -122.276837, 47.710862 ], [ -122.276708, 47.710858 ], [ -122.276753, 47.711332 ], [ -122.276945, 47.712693 ], [ -122.277094, 47.713174 ], [ -122.278085, 47.715886 ], [ -122.2781, 47.715931 ], [ -122.279003, 47.718494 ], [ -122.279103, 47.718692 ], [ -122.2793, 47.718984 ], [ -122.279373, 47.71906 ], [ -122.278037, 47.71892 ] ] ] } },
{ "type": "Feature", "properties": { "GEOID": "530330010001", "population": 975, "pop_in_seattle": 975.0, "area_in_seattle": 370978.39823878376 }, "geometry": { "type": "Polygon", "coordinates": [ [ [ -122.301539, 47.707619 ], [ -122.301501, 47.707783 ], [ -122.301356, 47.708424 ], [ -122.301169, 47.70899 ], [ -122.300986, 47.709439 ], [ -122.300773, 47.709882 ], [ -122.300474, 47.710418 ], [ -122.299513, 47.712042 ], [ -122.298528, 47.712033 ], [ -122.297585, 47.712024 ], [ -122.296198, 47.712011 ], [ -122.294989, 47.711984 ], [ -122.294781, 47.711981 ], [ -122.293792, 47.711968 ], [ -122.292514, 47.711957 ], [ -122.292003, 47.711961 ], [ -122.290949, 47.711961 ], [ -122.290766, 47.711959 ], [ -122.290652, 47.711958 ], [ -122.290647, 47.711865 ], [ -122.290672, 47.711321 ], [ -122.290707, 47.710179 ], [ -122.290764, 47.70837 ], [ -122.292111, 47.708377 ], [ -122.294857, 47.708391 ], [ -122.296223, 47.708398 ], [ -122.296233, 47.706856 ], [ -122.296205, 47.70669 ], [ -122.29792, 47.706689 ], [ -122.301633, 47.706699 ], [ -122.301601, 47.707155 ], [ -122.301539, 47.707619 ] ] ] } },
{ "type": "Feature", "properties": { "GEOID": "530330010002", "population": 1037, "pop_in_seattle": 1036.9999999999998, "area_in_seattle": 582528.56299639924 }, "geometry": { "type": "Polygon", "coordinates": [ [ [ -122.301913, 47.702071 ], [ -122.301721, 47.702552 ], [ -122.30163, 47.702974 ], [ -122.301626, 47.703028 ], [ -122.301606, 47.703282 ], [ -122.301614, 47.704198 ], [ -122.301617, 47.704566 ], [ -122.301618, 47.704744 ], [ -122.301618, 47.70481 ], [ -122.301622, 47.705354 ], [ -122.301628, 47.706204 ], [ -122.301633, 47.706699 ], [ -122.29792, 47.706689 ], [ -122.296205, 47.70669 ], [ -122.296233, 47.706856 ], [ -122.296223, 47.708398 ], [ -122.294857, 47.708391 ], [ -122.292111, 47.708377 ], [ -122.290764, 47.70837 ], [ -122.290814, 47.706791 ], [ -122.290876, 47.704783 ], [ -122.290835, 47.703909 ], [ -122.290795, 47.703048 ], [ -122.290791, 47.70296 ], [ -122.290786, 47.702866 ], [ -122.290704, 47.70112 ], [ -122.290971, 47.701121 ], [ -122.291313, 47.701122 ], [ -122.29222, 47.701126 ], [ -122.292963, 47.701128 ], [ -122.293425, 47.70113 ], [ -122.293802, 47.701131 ], [ -122.294136, 47.701133 ], [ -122.295334, 47.701138 ], [ -122.296036, 47.701141 ], [ -122.299716, 47.701154 ], [ -122.299923, 47.701155 ], [ -122.301155, 47.70116 ], [ -122.302553, 47.70117 ], [ -122.302183, 47.701625 ], [ -122.301913, 47.702071 ] ] ] } },
{ "type": "Feature", "properties": { "GEOID": "530330011001", "population": 1400, "pop_in_seattle": 1400.0000000000009, "area_in_seattle": 512627.80375696218 }, "geometry": { "type": "Polygon", "coordinates": [ [ [ -122.311095, 47.712152 ], [ -122.310001, 47.712145 ], [ -122.3098, 47.712143 ], [ -122.308426, 47.712127 ], [ -122.308152, 47.712124 ], [ -122.307089, 47.712114 ], [ -122.306284, 47.712107 ], [ -122.305752, 47.712102 ], [ -122.304416, 47.712089 ], [ -122.30308, 47.712076 ], [ -122.301743, 47.712064 ], [ -122.300351, 47.71205 ], [ -122.299513, 47.712042 ], [ -122.300474, 47.710418 ], [ -122.300773, 47.709882 ], [ -122.300986, 47.709439 ], [ -122.301169, 47.70899 ], [ -122.301356, 47.708424 ], [ -122.301501, 47.707783 ], [ -122.301539, 47.707619 ], [ -122.301601, 47.707155 ], [ -122.301633, 47.706699 ], [ -122.301628, 47.706204 ], [ -122.301622, 47.705354 ], [ -122.301618, 47.70481 ], [ -122.301618, 47.704744 ], [ -122.301617, 47.704566 ], [ -122.301614, 47.704198 ], [ -122.301958, 47.704192 ], [ -122.302158, 47.70423 ], [ -122.302443, 47.704284 ], [ -122.302804, 47.704363 ], [ -122.303459, 47.704344 ], [ -122.304314, 47.704357 ], [ -122.304321, 47.704797 ], [ -122.304304, 47.704829 ], [ -122.304842, 47.704838 ], [ -122.305121, 47.704852 ], [ -122.306206, 47.70484 ], [ -122.306214, 47.706639 ], [ -122.306238, 47.708468 ], [ -122.308106, 47.708486 ], [ -122.309967, 47.708503 ], [ -122.312432, 47.708527 ], [ -122.312433, 47.710355 ], [ -122.312434, 47.711331 ], [ -122.312435, 47.712165 ], [ -122.311095, 47.712152 ] ] ] } },
{ "type": "Feature", "properties": { "GEOID": "530330011002", "population": 1311, "pop_in_seattle": 1310.9999999999991, "area_in_seattle": 547285.16637644812 }, "geometry": { "type": "Polygon", "coordinates": [ [ [ -122.309967, 47.708503 ], [ -122.308106, 47.708486 ], [ -122.306238, 47.708468 ], [ -122.306214, 47.706639 ], [ -122.306206, 47.70484 ], [ -122.305121, 47.704852 ], [ -122.304842, 47.704838 ], [ -122.304304, 47.704829 ], [ -122.304321, 47.704797 ], [ -122.304314, 47.704357 ], [ -122.303459, 47.704344 ], [ -122.302804, 47.704363 ], [ -122.302443, 47.704284 ], [ -122.302158, 47.70423 ], [ -122.301958, 47.704192 ], [ -122.301614, 47.704198 ], [ -122.301606, 47.703282 ], [ -122.301626, 47.703028 ], [ -122.30163, 47.702974 ], [ -122.301721, 47.702552 ], [ -122.301913, 47.702071 ], [ -122.302183, 47.701625 ], [ -122.302553, 47.70117 ], [ -122.303319, 47.70027 ], [ -122.304234, 47.700277 ], [ -122.306893, 47.700298 ], [ -122.30788, 47.700306 ], [ -122.309552, 47.700319 ], [ -122.30957, 47.700786 ], [ -122.309587, 47.701227 ], [ -122.310926, 47.701238 ], [ -122.311117, 47.701237 ], [ -122.311326, 47.701237 ], [ -122.311805, 47.701242 ], [ -122.312255, 47.701248 ], [ -122.312299, 47.702157 ], [ -122.312343, 47.703065 ], [ -122.312387, 47.703974 ], [ -122.31243, 47.704859 ], [ -122.312431, 47.704882 ], [ -122.312431, 47.705529 ], [ -122.312431, 47.706424 ], [ -122.312431, 47.706698 ], [ -122.312432, 47.708527 ], [ -122.309967, 47.708503 ] ] ] } },
{ "type": "Feature", "properties": { "GEOID": "530330007001", "population": 1244, "pop_in_seattle": 1244.0, "area_in_seattle": 385830.44084381708 }, "geometry": { "type": "Polygon", "coordinates": [ [ [ -122.311974, 47.719423 ], [ -122.311328, 47.7194 ], [ -122.310892, 47.719396 ], [ -122.309976, 47.719388 ], [ -122.309105, 47.71938 ], [ -122.307273, 47.719363 ], [ -122.307237, 47.717932 ], [ -122.307227, 47.717551 ], [ -122.305879, 47.717539 ], [ -122.305838, 47.715726 ], [ -122.305794, 47.713914 ], [ -122.305752, 47.712102 ], [ -122.306284, 47.712107 ], [ -122.307089, 47.712114 ], [ -122.308152, 47.712124 ], [ -122.308426, 47.712127 ], [ -122.3098, 47.712143 ], [ -122.310001, 47.712145 ], [ -122.311095, 47.712152 ], [ -122.312435, 47.712165 ], [ -122.312496, 47.713977 ], [ -122.31254, 47.714088 ], [ -122.312598, 47.714167 ], [ -122.312541, 47.714275 ], [ -122.312518, 47.714408 ], [ -122.312514, 47.71468 ], [ -122.312557, 47.715789 ], [ -122.312618, 47.7176 ], [ -122.31268, 47.719436 ], [ -122.311974, 47.719423 ] ] ] } },
{ "type": "Feature", "properties": { "GEOID": "530330007002", "population": 1353, "pop_in_seattle": 1353.0, "area_in_seattle": 546617.32501439005 }, "geometry": { "type": "Polygon", "coordinates": [ [ [ -122.30644, 47.719356 ], [ -122.305921, 47.719351 ], [ -122.304569, 47.719339 ], [ -122.303838, 47.719332 ], [ -122.30289, 47.719324 ], [ -122.301866, 47.719314 ], [ -122.300352, 47.717857 ], [ -122.300337, 47.717842 ], [ -122.299953, 47.717473 ], [ -122.298033, 47.715624 ], [ -122.297402, 47.715612 ], [ -122.297768, 47.714993 ], [ -122.296993, 47.714814 ], [ -122.296614, 47.714594 ], [ -122.296475, 47.714402 ], [ -122.296135, 47.714205 ], [ -122.295638, 47.714024 ], [ -122.295243, 47.713979 ], [ -122.295063, 47.713979 ], [ -122.294842, 47.713866 ], [ -122.294611, 47.713782 ], [ -122.294385, 47.713753 ], [ -122.29412, 47.71359 ], [ -122.293669, 47.713544 ], [ -122.293386, 47.713511 ], [ -122.293127, 47.713398 ], [ -122.292845, 47.713268 ], [ -122.292703, 47.713197 ], [ -122.292382, 47.713014 ], [ -122.292083, 47.712862 ], [ -122.291976, 47.712636 ], [ -122.291969, 47.712654 ], [ -122.291883, 47.71275 ], [ -122.291702, 47.712849 ], [ -122.291237, 47.713001 ], [ -122.291131, 47.713056 ], [ -122.290826, 47.713278 ], [ -122.290721, 47.713065 ], [ -122.290674, 47.712911 ], [ -122.290665, 47.712706 ], [ -122.290652, 47.711958 ], [ -122.290766, 47.711959 ], [ -122.290949, 47.711961 ], [ -122.292003, 47.711961 ], [ -122.292514, 47.711957 ], [ -122.293792, 47.711968 ], [ -122.294781, 47.711981 ], [ -122.294989, 47.711984 ], [ -122.296198, 47.712011 ], [ -122.297585, 47.712024 ], [ -122.298528, 47.712033 ], [ -122.299513, 47.712042 ], [ -122.300351, 47.71205 ], [ -122.301743, 47.712064 ], [ -122.30308, 47.712076 ], [ -122.304416, 47.712089 ], [ -122.305752, 47.712102 ], [ -122.305794, 47.713914 ], [ -122.305838, 47.715726 ], [ -122.305879, 47.717539 ], [ -122.307227, 47.717551 ], [ -122.307237, 47.717932 ], [ -122.307273, 47.719363 ], [ -122.30644, 47.719356 ] ] ] } },
{ "type": "Feature", "properties": { "GEOID": "530330021001", "population": 1425, "pop_in_seattle": 1424.9999999999998, "area_in_seattle": 503226.89674011781 }, "geometry": { "type": "Polygon", "coordinates": [ [ [ -122.299716, 47.701154 ], [ -122.296036, 47.701141 ], [ -122.295334, 47.701138 ], [ -122.294136, 47.701133 ], [ -122.293802, 47.701131 ], [ -122.293425, 47.70113 ], [ -122.292963, 47.701128 ], [ -122.29222, 47.701126 ], [ -122.291313, 47.701122 ], [ -122.290971, 47.701121 ], [ -122.290704, 47.70112 ], [ -122.290682, 47.700676 ], [ -122.290662, 47.700204 ], [ -122.290622, 47.699358 ], [ -122.290619, 47.69929 ], [ -122.290574, 47.698346 ], [ -122.290574, 47.697457 ], [ -122.290587, 47.696705 ], [ -122.290582, 47.696552 ], [ -122.290569, 47.69599 ], [ -122.290578, 47.695643 ], [ -122.290587, 47.695285 ], [ -122.2906, 47.69474 ], [ -122.29061, 47.694539 ], [ -122.290624, 47.693819 ], [ -122.290642, 47.693095 ], [ -122.29066, 47.692372 ], [ -122.290678, 47.691648 ], [ -122.293389, 47.691641 ], [ -122.29604, 47.691662 ], [ -122.29601, 47.692383 ], [ -122.295981, 47.693103 ], [ -122.295951, 47.693864 ], [ -122.295964, 47.694772 ], [ -122.295978, 47.695681 ], [ -122.29599, 47.696589 ], [ -122.29602, 47.697497 ], [ -122.296066, 47.698409 ], [ -122.298812, 47.698426 ], [ -122.29883, 47.699334 ], [ -122.298847, 47.700243 ], [ -122.30132, 47.700255 ], [ -122.299923, 47.701155 ], [ -122.299716, 47.701154 ] ] ] } },
{ "type": "Feature", "properties": { "GEOID": "530330027002", "population": 1489, "pop_in_seattle": 1489.0, "area_in_seattle": 493708.32907800091 }, "geometry": { "type": "Polygon", "coordinates": [ [ [ -122.331397, 47.690553 ], [ -122.331062, 47.69054 ], [ -122.330726, 47.690528 ], [ -122.330334, 47.690524 ], [ -122.329977, 47.69052 ], [ -122.329706, 47.690503 ], [ -122.329429, 47.690465 ], [ -122.329385, 47.690451 ], [ -122.329179, 47.690387 ], [ -122.329136, 47.690368 ], [ -122.328961, 47.690293 ], [ -122.328889, 47.690246 ], [ -122.328908, 47.690289 ], [ -122.328956, 47.690446 ], [ -122.328625, 47.690466 ], [ -122.328319, 47.690466 ], [ -122.328269, 47.690443 ], [ -122.328187, 47.690431 ], [ -122.327676, 47.690429 ], [ -122.327021, 47.690426 ], [ -122.325681, 47.690416 ], [ -122.324341, 47.690406 ], [ -122.324322, 47.688636 ], [ -122.324312, 47.688249 ], [ -122.324324, 47.687525 ], [ -122.324323, 47.686874 ], [ -122.324308, 47.686795 ], [ -122.324287, 47.686722 ], [ -122.324285, 47.686164 ], [ -122.322929, 47.685071 ], [ -122.322921, 47.684395 ], [ -122.322917, 47.684151 ], [ -122.322913, 47.683883 ], [ -122.322911, 47.683685 ], [ -122.322909, 47.683536 ], [ -122.322908, 47.683437 ], [ -122.322904, 47.683157 ], [ -122.323893, 47.683167 ], [ -122.324581, 47.683174 ], [ -122.325593, 47.683185 ], [ -122.326857, 47.683199 ], [ -122.326901, 47.683199 ], [ -122.326957, 47.683193 ], [ -122.327091, 47.68318 ], [ -122.327937, 47.683187 ], [ -122.328223, 47.68319 ], [ -122.3283, 47.683239 ], [ -122.329346, 47.683251 ], [ -122.329437, 47.683017 ], [ -122.329586, 47.68264 ], [ -122.330005, 47.682691 ], [ -122.330394, 47.682716 ], [ -122.330721, 47.682701 ], [ -122.33136, 47.682635 ], [ -122.331585, 47.682626 ], [ -122.331596, 47.683423 ], [ -122.331622, 47.685083 ], [ -122.331612, 47.685255 ], [ -122.33157, 47.68531 ], [ -122.331461, 47.68539 ], [ -122.331425, 47.685448 ], [ -122.331422, 47.685768 ], [ -122.331446, 47.68583 ], [ -122.331543, 47.685909 ], [ -122.331618, 47.68602 ], [ -122.331643, 47.686055 ], [ -122.331653, 47.686886 ], [ -122.332086, 47.686891 ], [ -122.332107, 47.68864 ], [ -122.332122, 47.690345 ], [ -122.332151, 47.690542 ], [ -122.331397, 47.690553 ] ] ] } },
{ "type": "Feature", "properties": { "GEOID": "530330027003", "population": 1163, "pop_in_seattle": 1163.0000000000005, "area_in_seattle": 315239.67617009825 }, "geometry": { "type": "Polygon", "coordinates": [ [ [ -122.337745, 47.686917 ], [ -122.337773, 47.688715 ], [ -122.337787, 47.690376 ], [ -122.33779, 47.69051 ], [ -122.337163, 47.690514 ], [ -122.336442, 47.690511 ], [ -122.335324, 47.6905 ], [ -122.33509, 47.690501 ], [ -122.333221, 47.690519 ], [ -122.332596, 47.690536 ], [ -122.332151, 47.690542 ], [ -122.332122, 47.690345 ], [ -122.332107, 47.68864 ], [ -122.332086, 47.686891 ], [ -122.331653, 47.686886 ], [ -122.331643, 47.686055 ], [ -122.331618, 47.68602 ], [ -122.331543, 47.685909 ], [ -122.331446, 47.68583 ], [ -122.331422, 47.685768 ], [ -122.331425, 47.685448 ], [ -122.331461, 47.68539 ], [ -122.33157, 47.68531 ], [ -122.331612, 47.685255 ], [ -122.331622, 47.685083 ], [ -122.331596, 47.683423 ], [ -122.331585, 47.682626 ], [ -122.332216, 47.68264 ], [ -122.332592, 47.682696 ], [ -122.332823, 47.682753 ], [ -122.333204, 47.682886 ], [ -122.333548, 47.683058 ], [ -122.333811, 47.683234 ], [ -122.334015, 47.683407 ], [ -122.334321, 47.683715 ], [ -122.335015, 47.684395 ], [ -122.335699, 47.685085 ], [ -122.335916, 47.685255 ], [ -122.33606, 47.685344 ], [ -122.336231, 47.685421 ], [ -122.33648, 47.685529 ], [ -122.336767, 47.685611 ], [ -122.337019, 47.685649 ], [ -122.337172, 47.685659 ], [ -122.337285, 47.685666 ], [ -122.337796, 47.685648 ], [ -122.3379, 47.685883 ], [ -122.337909, 47.686919 ], [ -122.337745, 47.686917 ] ] ] } },
{ "type": "Feature", "properties": { "GEOID": "530330027004", "population": 1653, "pop_in_seattle": 1653.0000000000005, "area_in_seattle": 412784.35048508202 }, "geometry": { "type": "Polygon", "coordinates": [ [ [ -122.344462, 47.689833 ], [ -122.344461, 47.690561 ], [ -122.343451, 47.690553 ], [ -122.342375, 47.690544 ], [ -122.341829, 47.69054 ], [ -122.341297, 47.690536 ], [ -122.340481, 47.69053 ], [ -122.340223, 47.690528 ], [ -122.339136, 47.69052 ], [ -122.338069, 47.690512 ], [ -122.33779, 47.69051 ], [ -122.337787, 47.690376 ], [ -122.337773, 47.688715 ], [ -122.337745, 47.686917 ], [ -122.337909, 47.686919 ], [ -122.3379, 47.685883 ], [ -122.337796, 47.685648 ], [ -122.338274, 47.685532 ], [ -122.3385, 47.685451 ], [ -122.338815, 47.685294 ], [ -122.338873, 47.68526 ], [ -122.33909, 47.68513 ], [ -122.339148, 47.685075 ], [ -122.339362, 47.684752 ], [ -122.340012, 47.683497 ], [ -122.340056, 47.683373 ], [ -122.340225, 47.683116 ], [ -122.340409, 47.682904 ], [ -122.340599, 47.682729 ], [ -122.340828, 47.682556 ], [ -122.341084, 47.6824 ], [ -122.341376, 47.682256 ], [ -122.341635, 47.682159 ], [ -122.341736, 47.682116 ], [ -122.342004, 47.682038 ], [ -122.343147, 47.681795 ], [ -122.343571, 47.681672 ], [ -122.343893, 47.681545 ], [ -122.344298, 47.681344 ], [ -122.344446, 47.681237 ], [ -122.344413, 47.681353 ], [ -122.344393, 47.681493 ], [ -122.344389, 47.681795 ], [ -122.344387, 47.681998 ], [ -122.344391, 47.682189 ], [ -122.344396, 47.682423 ], [ -122.344398, 47.682473 ], [ -122.344384, 47.682815 ], [ -122.344414, 47.684036 ], [ -122.344432, 47.684766 ], [ -122.344416, 47.685495 ], [ -122.344418, 47.68694 ], [ -122.344432, 47.687663 ], [ -122.34445, 47.688387 ], [ -122.344462, 47.689051 ], [ -122.344464, 47.689111 ], [ -122.344462, 47.689833 ] ] ] } },
{ "type": "Feature", "properties": { "GEOID": "530330028003", "population": 1230, "pop_in_seattle": 1230.0000000000002, "area_in_seattle": 200831.76429892462 }, "geometry": { "type": "Polygon", "coordinates": [ [ [ -122.35531, 47.680739 ], [ -122.355308, 47.681052 ], [ -122.355305, 47.681803 ], [ -122.352598, 47.681803 ], [ -122.349876, 47.681802 ], [ -122.346392, 47.681801 ], [ -122.346163, 47.681977 ], [ -122.345832, 47.682173 ], [ -122.34496, 47.682564 ], [ -122.344547, 47.682744 ], [ -122.344517, 47.682757 ], [ -122.344384, 47.682815 ], [ -122.344398, 47.682473 ], [ -122.344396, 47.682423 ], [ -122.344391, 47.682189 ], [ -122.344387, 47.681998 ], [ -122.344389, 47.681795 ], [ -122.344393, 47.681493 ], [ -122.344413, 47.681353 ], [ -122.344446, 47.681237 ], [ -122.344511, 47.681107 ], [ -122.34456, 47.681033 ], [ -122.344617, 47.680945 ], [ -122.344746, 47.680803 ], [ -122.3449, 47.680623 ], [ -122.34504, 47.680423 ], [ -122.345091, 47.680324 ], [ -122.345113, 47.68028 ], [ -122.345185, 47.680114 ], [ -122.345237, 47.679955 ], [ -122.34526, 47.679868 ], [ -122.345305, 47.679562 ], [ -122.345459, 47.679588 ], [ -122.347208, 47.679593 ], [ -122.34728, 47.679594 ], [ -122.349879, 47.679601 ], [ -122.35261, 47.679608 ], [ -122.352608, 47.679653 ], [ -122.353259, 47.679654 ], [ -122.354381, 47.679656 ], [ -122.355323, 47.679658 ], [ -122.355311, 47.680312 ], [ -122.35531, 47.680739 ] ] ] } },
{ "type": "Feature", "properties": { "GEOID": "530330029002", "population": 1514, "pop_in_seattle": 1514.0, "area_in_seattle": 330326.96422570187 }, "geometry": { "type": "Polygon", "coordinates": [ [ [ -122.36249, 47.681786 ], [ -122.361475, 47.681789 ], [ -122.36049, 47.681791 ], [ -122.360656, 47.682532 ], [ -122.360655, 47.683274 ], [ -122.360655, 47.684007 ], [ -122.360654, 47.684738 ], [ -122.360653, 47.685469 ], [ -122.360652, 47.686201 ], [ -122.357977, 47.686203 ], [ -122.3553, 47.686213 ], [ -122.3553, 47.685484 ], [ -122.355299, 47.684746 ], [ -122.355299, 47.684016 ], [ -122.355299, 47.683287 ], [ -122.355302, 47.682556 ], [ -122.355305, 47.681803 ], [ -122.355308, 47.681052 ], [ -122.35531, 47.680739 ], [ -122.355311, 47.680312 ], [ -122.355323, 47.679658 ], [ -122.355324, 47.679557 ], [ -122.356411, 47.679562 ], [ -122.357041, 47.679561 ], [ -122.357426, 47.679561 ], [ -122.35844, 47.67956 ], [ -122.359456, 47.679559 ], [ -122.360498, 47.679559 ], [ -122.361486, 47.679557 ], [ -122.3625, 47.679555 ], [ -122.362494, 47.680723 ], [ -122.36249, 47.681786 ] ] ] } },
{ "type": "Feature", "properties": { "GEOID": "530330029003", "population": 1475, "pop_in_seattle": 1475.0000000000007, "area_in_seattle": 294681.39058988832 }, "geometry": { "type": "Polygon", "coordinates": [ [ [ -122.365977, 47.681932 ], [ -122.365968, 47.682522 ], [ -122.36597, 47.683264 ], [ -122.365968, 47.683995 ], [ -122.365967, 47.684731 ], [ -122.365964, 47.684937 ], [ -122.366032, 47.685102 ], [ -122.366028, 47.685464 ], [ -122.365962, 47.685618 ], [ -122.36596, 47.686199 ], [ -122.365966, 47.686522 ], [ -122.36603, 47.686635 ], [ -122.366028, 47.686935 ], [ -122.365058, 47.68694 ], [ -122.363327, 47.686936 ], [ -122.360651, 47.686937 ], [ -122.360652, 47.686201 ], [ -122.360653, 47.685469 ], [ -122.360654, 47.684738 ], [ -122.360655, 47.684007 ], [ -122.360655, 47.683274 ], [ -122.360656, 47.682532 ], [ -122.36049, 47.681791 ], [ -122.361475, 47.681789 ], [ -122.36249, 47.681786 ], [ -122.362494, 47.680723 ], [ -122.3625, 47.679555 ], [ -122.36334, 47.679551 ], [ -122.363518, 47.679551 ], [ -122.364514, 47.679552 ], [ -122.365497, 47.679551 ], [ -122.366038, 47.679551 ], [ -122.366036, 47.680002 ], [ -122.365979, 47.680134 ], [ -122.365976, 47.681291 ], [ -122.366048, 47.681445 ], [ -122.366041, 47.681777 ], [ -122.365977, 47.681932 ] ] ] } },
{ "type": "Feature", "properties": { "GEOID": "530330030003", "population": 1776, "pop_in_seattle": 1776.0000000000005, "area_in_seattle": 390479.87301640504 }, "geometry": { "type": "Polygon", "coordinates": [ [ [ -122.375456, 47.686884 ], [ -122.374097, 47.686891 ], [ -122.372757, 47.686897 ], [ -122.371443, 47.686904 ], [ -122.370399, 47.68691 ], [ -122.370396, 47.685082 ], [ -122.37039, 47.683287 ], [ -122.370414, 47.683253 ], [ -122.370439, 47.683218 ], [ -122.370444, 47.681435 ], [ -122.370439, 47.679543 ], [ -122.370899, 47.679543 ], [ -122.371494, 47.679539 ], [ -122.371964, 47.679541 ], [ -122.37255, 47.679539 ], [ -122.373003, 47.679538 ], [ -122.373605, 47.679537 ], [ -122.374092, 47.679536 ], [ -122.374659, 47.679531 ], [ -122.375137, 47.679534 ], [ -122.375716, 47.679533 ], [ -122.376172, 47.679532 ], [ -122.376771, 47.679527 ], [ -122.376775, 47.681332 ], [ -122.376775, 47.681428 ], [ -122.376781, 47.683223 ], [ -122.376788, 47.685057 ], [ -122.376794, 47.686876 ], [ -122.375456, 47.686884 ] ] ] } },
{ "type": "Feature", "properties": { "GEOID": "530330030002", "population": 1536, "pop_in_seattle": 1535.9999999999998, "area_in_seattle": 366621.17060459888 }, "geometry": { "type": "Polygon", "coordinates": [ [ [ -122.381635, 47.690592 ], [ -122.381098, 47.690594 ], [ -122.38003, 47.690597 ], [ -122.378958, 47.690601 ], [ -122.377885, 47.690604 ], [ -122.376807, 47.690607 ], [ -122.375468, 47.690613 ], [ -122.374104, 47.690619 ], [ -122.372764, 47.690625 ], [ -122.371442, 47.690631 ], [ -122.370404, 47.690635 ], [ -122.370401, 47.688742 ], [ -122.370399, 47.68691 ], [ -122.371443, 47.686904 ], [ -122.372757, 47.686897 ], [ -122.374097, 47.686891 ], [ -122.375456, 47.686884 ], [ -122.376794, 47.686876 ], [ -122.376841, 47.686876 ], [ -122.377871, 47.686868 ], [ -122.378944, 47.686861 ], [ -122.380016, 47.686854 ], [ -122.381088, 47.686847 ], [ -122.382159, 47.686841 ], [ -122.382167, 47.687076 ], [ -122.382173, 47.688714 ], [ -122.382179, 47.690591 ], [ -122.381635, 47.690592 ] ] ] } },
{ "type": "Feature", "properties": { "GEOID": "530330031001", "population": 1216, "pop_in_seattle": 1216.0, "area_in_seattle": 305576.55086542608 }, "geometry": { "type": "Polygon", "coordinates": [ [ [ -122.387599, 47.690574 ], [ -122.386488, 47.690577 ], [ -122.385418, 47.690581 ], [ -122.384346, 47.690584 ], [ -122.383274, 47.690587 ], [ -122.382179, 47.690591 ], [ -122.382173, 47.688714 ], [ -122.382167, 47.687076 ], [ -122.382159, 47.686841 ], [ -122.382149, 47.685013 ], [ -122.38325, 47.685005 ], [ -122.384322, 47.684996 ], [ -122.385394, 47.684987 ], [ -122.386465, 47.684979 ], [ -122.387586, 47.68497 ], [ -122.388705, 47.684962 ], [ -122.388713, 47.686794 ], [ -122.388721, 47.689003 ], [ -122.388725, 47.690573 ], [ -122.387599, 47.690574 ] ] ] } },
{ "type": "Feature", "properties": { "GEOID": "530330031003", "population": 1277, "pop_in_seattle": 1276.9999999999998, "area_in_seattle": 295348.30084508361 }, "geometry": { "type": "Polygon", "coordinates": [ [ [ -122.387586, 47.68497 ], [ -122.386465, 47.684979 ], [ -122.385394, 47.684987 ], [ -122.384322, 47.684996 ], [ -122.38325, 47.685005 ], [ -122.382149, 47.685013 ], [ -122.382139, 47.683231 ], [ -122.382146, 47.683199 ], [ -122.382154, 47.683161 ], [ -122.382151, 47.681323 ], [ -122.382145, 47.679954 ], [ -122.383228, 47.679951 ], [ -122.383226, 47.679513 ], [ -122.384298, 47.679511 ], [ -122.38537, 47.679509 ], [ -122.386442, 47.679507 ], [ -122.387544, 47.679504 ], [ -122.387649, 47.679503 ], [ -122.388684, 47.679487 ], [ -122.388693, 47.681309 ], [ -122.388694, 47.681448 ], [ -122.388699, 47.683134 ], [ -122.388705, 47.684962 ], [ -122.387586, 47.68497 ] ] ] } },
{ "type": "Feature", "properties": { "GEOID": "530330031004", "population": 1519, "pop_in_seattle": 1519.0000000000002, "area_in_seattle": 384483.58577459137 }, "geometry": { "type": "Polygon", "coordinates": [ [ [ -122.402106, 47.680913 ], [ -122.40208, 47.680929 ], [ -122.40205, 47.680938 ], [ -122.401092, 47.680934 ], [ -122.401095, 47.681448 ], [ -122.401097, 47.681647 ], [ -122.400767, 47.682358 ], [ -122.400413, 47.683122 ], [ -122.399359, 47.68312 ], [ -122.398405, 47.683116 ], [ -122.398353, 47.683084 ], [ -122.398299, 47.683051 ], [ -122.396958, 47.683062 ], [ -122.395723, 47.683073 ], [ -122.394371, 47.683084 ], [ -122.393018, 47.683096 ], [ -122.391914, 47.683106 ], [ -122.390842, 47.683115 ], [ -122.38977, 47.683116 ], [ -122.388699, 47.683134 ], [ -122.388694, 47.681448 ], [ -122.388693, 47.681309 ], [ -122.388684, 47.679487 ], [ -122.389756, 47.679478 ], [ -122.390827, 47.67947 ], [ -122.391899, 47.679462 ], [ -122.392977, 47.679456 ], [ -122.392977, 47.679502 ], [ -122.395696, 47.679484 ], [ -122.398386, 47.679463 ], [ -122.398385, 47.679414 ], [ -122.399736, 47.67942 ], [ -122.400532, 47.679424 ], [ -122.401082, 47.679426 ], [ -122.402117, 47.679434 ], [ -122.402122, 47.680188 ], [ -122.402119, 47.680858 ], [ -122.402106, 47.680913 ] ] ] } },
{ "type": "Feature", "properties": { "GEOID": "530330034003", "population": 1107, "pop_in_seattle": 1107.0, "area_in_seattle": 269817.89845961647 }, "geometry": { "type": "Polygon", "coordinates": [ [ [ -122.366176, 47.670159 ], [ -122.366175, 47.670888 ], [ -122.366173, 47.671618 ], [ -122.366169, 47.672347 ], [ -122.365062, 47.672347 ], [ -122.364009, 47.672346 ], [ -122.36293, 47.672345 ], [ -122.361862, 47.672344 ], [ -122.360789, 47.672343 ], [ -122.359496, 47.672345 ], [ -122.358482, 47.672347 ], [ -122.357721, 47.672349 ], [ -122.35772, 47.671873 ], [ -122.35772, 47.671645 ], [ -122.357718, 47.67119 ], [ -122.357718, 47.670645 ], [ -122.356538, 47.670293 ], [ -122.357133, 47.669897 ], [ -122.357086, 47.669805 ], [ -122.357085, 47.669302 ], [ -122.357085, 47.669111 ], [ -122.357087, 47.668673 ], [ -122.357361, 47.668674 ], [ -122.359036, 47.668681 ], [ -122.359558, 47.668679 ], [ -122.360808, 47.668689 ], [ -122.361578, 47.668696 ], [ -122.361851, 47.668698 ], [ -122.362192, 47.668697 ], [ -122.362619, 47.668689 ], [ -122.362928, 47.668683 ], [ -122.363283, 47.668677 ], [ -122.364012, 47.668672 ], [ -122.365084, 47.668664 ], [ -122.366179, 47.668652 ], [ -122.36618, 47.669429 ], [ -122.366176, 47.670159 ] ] ] } },
{ "type": "Feature", "properties": { "GEOID": "530330035001", "population": 1567, "pop_in_seattle": 1567.0000000000007, "area_in_seattle": 337789.40525905212 }, "geometry": { "type": "Polygon", "coordinates": [ [ [ -122.357433, 47.677637 ], [ -122.357433, 47.677779 ], [ -122.357432, 47.67793 ], [ -122.357431, 47.678055 ], [ -122.357427, 47.679275 ], [ -122.357426, 47.679366 ], [ -122.357426, 47.679561 ], [ -122.357041, 47.679561 ], [ -122.356411, 47.679562 ], [ -122.355324, 47.679557 ], [ -122.355323, 47.679658 ], [ -122.354381, 47.679656 ], [ -122.353259, 47.679654 ], [ -122.352608, 47.679653 ], [ -122.35261, 47.679608 ], [ -122.349879, 47.679601 ], [ -122.34728, 47.679594 ], [ -122.347208, 47.679593 ], [ -122.345459, 47.679588 ], [ -122.345305, 47.679562 ], [ -122.3454, 47.678908 ], [ -122.345423, 47.678681 ], [ -122.345523, 47.678051 ], [ -122.345588, 47.677781 ], [ -122.345594, 47.677763 ], [ -122.345648, 47.677608 ], [ -122.345737, 47.677445 ], [ -122.345842, 47.677287 ], [ -122.345991, 47.677107 ], [ -122.346229, 47.676855 ], [ -122.34639, 47.676874 ], [ -122.346517, 47.676874 ], [ -122.34727, 47.676878 ], [ -122.347792, 47.676451 ], [ -122.348307, 47.676059 ], [ -122.349958, 47.676063 ], [ -122.351372, 47.676069 ], [ -122.352386, 47.676073 ], [ -122.352654, 47.676042 ], [ -122.35336, 47.676044 ], [ -122.354355, 47.676038 ], [ -122.354354, 47.675954 ], [ -122.355329, 47.67596 ], [ -122.355329, 47.676 ], [ -122.356401, 47.675999 ], [ -122.356932, 47.675997 ], [ -122.357018, 47.675997 ], [ -122.357441, 47.675997 ], [ -122.357433, 47.677548 ], [ -122.357433, 47.677637 ] ] ] } },
{ "type": "Feature", "properties": { "GEOID": "530330035002", "population": 1489, "pop_in_seattle": 1489.0000000000007, "area_in_seattle": 345680.09234725195 }, "geometry": { "type": "Polygon", "coordinates": [ [ [ -122.357454, 47.674016 ], [ -122.357452, 47.674217 ], [ -122.357441, 47.675997 ], [ -122.357018, 47.675997 ], [ -122.356932, 47.675997 ], [ -122.356401, 47.675999 ], [ -122.355329, 47.676 ], [ -122.355329, 47.67596 ], [ -122.354354, 47.675954 ], [ -122.354355, 47.676038 ], [ -122.35336, 47.676044 ], [ -122.352654, 47.676042 ], [ -122.352386, 47.676073 ], [ -122.351372, 47.676069 ], [ -122.349958, 47.676063 ], [ -122.348307, 47.676059 ], [ -122.347792, 47.676451 ], [ -122.34727, 47.676878 ], [ -122.346517, 47.676874 ], [ -122.34639, 47.676874 ], [ -122.346229, 47.676855 ], [ -122.346243, 47.67684 ], [ -122.34643, 47.676569 ], [ -122.346616, 47.676254 ], [ -122.346735, 47.676016 ], [ -122.346852, 47.675735 ], [ -122.346957, 47.675438 ], [ -122.347038, 47.675143 ], [ -122.347129, 47.674651 ], [ -122.347161, 47.674363 ], [ -122.347167, 47.674186 ], [ -122.347172, 47.674028 ], [ -122.347173, 47.673865 ], [ -122.347178, 47.673149 ], [ -122.347181, 47.672619 ], [ -122.347182, 47.672423 ], [ -122.347186, 47.67166 ], [ -122.347281, 47.671686 ], [ -122.347326, 47.671721 ], [ -122.3485, 47.671726 ], [ -122.349962, 47.671732 ], [ -122.351423, 47.671737 ], [ -122.351417, 47.67245 ], [ -122.352878, 47.672455 ], [ -122.354235, 47.672462 ], [ -122.354381, 47.672484 ], [ -122.354512, 47.672505 ], [ -122.355357, 47.672501 ], [ -122.355358, 47.672349 ], [ -122.355478, 47.67235 ], [ -122.356433, 47.67235 ], [ -122.357148, 47.672349 ], [ -122.357467, 47.672349 ], [ -122.357465, 47.672578 ], [ -122.357454, 47.674016 ] ] ] } },
{ "type": "Feature", "properties": { "GEOID": "530330035003", "population": 1154, "pop_in_seattle": 1154.0, "area_in_seattle": 600323.48516364838 }, "geometry": { "type": "Polygon", "coordinates": [ [ [ -122.357467, 47.672349 ], [ -122.357148, 47.672349 ], [ -122.356433, 47.67235 ], [ -122.355478, 47.67235 ], [ -122.355358, 47.672349 ], [ -122.355357, 47.672501 ], [ -122.354512, 47.672505 ], [ -122.354381, 47.672484 ], [ -122.354235, 47.672462 ], [ -122.352878, 47.672455 ], [ -122.351417, 47.67245 ], [ -122.351423, 47.671737 ], [ -122.349962, 47.671732 ], [ -122.3485, 47.671726 ], [ -122.347326, 47.671721 ], [ -122.347281, 47.671686 ], [ -122.347186, 47.67166 ], [ -122.347233, 47.665104 ], [ -122.347234, 47.664991 ], [ -122.347381, 47.664991 ], [ -122.34843, 47.664991 ], [ -122.348561, 47.664992 ], [ -122.348742, 47.664992 ], [ -122.349856, 47.664996 ], [ -122.350004, 47.665039 ], [ -122.351464, 47.66504 ], [ -122.352712, 47.665039 ], [ -122.353961, 47.665039 ], [ -122.35407, 47.665074 ], [ -122.354127, 47.665101 ], [ -122.354227, 47.66516 ], [ -122.35445, 47.665022 ], [ -122.354507, 47.665009 ], [ -122.354554, 47.664995 ], [ -122.355412, 47.665004 ], [ -122.355412, 47.665037 ], [ -122.357137, 47.66503 ], [ -122.357127, 47.665777 ], [ -122.357125, 47.666184 ], [ -122.357385, 47.666356 ], [ -122.357384, 47.666855 ], [ -122.357379, 47.667513 ], [ -122.357376, 47.667931 ], [ -122.357375, 47.668172 ], [ -122.357361, 47.668674 ], [ -122.357087, 47.668673 ], [ -122.357085, 47.669111 ], [ -122.357085, 47.669302 ], [ -122.357086, 47.669805 ], [ -122.357133, 47.669897 ], [ -122.356538, 47.670293 ], [ -122.357718, 47.670645 ], [ -122.357718, 47.67119 ], [ -122.35772, 47.671645 ], [ -122.35772, 47.671873 ], [ -122.357721, 47.672349 ], [ -122.357467, 47.672349 ] ] ] } },
{ "type": "Feature", "properties": { "GEOID": "530330034001", "population": 1196, "pop_in_seattle": 1196.0, "area_in_seattle": 262981.14606425184 }, "geometry": { "type": "Polygon", "coordinates": [ [ [ -122.366112, 47.673805 ], [ -122.366098, 47.674171 ], [ -122.366083, 47.674535 ], [ -122.366054, 47.675264 ], [ -122.366039, 47.675635 ], [ -122.366025, 47.675984 ], [ -122.365538, 47.675987 ], [ -122.365065, 47.675988 ], [ -122.364523, 47.675989 ], [ -122.36401, 47.675989 ], [ -122.363517, 47.67599 ], [ -122.362942, 47.675991 ], [ -122.362504, 47.675991 ], [ -122.361863, 47.675992 ], [ -122.3615, 47.675992 ], [ -122.360696, 47.675995 ], [ -122.35947, 47.675995 ], [ -122.358455, 47.675996 ], [ -122.357441, 47.675997 ], [ -122.357452, 47.674217 ], [ -122.357454, 47.674016 ], [ -122.357465, 47.672578 ], [ -122.357467, 47.672349 ], [ -122.357721, 47.672349 ], [ -122.358482, 47.672347 ], [ -122.359496, 47.672345 ], [ -122.360789, 47.672343 ], [ -122.361862, 47.672344 ], [ -122.36293, 47.672345 ], [ -122.364009, 47.672346 ], [ -122.365062, 47.672347 ], [ -122.366169, 47.672347 ], [ -122.36614, 47.673076 ], [ -122.366112, 47.673805 ] ] ] } },
{ "type": "Feature", "properties": { "GEOID": "530330038001", "population": 1424, "pop_in_seattle": 1424.0000000000002, "area_in_seattle": 345548.79298967542 }, "geometry": { "type": "Polygon", "coordinates": [ [ [ -122.295791, 47.679412 ], [ -122.295887, 47.683046 ], [ -122.294769, 47.683046 ], [ -122.293696, 47.683046 ], [ -122.29264, 47.683046 ], [ -122.291559, 47.683047 ], [ -122.29048, 47.683046 ], [ -122.290429, 47.68123 ], [ -122.290378, 47.679414 ], [ -122.290327, 47.677598 ], [ -122.290275, 47.675782 ], [ -122.291154, 47.67579 ], [ -122.291627, 47.675789 ], [ -122.29221, 47.675789 ], [ -122.292985, 47.675787 ], [ -122.293265, 47.675786 ], [ -122.29404, 47.675787 ], [ -122.294322, 47.675791 ], [ -122.295088, 47.675784 ], [ -122.295376, 47.675777 ], [ -122.29628, 47.675776 ], [ -122.296326, 47.677594 ], [ -122.296376, 47.679412 ], [ -122.295791, 47.679412 ] ] ] } },
{ "type": "Feature", "properties": { "GEOID": "530339901000", "population": 0, "pop_in_seattle": 0.0, "area_in_seattle": 92570939.396069333 }, "geometry": { "type": "Polygon", "coordinates": [ [ [ -122.444372, 47.54783 ], [ -122.443864, 47.551798 ], [ -122.443888, 47.553717 ], [ -122.444013, 47.554485 ], [ -122.444297, 47.555565 ], [ -122.444622, 47.55646 ], [ -122.444772, 47.556877 ], [ -122.445159, 47.557759 ], [ -122.445723, 47.558828 ], [ -122.447001, 47.560745 ], [ -122.447653, 47.561722 ], [ -122.44849, 47.562978 ], [ -122.450247, 47.565615 ], [ -122.450834, 47.566373 ], [ -122.451683, 47.567468 ], [ -122.452447, 47.568371 ], [ -122.453062, 47.569097 ], [ -122.453249, 47.569399 ], [ -122.453374, 47.569604 ], [ -122.453994, 47.57091 ], [ -122.454134, 47.571318 ], [ -122.45448, 47.572328 ], [ -122.454766, 47.573685 ], [ -122.454787, 47.57397 ], [ -122.454847, 47.574757 ], [ -122.454781, 47.576186 ], [ -122.454746, 47.576391 ], [ -122.454726, 47.576591 ], [ -122.454627, 47.577209 ], [ -122.4541, 47.579662 ], [ -122.453582, 47.581237 ], [ -122.453158, 47.582208 ], [ -122.451696, 47.585085 ], [ -122.451383, 47.585702 ], [ -122.450513, 47.587416 ], [ -122.449692, 47.588963 ], [ -122.448332, 47.591253 ], [ -122.447883, 47.592297 ], [ -122.447569, 47.593313 ], [ -122.447305, 47.594455 ], [ -122.447157, 47.595574 ], [ -122.446984, 47.597612 ], [ -122.446947, 47.5981 ], [ -122.446859, 47.599162 ], [ -122.446558, 47.602772 ], [ -122.446203, 47.607035 ], [ -122.446063, 47.607998 ], [ -122.446503, 47.611494 ], [ -122.446853, 47.61242 ], [ -122.447298, 47.613069 ], [ -122.447711, 47.614209 ], [ -122.447908, 47.614741 ], [ -122.448321, 47.615696 ], [ -122.448615, 47.616382 ], [ -122.448642, 47.616446 ], [ -122.44867, 47.61651 ], [ -122.449203, 47.617523 ], [ -122.449543, 47.618171 ], [ -122.45005, 47.619022 ], [ -122.451403, 47.620957 ], [ -122.453006, 47.622876 ], [ -122.453763, 47.623782 ], [ -122.454252, 47.624636 ], [ -122.454908, 47.626561 ], [ -122.454985, 47.627192 ], [ -122.45491, 47.627647 ], [ -122.454567, 47.629007 ], [ -122.454372, 47.629669 ], [ -122.454199, 47.630258 ], [ -122.454069, 47.630696 ], [ -122.453871, 47.631371 ], [ -122.453682, 47.632013 ], [ -122.453522, 47.632556 ], [ -122.453067, 47.634524 ], [ -122.45284, 47.636087 ], [ -122.452694, 47.638749 ], [ -122.452675, 47.63911 ], [ -122.452679, 47.640561 ], [ -122.452686, 47.642348 ], [ -122.452812, 47.643798 ], [ -122.453181, 47.646248 ], [ -122.453251, 47.646713 ], [ -122.453391, 47.647654 ], [ -122.454105, 47.651119 ], [ -122.454282, 47.652018 ], [ -122.454346, 47.652662 ], [ -122.454405, 47.653253 ], [ -122.455216, 47.655316 ], [ -122.456059, 47.657707 ], [ -122.456757, 47.659683 ], [ -122.457251, 47.661335 ], [ -122.458099, 47.663906 ], [ -122.458569, 47.665605 ], [ -122.459375, 47.669161 ], [ -122.45962, 47.671118 ], [ -122.459737, 47.67212 ], [ -122.459774, 47.672418 ], [ -122.459709, 47.675379 ], [ -122.4597, 47.675788 ], [ -122.459683, 47.675916 ], [ -122.458971, 47.680926 ], [ -122.458558, 47.682498 ], [ -122.458111, 47.683765 ], [ -122.458, 47.684079 ], [ -122.457614, 47.685171 ], [ -122.457488, 47.68543 ], [ -122.456968, 47.686504 ], [ -122.456092, 47.688312 ], [ -122.454756, 47.690489 ], [ -122.454429, 47.690985 ], [ -122.453318, 47.692671 ], [ -122.453026, 47.693266 ], [ -122.452737, 47.693789 ], [ -122.451913, 47.695237 ], [ -122.451562, 47.695856 ], [ -122.450629, 47.697496 ], [ -122.449862, 47.698864 ], [ -122.449309, 47.700139 ], [ -122.448927, 47.700862 ], [ -122.448835, 47.701036 ], [ -122.448531, 47.70152 ], [ -122.448055, 47.702279 ], [ -122.446925, 47.704478 ], [ -122.446429, 47.705188 ], [ -122.445657, 47.706293 ], [ -122.444914, 47.707091 ], [ -122.444314, 47.707646 ], [ -122.441601, 47.709459 ], [ -122.440025, 47.710588 ], [ -122.439289, 47.711232 ], [ -122.43746, 47.713048 ], [ -122.437052, 47.713926 ], [ -122.436881, 47.714291 ], [ -122.436612, 47.715198 ], [ -122.435789, 47.717976 ], [ -122.435323, 47.719821 ], [ -122.434396, 47.724353 ], [ -122.434061, 47.726357 ], [ -122.434002, 47.726715 ], [ -122.433464, 47.728908 ], [ -122.433291, 47.729347 ], [ -122.433205, 47.729578 ], [ -122.432673, 47.730958 ], [ -122.432216, 47.731932 ], [ -122.431994, 47.732405 ], [ -122.42992, 47.73528 ], [ -122.381268, 47.734302 ], [ -122.381198, 47.733798 ], [ -122.380182, 47.724178 ], [ -122.38074, 47.722194 ], [ -122.380705, 47.719754 ], [ -122.380683, 47.718188 ], [ -122.383667, 47.71441 ], [ -122.384415, 47.711364 ], [ -122.389301, 47.709043 ], [ -122.392176, 47.706564 ], [ -122.392827, 47.706293 ], [ -122.398596, 47.703899 ], [ -122.405446, 47.701427 ], [ -122.407053, 47.699831 ], [ -122.40903, 47.697869 ], [ -122.409222, 47.69768 ], [ -122.410088, 47.694688 ], [ -122.409955, 47.689849 ], [ -122.41069, 47.688443 ], [ -122.4111, 47.686719 ], [ -122.411631, 47.686719 ], [ -122.417545, 47.680876 ], [ -122.419548, 47.678899 ], [ -122.425243, 47.673274 ], [ -122.431234, 47.667356 ], [ -122.436979, 47.665971 ], [ -122.440106, 47.664202 ], [ -122.441231, 47.660834 ], [ -122.43873, 47.657886 ], [ -122.431917, 47.655384 ], [ -122.431581, 47.655178 ], [ -122.425431, 47.651053 ], [ -122.424389, 47.649903 ], [ -122.423018, 47.64839 ], [ -122.422517, 47.64561 ], [ -122.422391, 47.644999 ], [ -122.42176, 47.641937 ], [ -122.420519, 47.639968 ], [ -122.419587, 47.638848 ], [ -122.41946, 47.638695 ], [ -122.417644, 47.636515 ], [ -122.416393, 47.635808 ], [ -122.410472, 47.632461 ], [ -122.408669, 47.631443 ], [ -122.40602, 47.629946 ], [ -122.398949, 47.628088 ], [ -122.398645, 47.628009 ], [ -122.393662, 47.626691 ], [ -122.389747, 47.625656 ], [ -122.387728, 47.625312 ], [ -122.379856, 47.62397 ], [ -122.376287, 47.622102 ], [ -122.375529, 47.621706 ], [ -122.374208, 47.621015 ], [ -122.369903, 47.618764 ], [ -122.369576, 47.618593 ], [ -122.36229, 47.614782 ], [ -122.36161, 47.614426 ], [ -122.359551, 47.613349 ], [ -122.358229, 47.612657 ], [ -122.354527, 47.61072 ], [ -122.351354, 47.609061 ], [ -122.351255, 47.60901 ], [ -122.349876, 47.607625 ], [ -122.348742, 47.606486 ], [ -122.345442, 47.603174 ], [ -122.344737, 47.60232 ], [ -122.344837, 47.59922 ], [ -122.346513, 47.59567 ], [ -122.349837, 47.593914 ], [ -122.360105, 47.591537 ], [ -122.364466, 47.590528 ], [ -122.372415, 47.588688 ], [ -122.374004, 47.589996 ], [ -122.375673, 47.591369 ], [ -122.377916, 47.594659 ], [ -122.37979, 47.597523 ], [ -122.383912, 47.599376 ], [ -122.387784, 47.600639 ], [ -122.38994, 47.599389 ], [ -122.393779, 47.596765 ], [ -122.396221, 47.593885 ], [ -122.396777, 47.593228 ], [ -122.399949, 47.590775 ], [ -122.404608, 47.587174 ], [ -122.405217, 47.586873 ], [ -122.40681, 47.586086 ], [ -122.410833, 47.584103 ], [ -122.411922, 47.583759 ], [ -122.413102, 47.583387 ], [ -122.413278, 47.583331 ], [ -122.42139, 47.580768 ], [ -122.422566, 47.580397 ], [ -122.423194, 47.57984 ], [ -122.424937, 47.578291 ], [ -122.425436, 47.575764 ], [ -122.424189, 47.572649 ], [ -122.423903, 47.572517 ], [ -122.419008, 47.570266 ], [ -122.415951, 47.56886 ], [ -122.414266, 47.567533 ], [ -122.413704, 47.567091 ], [ -122.413454, 47.564396 ], [ -122.409757, 47.560272 ], [ -122.405966, 47.555469 ], [ -122.405262, 47.554081 ], [ -122.404614, 47.552804 ], [ -122.402846, 47.549321 ], [ -122.403401, 47.546488 ], [ -122.403719, 47.544856 ], [ -122.401731, 47.540087 ], [ -122.401238, 47.536941 ], [ -122.402149, 47.535963 ], [ -122.403359, 47.534667 ], [ -122.404919, 47.532249 ], [ -122.405479, 47.531382 ], [ -122.404729, 47.528266 ], [ -122.404315, 47.527915 ], [ -122.400365, 47.524561 ], [ -122.402417, 47.522008 ], [ -122.402735, 47.519339 ], [ -122.403607, 47.516222 ], [ -122.401331, 47.513941 ], [ -122.399833, 47.512442 ], [ -122.399741, 47.512349 ], [ -122.395502, 47.50637 ], [ -122.39409, 47.504692 ], [ -122.389268, 47.498959 ], [ -122.380283, 47.4933 ], [ -122.380128, 47.493203 ], [ -122.38181, 47.491912 ], [ -122.399237, 47.48522 ], [ -122.407658, 47.48215 ], [ -122.409315, 47.485945 ], [ -122.409341, 47.485999 ], [ -122.409371, 47.486053 ], [ -122.415446, 47.497105 ], [ -122.416946, 47.499846 ], [ -122.418072, 47.501568 ], [ -122.420793, 47.505046 ], [ -122.423326, 47.508282 ], [ -122.42629, 47.512069 ], [ -122.430797, 47.516605 ], [ -122.436093, 47.521938 ], [ -122.436484, 47.522337 ], [ -122.439282, 47.525625 ], [ -122.441558, 47.529092 ], [ -122.442968, 47.532037 ], [ -122.443244, 47.53264 ], [ -122.443323, 47.532812 ], [ -122.444449, 47.536414 ], [ -122.444576, 47.537238 ], [ -122.444884, 47.539229 ], [ -122.445032, 47.540187 ], [ -122.445031, 47.541851 ], [ -122.445031, 47.54253 ], [ -122.444867, 47.542661 ], [ -122.444636, 47.543295 ], [ -122.444778, 47.544416 ], [ -122.444372, 47.54783 ] ] ] } },
{ "type": "Feature", "properties": { "GEOID": "530330111021", "population": 1367, "pop_in_seattle": 1367.0000000000007, "area_in_seattle": 1790371.4362563828 }, "geometry": { "type": "Polygon", "coordinates": [ [ [ -122.267282, 47.535961 ], [ -122.267274, 47.536975 ], [ -122.267266, 47.537926 ], [ -122.267263, 47.53827 ], [ -122.267254, 47.538562 ], [ -122.267211, 47.538896 ], [ -122.267089, 47.539325 ], [ -122.266861, 47.539799 ], [ -122.266729, 47.539999 ], [ -122.266566, 47.540191 ], [ -122.266031, 47.540683 ], [ -122.267168, 47.540688 ], [ -122.267163, 47.541583 ], [ -122.267159, 47.542479 ], [ -122.267147, 47.544272 ], [ -122.267134, 47.546063 ], [ -122.266243, 47.546061 ], [ -122.264937, 47.546057 ], [ -122.264354, 47.546055 ], [ -122.263729, 47.546053 ], [ -122.264085, 47.544538 ], [ -122.263956, 47.544555 ], [ -122.263823, 47.544632 ], [ -122.262811, 47.545686 ], [ -122.261789, 47.546541 ], [ -122.261798, 47.544936 ], [ -122.260543, 47.544932 ], [ -122.260162, 47.544931 ], [ -122.259249, 47.544927 ], [ -122.258219, 47.544922 ], [ -122.257421, 47.544918 ], [ -122.254951, 47.545663 ], [ -122.243386, 47.547974 ], [ -122.244928, 47.546122 ], [ -122.245003, 47.546051 ], [ -122.246748, 47.544389 ], [ -122.248826, 47.542795 ], [ -122.251073, 47.541396 ], [ -122.251215, 47.541298 ], [ -122.252158, 47.540468 ], [ -122.253022, 47.539516 ], [ -122.253717, 47.538534 ], [ -122.253734, 47.538509 ], [ -122.254234, 47.537556 ], [ -122.254287, 47.537457 ], [ -122.254675, 47.536371 ], [ -122.254892, 47.535264 ], [ -122.254938, 47.534147 ], [ -122.254914, 47.53377 ], [ -122.254699, 47.532185 ], [ -122.262318, 47.531727 ], [ -122.263134, 47.531721 ], [ -122.263931, 47.53166 ], [ -122.264353, 47.531643 ], [ -122.264642, 47.531642 ], [ -122.266253, 47.531672 ], [ -122.266403, 47.531669 ], [ -122.266657, 47.532696 ], [ -122.266852, 47.53348 ], [ -122.266967, 47.533943 ], [ -122.267029, 47.534191 ], [ -122.267122, 47.534567 ], [ -122.267287, 47.535232 ], [ -122.267287, 47.535338 ], [ -122.267282, 47.535961 ] ] ] } },
{ "type": "Feature", "properties": { "GEOID": "530330022003", "population": 1597, "pop_in_seattle": 1596.9999999999989, "area_in_seattle": 1789584.5417670708 }, "geometry": { "type": "Polygon", "coordinates": [ [ [ -122.290678, 47.691648 ], [ -122.29066, 47.692372 ], [ -122.290546, 47.692371 ], [ -122.28798, 47.692363 ], [ -122.28532, 47.692348 ], [ -122.282638, 47.692336 ], [ -122.282541, 47.692966 ], [ -122.282539, 47.693225 ], [ -122.282568, 47.693637 ], [ -122.282597, 47.693727 ], [ -122.282663, 47.6938 ], [ -122.282859, 47.693938 ], [ -122.28289, 47.694011 ], [ -122.282872, 47.694056 ], [ -122.282831, 47.694093 ], [ -122.282654, 47.69417 ], [ -122.282453, 47.694259 ], [ -122.282361, 47.694331 ], [ -122.28232, 47.694428 ], [ -122.282314, 47.694709 ], [ -122.282271, 47.694795 ], [ -122.2822, 47.694872 ], [ -122.282013, 47.695016 ], [ -122.281768, 47.695171 ], [ -122.281518, 47.695295 ], [ -122.281355, 47.69535 ], [ -122.280837, 47.695354 ], [ -122.280002, 47.695284 ], [ -122.28001, 47.696224 ], [ -122.280013, 47.696668 ], [ -122.280019, 47.697376 ], [ -122.278357, 47.697363 ], [ -122.278274, 47.697366 ], [ -122.277993, 47.697374 ], [ -122.277655, 47.6974 ], [ -122.277627, 47.697353 ], [ -122.277563, 47.697243 ], [ -122.277064, 47.696637 ], [ -122.276689, 47.696155 ], [ -122.276485, 47.695894 ], [ -122.27607, 47.695873 ], [ -122.275693, 47.695854 ], [ -122.275542, 47.69586 ], [ -122.275261, 47.695874 ], [ -122.275101, 47.695883 ], [ -122.274705, 47.695904 ], [ -122.273223, 47.695844 ], [ -122.271961, 47.695858 ], [ -122.271168, 47.695906 ], [ -122.271418, 47.697345 ], [ -122.258708, 47.697694 ], [ -122.255062, 47.696866 ], [ -122.25105, 47.693615 ], [ -122.246956, 47.691202 ], [ -122.243423, 47.689524 ], [ -122.249222, 47.69022 ], [ -122.265807, 47.690316 ], [ -122.266436, 47.69032 ], [ -122.267487, 47.690315 ], [ -122.267612, 47.690454 ], [ -122.26785, 47.690688 ], [ -122.268043, 47.690867 ], [ -122.268423, 47.691175 ], [ -122.268952, 47.691546 ], [ -122.270246, 47.692382 ], [ -122.27054, 47.692556 ], [ -122.270821, 47.692695 ], [ -122.270973, 47.692676 ], [ -122.271127, 47.69269 ], [ -122.271204, 47.692718 ], [ -122.271705, 47.692893 ], [ -122.271792, 47.692878 ], [ -122.271851, 47.692814 ], [ -122.271912, 47.692726 ], [ -122.271972, 47.692689 ], [ -122.272071, 47.69267 ], [ -122.272179, 47.692679 ], [ -122.272436, 47.692758 ], [ -122.272633, 47.692793 ], [ -122.272813, 47.692806 ], [ -122.273012, 47.692789 ], [ -122.27316, 47.692749 ], [ -122.273262, 47.692705 ], [ -122.273484, 47.692546 ], [ -122.273612, 47.692478 ], [ -122.273707, 47.692451 ], [ -122.273908, 47.692423 ], [ -122.274457, 47.692365 ], [ -122.275356, 47.692142 ], [ -122.275567, 47.692087 ], [ -122.276596, 47.69165 ], [ -122.276733, 47.691307 ], [ -122.277012, 47.690595 ], [ -122.27715, 47.690592 ], [ -122.277272, 47.690573 ], [ -122.277389, 47.690535 ], [ -122.277426, 47.690439 ], [ -122.277457, 47.690226 ], [ -122.277469, 47.690108 ], [ -122.27996, 47.690159 ], [ -122.281434, 47.690168 ], [ -122.281963, 47.690172 ], [ -122.28239, 47.690173 ], [ -122.282723, 47.690175 ], [ -122.283373, 47.690177 ], [ -122.284355, 47.69018 ], [ -122.285338, 47.690183 ], [ -122.286437, 47.690187 ], [ -122.287498, 47.69019 ], [ -122.288024, 47.690192 ], [ -122.289281, 47.690196 ], [ -122.290561, 47.690201 ], [ -122.290715, 47.690201 ], [ -122.290696, 47.690924 ], [ -122.290678, 47.691648 ] ] ] } },
{ "type": "Feature", "properties": { "GEOID": "530330025001", "population": 1589, "pop_in_seattle": 1588.9999999999995, "area_in_seattle": 621546.75290543423 }, "geometry": { "type": "Polygon", "coordinates": [ [ [ -122.305718, 47.690294 ], [ -122.304167, 47.690283 ], [ -122.301671, 47.690266 ], [ -122.30156, 47.689982 ], [ -122.301454, 47.689688 ], [ -122.301479, 47.689449 ], [ -122.297382, 47.689424 ], [ -122.297374, 47.69024 ], [ -122.296086, 47.690233 ], [ -122.296024, 47.690233 ], [ -122.296045, 47.688454 ], [ -122.295994, 47.686675 ], [ -122.29594, 47.68486 ], [ -122.295887, 47.683046 ], [ -122.297202, 47.683046 ], [ -122.298625, 47.683045 ], [ -122.299688, 47.683046 ], [ -122.300759, 47.683046 ], [ -122.301836, 47.683045 ], [ -122.302914, 47.683045 ], [ -122.303992, 47.683045 ], [ -122.305341, 47.683045 ], [ -122.306711, 47.683045 ], [ -122.306702, 47.683107 ], [ -122.306731, 47.684858 ], [ -122.306771, 47.686673 ], [ -122.306814, 47.688487 ], [ -122.306855, 47.690302 ], [ -122.305718, 47.690294 ] ] ] } },
{ "type": "Feature", "properties": { "GEOID": "530330039002", "population": 1190, "pop_in_seattle": 1189.9999999999995, "area_in_seattle": 404468.62389682984 }, "geometry": { "type": "Polygon", "coordinates": [ [ [ -122.2813, 47.679411 ], [ -122.280294, 47.679411 ], [ -122.279644, 47.679411 ], [ -122.279663, 47.680041 ], [ -122.27969, 47.68092 ], [ -122.279709, 47.681558 ], [ -122.27973, 47.682268 ], [ -122.279753, 47.683035 ], [ -122.278742, 47.683034 ], [ -122.277469, 47.683032 ], [ -122.276563, 47.683032 ], [ -122.275221, 47.683031 ], [ -122.274385, 47.68303 ], [ -122.274343, 47.681214 ], [ -122.274302, 47.679398 ], [ -122.274259, 47.677583 ], [ -122.274215, 47.675911 ], [ -122.274253, 47.675815 ], [ -122.274289, 47.675796 ], [ -122.274333, 47.675771 ], [ -122.275832, 47.675774 ], [ -122.276233, 47.675776 ], [ -122.27688, 47.675778 ], [ -122.277344, 47.675779 ], [ -122.277914, 47.675781 ], [ -122.278455, 47.675784 ], [ -122.278912, 47.675785 ], [ -122.279535, 47.675787 ], [ -122.280878, 47.675787 ], [ -122.28222, 47.675786 ], [ -122.282273, 47.677599 ], [ -122.282328, 47.679412 ], [ -122.2813, 47.679411 ] ] ] } },
{ "type": "Feature", "properties": { "GEOID": "530330039001", "population": 1851, "pop_in_seattle": 1851.0000000000005, "area_in_seattle": 568629.58297805337 }, "geometry": { "type": "Polygon", "coordinates": [ [ [ -122.289425, 47.683045 ], [ -122.288369, 47.683044 ], [ -122.287799, 47.683044 ], [ -122.286458, 47.683043 ], [ -122.286259, 47.683043 ], [ -122.285196, 47.683041 ], [ -122.285102, 47.683041 ], [ -122.284113, 47.68304 ], [ -122.283715, 47.68304 ], [ -122.283091, 47.683039 ], [ -122.282034, 47.683038 ], [ -122.280979, 47.683037 ], [ -122.279753, 47.683035 ], [ -122.27973, 47.682268 ], [ -122.279709, 47.681558 ], [ -122.27969, 47.68092 ], [ -122.279663, 47.680041 ], [ -122.279644, 47.679411 ], [ -122.280294, 47.679411 ], [ -122.2813, 47.679411 ], [ -122.282328, 47.679412 ], [ -122.282273, 47.677599 ], [ -122.28222, 47.675786 ], [ -122.283563, 47.675785 ], [ -122.284906, 47.675785 ], [ -122.285831, 47.675783 ], [ -122.285965, 47.675783 ], [ -122.286939, 47.675783 ], [ -122.287036, 47.675783 ], [ -122.287338, 47.675783 ], [ -122.287646, 47.675783 ], [ -122.288052, 47.675783 ], [ -122.288418, 47.675783 ], [ -122.288938, 47.675782 ], [ -122.289164, 47.675782 ], [ -122.289658, 47.675782 ], [ -122.290275, 47.675782 ], [ -122.290327, 47.677598 ], [ -122.290378, 47.679414 ], [ -122.290429, 47.68123 ], [ -122.29048, 47.683046 ], [ -122.289425, 47.683045 ] ] ] } },
{ "type": "Feature", "properties": { "GEOID": "530330050001", "population": 1754, "pop_in_seattle": 1753.9999999999998, "area_in_seattle": 390118.4237748023 }, "geometry": { "type": "Polygon", "coordinates": [ [ [ -122.347254, 47.663582 ], [ -122.347243, 47.663917 ], [ -122.34724, 47.664295 ], [ -122.347234, 47.664991 ], [ -122.346154, 47.664993 ], [ -122.346065, 47.665043 ], [ -122.344559, 47.665023 ], [ -122.343738, 47.665024 ], [ -122.342083, 47.665036 ], [ -122.340324, 47.665033 ], [ -122.339129, 47.665033 ], [ -122.338506, 47.665034 ], [ -122.337671, 47.665033 ], [ -122.336411, 47.665033 ], [ -122.336415, 47.664291 ], [ -122.336419, 47.663578 ], [ -122.336424, 47.662865 ], [ -122.336428, 47.662125 ], [ -122.336443, 47.661384 ], [ -122.336185, 47.661384 ], [ -122.336193, 47.66031 ], [ -122.33621, 47.65915 ], [ -122.337404, 47.659157 ], [ -122.338597, 47.659163 ], [ -122.339714, 47.659169 ], [ -122.340693, 47.659174 ], [ -122.340682, 47.659958 ], [ -122.340673, 47.660671 ], [ -122.340664, 47.661384 ], [ -122.342147, 47.661384 ], [ -122.343, 47.661383 ], [ -122.343775, 47.661793 ], [ -122.344348, 47.662065 ], [ -122.344461, 47.662109 ], [ -122.344578, 47.662123 ], [ -122.345632, 47.662136 ], [ -122.34609, 47.662126 ], [ -122.346355, 47.66216 ], [ -122.346556, 47.662174 ], [ -122.34727, 47.66218 ], [ -122.347268, 47.662869 ], [ -122.347254, 47.663582 ] ] ] } },
{ "type": "Feature", "properties": { "GEOID": "530330061002", "population": 1221, "pop_in_seattle": 1220.9999999999991, "area_in_seattle": 616020.66258162993 }, "geometry": { "type": "Polygon", "coordinates": [ [ [ -122.322821, 47.641871 ], [ -122.322792, 47.642883 ], [ -122.322783, 47.643187 ], [ -122.322711, 47.645616 ], [ -122.322429, 47.645616 ], [ -122.322107, 47.645618 ], [ -122.321476, 47.645618 ], [ -122.320849, 47.645617 ], [ -122.319591, 47.645616 ], [ -122.318729, 47.645615 ], [ -122.318331, 47.645615 ], [ -122.317076, 47.645613 ], [ -122.316441, 47.64562 ], [ -122.315979, 47.64562 ], [ -122.313699, 47.645604 ], [ -122.314891, 47.646924 ], [ -122.313275, 47.647413 ], [ -122.313037, 47.64722 ], [ -122.312412, 47.647196 ], [ -122.312323, 47.647192 ], [ -122.310437, 47.64712 ], [ -122.310497, 47.646622 ], [ -122.310675, 47.645158 ], [ -122.310807, 47.644082 ], [ -122.310826, 47.643929 ], [ -122.310848, 47.643316 ], [ -122.310852, 47.643202 ], [ -122.310852, 47.64316 ], [ -122.31085, 47.643123 ], [ -122.310709, 47.641021 ], [ -122.310715, 47.640291 ], [ -122.310773, 47.63956 ], [ -122.311962, 47.639563 ], [ -122.312291, 47.639563 ], [ -122.312344, 47.639563 ], [ -122.313287, 47.639569 ], [ -122.313491, 47.639605 ], [ -122.313669, 47.639678 ], [ -122.313766, 47.639736 ], [ -122.313851, 47.63982 ], [ -122.314017, 47.640072 ], [ -122.314166, 47.640317 ], [ -122.314267, 47.640446 ], [ -122.314362, 47.640523 ], [ -122.314502, 47.640597 ], [ -122.31465, 47.640655 ], [ -122.31481, 47.640705 ], [ -122.314996, 47.640753 ], [ -122.315131, 47.640797 ], [ -122.315264, 47.640853 ], [ -122.315376, 47.640932 ], [ -122.315433, 47.641027 ], [ -122.31552, 47.641218 ], [ -122.315594, 47.641471 ], [ -122.315635, 47.641555 ], [ -122.315694, 47.641626 ], [ -122.315775, 47.641695 ], [ -122.31588, 47.641754 ], [ -122.316038, 47.641811 ], [ -122.316485, 47.641906 ], [ -122.316998, 47.642026 ], [ -122.31712, 47.642064 ], [ -122.317301, 47.642149 ], [ -122.31751, 47.642269 ], [ -122.317951, 47.64257 ], [ -122.317951, 47.641353 ], [ -122.317952, 47.640849 ], [ -122.316976, 47.640852 ], [ -122.316238, 47.640859 ], [ -122.316163, 47.640853 ], [ -122.316114, 47.640833 ], [ -122.316085, 47.64082 ], [ -122.316051, 47.640775 ], [ -122.316044, 47.640738 ], [ -122.316037, 47.639557 ], [ -122.316207, 47.639557 ], [ -122.316983, 47.639554 ], [ -122.317266, 47.639554 ], [ -122.317954, 47.639551 ], [ -122.31901, 47.639548 ], [ -122.320065, 47.639545 ], [ -122.321354, 47.639541 ], [ -122.322314, 47.639539 ], [ -122.322476, 47.639533 ], [ -122.322557, 47.639533 ], [ -122.322875, 47.639539 ], [ -122.322871, 47.639717 ], [ -122.322821, 47.641871 ] ] ] } },
{ "type": "Feature", "properties": { "GEOID": "530330063004", "population": 1367, "pop_in_seattle": 1367.0000000000016, "area_in_seattle": 2203983.1364968647 }, "geometry": { "type": "Polygon", "coordinates": [ [ [ -122.286839, 47.627367 ], [ -122.286828, 47.628574 ], [ -122.286815, 47.629828 ], [ -122.286503, 47.63004 ], [ -122.285465, 47.630745 ], [ -122.285402, 47.630787 ], [ -122.285121, 47.630978 ], [ -122.284788, 47.631203 ], [ -122.284081, 47.63168 ], [ -122.283347, 47.632172 ], [ -122.282686, 47.63262 ], [ -122.28158, 47.63337 ], [ -122.281296, 47.633563 ], [ -122.279861, 47.634527 ], [ -122.27958, 47.634724 ], [ -122.278474, 47.635471 ], [ -122.278044, 47.635761 ], [ -122.277122, 47.636385 ], [ -122.276272, 47.636899 ], [ -122.275605, 47.637254 ], [ -122.275452, 47.637251 ], [ -122.260051, 47.63699 ], [ -122.260675, 47.632007 ], [ -122.261003, 47.629387 ], [ -122.261091, 47.628694 ], [ -122.262212, 47.624885 ], [ -122.262234, 47.624812 ], [ -122.262238, 47.624776 ], [ -122.273794, 47.625547 ], [ -122.280229, 47.626243 ], [ -122.281009, 47.626328 ], [ -122.282548, 47.625485 ], [ -122.282586, 47.625369 ], [ -122.282624, 47.625259 ], [ -122.282632, 47.625234 ], [ -122.282912, 47.62497 ], [ -122.283043, 47.624892 ], [ -122.283101, 47.624853 ], [ -122.283037, 47.62503 ], [ -122.282938, 47.62518 ], [ -122.282897, 47.625292 ], [ -122.282856, 47.625436 ], [ -122.282851, 47.626158 ], [ -122.282729, 47.626206 ], [ -122.282259, 47.626457 ], [ -122.282371, 47.626532 ], [ -122.28291, 47.627238 ], [ -122.28401, 47.626841 ], [ -122.284042, 47.626817 ], [ -122.284155, 47.626625 ], [ -122.284378, 47.626275 ], [ -122.284438, 47.626172 ], [ -122.284476, 47.62613 ], [ -122.284908, 47.625658 ], [ -122.285526, 47.625001 ], [ -122.285574, 47.624949 ], [ -122.285634, 47.62484 ], [ -122.28567, 47.624263 ], [ -122.285556, 47.623573 ], [ -122.285517, 47.62349 ], [ -122.28546, 47.623418 ], [ -122.285363, 47.623341 ], [ -122.285117, 47.623192 ], [ -122.285002, 47.62313 ], [ -122.284678, 47.622769 ], [ -122.284629, 47.622691 ], [ -122.284622, 47.622654 ], [ -122.284631, 47.622611 ], [ -122.284698, 47.622509 ], [ -122.285516, 47.622513 ], [ -122.286583, 47.62314 ], [ -122.286505, 47.623198 ], [ -122.286457, 47.62325 ], [ -122.28645, 47.623338 ], [ -122.286521, 47.62347 ], [ -122.286548, 47.623527 ], [ -122.286549, 47.623905 ], [ -122.286744, 47.624228 ], [ -122.286816, 47.624392 ], [ -122.286811, 47.624519 ], [ -122.286875, 47.624982 ], [ -122.286857, 47.626161 ], [ -122.286839, 47.627367 ] ] ] } },
{ "type": "Feature", "properties": { "GEOID": "530330095002", "population": 1861, "pop_in_seattle": 1860.9999999999998, "area_in_seattle": 773397.44485705427 }, "geometry": { "type": "Polygon", "coordinates": [ [ [ -122.302691, 47.586917 ], [ -122.302644, 47.587057 ], [ -122.302621, 47.587204 ], [ -122.302596, 47.588373 ], [ -122.302585, 47.588623 ], [ -122.302541, 47.588829 ], [ -122.302274, 47.589558 ], [ -122.302264, 47.5896 ], [ -122.3022, 47.589868 ], [ -122.302177, 47.589964 ], [ -122.302164, 47.590057 ], [ -122.302149, 47.590209 ], [ -122.302143, 47.590294 ], [ -122.302143, 47.590319 ], [ -122.30214, 47.590423 ], [ -122.302138, 47.590548 ], [ -122.302154, 47.590738 ], [ -122.302181, 47.590896 ], [ -122.302209, 47.591004 ], [ -122.302296, 47.591336 ], [ -122.302502, 47.591891 ], [ -122.301293, 47.591893 ], [ -122.301294, 47.592089 ], [ -122.299057, 47.592065 ], [ -122.298473, 47.592039 ], [ -122.297631, 47.592027 ], [ -122.296061, 47.592003 ], [ -122.296065, 47.592178 ], [ -122.295471, 47.592172 ], [ -122.29443, 47.592158 ], [ -122.293411, 47.592139 ], [ -122.293425, 47.59124 ], [ -122.293445, 47.590574 ], [ -122.293447, 47.590488 ], [ -122.29345, 47.590394 ], [ -122.293452, 47.590332 ], [ -122.293465, 47.590082 ], [ -122.293472, 47.589949 ], [ -122.293473, 47.589842 ], [ -122.29349, 47.589611 ], [ -122.293502, 47.589515 ], [ -122.293536, 47.589442 ], [ -122.293579, 47.589347 ], [ -122.293593, 47.587989 ], [ -122.293601, 47.587417 ], [ -122.293643, 47.587357 ], [ -122.293738, 47.587298 ], [ -122.29378, 47.587245 ], [ -122.293801, 47.587175 ], [ -122.293789, 47.586879 ], [ -122.294262, 47.586879 ], [ -122.294257, 47.586311 ], [ -122.294036, 47.58631 ], [ -122.294043, 47.585461 ], [ -122.294052, 47.585165 ], [ -122.294058, 47.584473 ], [ -122.29408, 47.583624 ], [ -122.294112, 47.58291 ], [ -122.294154, 47.580963 ], [ -122.294325, 47.580972 ], [ -122.294674, 47.580983 ], [ -122.295141, 47.58099 ], [ -122.296309, 47.581006 ], [ -122.296348, 47.581015 ], [ -122.296408, 47.581061 ], [ -122.296441, 47.581114 ], [ -122.297464, 47.582025 ], [ -122.297152, 47.58153 ], [ -122.296992, 47.581265 ], [ -122.297712, 47.581018 ], [ -122.297928, 47.580979 ], [ -122.299078, 47.580986 ], [ -122.300169, 47.580993 ], [ -122.300194, 47.581026 ], [ -122.300358, 47.58124 ], [ -122.30152, 47.582761 ], [ -122.301812, 47.583143 ], [ -122.302201, 47.583655 ], [ -122.302912, 47.584499 ], [ -122.302934, 47.585494 ], [ -122.302926, 47.586324 ], [ -122.302691, 47.586917 ] ] ] } },
{ "type": "Feature", "properties": { "GEOID": "530330102002", "population": 1079, "pop_in_seattle": 1078.9999999999993, "area_in_seattle": 3370115.7218019767 }, "geometry": { "type": "Polygon", "coordinates": [ [ [ -122.269897, 47.547753 ], [ -122.2699, 47.548462 ], [ -122.269903, 47.548876 ], [ -122.269904, 47.549103 ], [ -122.269907, 47.549713 ], [ -122.267261, 47.549708 ], [ -122.267266, 47.550377 ], [ -122.267271, 47.551125 ], [ -122.267273, 47.551874 ], [ -122.267274, 47.552394 ], [ -122.266697, 47.551872 ], [ -122.265866, 47.551119 ], [ -122.264686, 47.551113 ], [ -122.262175, 47.551102 ], [ -122.260525, 47.551094 ], [ -122.259766, 47.551082 ], [ -122.259345, 47.551048 ], [ -122.259434, 47.551421 ], [ -122.259339, 47.553341 ], [ -122.258852, 47.553341 ], [ -122.258297, 47.553958 ], [ -122.259953, 47.557131 ], [ -122.260376, 47.557942 ], [ -122.260629, 47.558278 ], [ -122.262361, 47.560577 ], [ -122.256061, 47.562616 ], [ -122.253221, 47.563536 ], [ -122.25267, 47.563715 ], [ -122.24578, 47.569033 ], [ -122.244154, 47.567405 ], [ -122.242788, 47.565671 ], [ -122.242219, 47.564721 ], [ -122.241698, 47.563849 ], [ -122.240895, 47.561961 ], [ -122.240388, 47.560026 ], [ -122.240183, 47.558065 ], [ -122.240282, 47.556101 ], [ -122.240575, 47.554038 ], [ -122.241197, 47.551954 ], [ -122.242137, 47.549925 ], [ -122.242482, 47.549384 ], [ -122.243386, 47.547974 ], [ -122.254951, 47.545663 ], [ -122.257421, 47.544918 ], [ -122.258219, 47.544922 ], [ -122.259249, 47.544927 ], [ -122.260162, 47.544931 ], [ -122.260543, 47.544932 ], [ -122.261798, 47.544936 ], [ -122.261789, 47.546541 ], [ -122.262811, 47.545686 ], [ -122.263823, 47.544632 ], [ -122.263956, 47.544555 ], [ -122.264085, 47.544538 ], [ -122.263729, 47.546053 ], [ -122.264354, 47.546055 ], [ -122.264937, 47.546057 ], [ -122.266243, 47.546061 ], [ -122.267134, 47.546063 ], [ -122.268576, 47.546067 ], [ -122.269887, 47.546071 ], [ -122.271532, 47.546058 ], [ -122.272645, 47.54605 ], [ -122.272645, 47.546964 ], [ -122.272646, 47.547732 ], [ -122.269897, 47.547753 ] ] ] } },
{ "type": "Feature", "properties": { "GEOID": "530330104023", "population": 990, "pop_in_seattle": 990.00000000000045, "area_in_seattle": 290929.88731559599 }, "geometry": { "type": "Polygon", "coordinates": [ [ [ -122.306228, 47.553376 ], [ -122.305119, 47.553349 ], [ -122.304061, 47.553324 ], [ -122.303993, 47.55381 ], [ -122.303988, 47.553844 ], [ -122.304115, 47.554222 ], [ -122.304303, 47.55482 ], [ -122.304417, 47.555018 ], [ -122.303938, 47.555179 ], [ -122.303349, 47.555265 ], [ -122.303045, 47.555299 ], [ -122.302916, 47.554928 ], [ -122.302577, 47.553739 ], [ -122.302227, 47.552589 ], [ -122.301742, 47.551013 ], [ -122.301452, 47.550052 ], [ -122.301034, 47.548655 ], [ -122.300772, 47.547783 ], [ -122.300334, 47.54637 ], [ -122.300494, 47.546374 ], [ -122.300653, 47.546379 ], [ -122.302341, 47.546424 ], [ -122.303492, 47.546451 ], [ -122.304469, 47.546474 ], [ -122.305015, 47.546487 ], [ -122.305787, 47.546505 ], [ -122.305946, 47.54652 ], [ -122.305926, 47.548339 ], [ -122.305103, 47.548306 ], [ -122.305092, 47.549553 ], [ -122.305088, 47.549726 ], [ -122.305119, 47.549812 ], [ -122.305114, 47.550143 ], [ -122.305113, 47.550465 ], [ -122.30512, 47.551105 ], [ -122.306255, 47.551134 ], [ -122.307369, 47.551139 ], [ -122.307337, 47.553404 ], [ -122.306228, 47.553376 ] ] ] } },
{ "type": "Feature", "properties": { "GEOID": "530330104012", "population": 1718, "pop_in_seattle": 1718.0000000000011, "area_in_seattle": 635493.36461838055 }, "geometry": { "type": "Polygon", "coordinates": [ [ [ -122.303676, 47.559734 ], [ -122.303114, 47.559833 ], [ -122.302512, 47.55998 ], [ -122.302464, 47.559996 ], [ -122.30208, 47.560118 ], [ -122.301062, 47.560481 ], [ -122.300714, 47.560421 ], [ -122.299409, 47.56039 ], [ -122.299352, 47.560374 ], [ -122.299321, 47.560354 ], [ -122.299304, 47.560323 ], [ -122.299298, 47.5603 ], [ -122.299292, 47.560278 ], [ -122.299324, 47.559815 ], [ -122.299341, 47.55977 ], [ -122.299273, 47.55976 ], [ -122.298178, 47.559729 ], [ -122.298059, 47.559725 ], [ -122.298004, 47.559694 ], [ -122.297995, 47.55966 ], [ -122.298003, 47.558488 ], [ -122.299175, 47.558518 ], [ -122.299192, 47.557308 ], [ -122.299209, 47.556095 ], [ -122.298031, 47.556065 ], [ -122.296853, 47.556036 ], [ -122.296861, 47.555426 ], [ -122.296881, 47.553589 ], [ -122.29543, 47.553553 ], [ -122.29412, 47.55352 ], [ -122.292677, 47.553484 ], [ -122.29156, 47.553456 ], [ -122.290462, 47.553451 ], [ -122.289397, 47.553447 ], [ -122.289253, 47.553446 ], [ -122.289119, 47.553446 ], [ -122.289029, 47.553446 ], [ -122.288691, 47.552708 ], [ -122.288619, 47.552566 ], [ -122.288586, 47.552501 ], [ -122.288317, 47.551973 ], [ -122.287941, 47.551232 ], [ -122.287765, 47.550857 ], [ -122.287704, 47.550725 ], [ -122.287378, 47.550018 ], [ -122.287282, 47.549808 ], [ -122.287502, 47.549803 ], [ -122.288116, 47.549788 ], [ -122.288185, 47.549783 ], [ -122.288852, 47.549788 ], [ -122.289707, 47.549794 ], [ -122.290402, 47.549799 ], [ -122.290549, 47.549799 ], [ -122.290825, 47.549801 ], [ -122.291422, 47.549802 ], [ -122.291557, 47.549795 ], [ -122.291558, 47.550953 ], [ -122.292146, 47.550905 ], [ -122.292288, 47.550893 ], [ -122.293458, 47.550798 ], [ -122.294153, 47.550817 ], [ -122.296883, 47.550888 ], [ -122.297216, 47.550896 ], [ -122.297529, 47.550905 ], [ -122.298256, 47.550923 ], [ -122.300574, 47.550983 ], [ -122.301742, 47.551013 ], [ -122.302227, 47.552589 ], [ -122.302577, 47.553739 ], [ -122.302916, 47.554928 ], [ -122.303045, 47.555299 ], [ -122.303237, 47.555957 ], [ -122.303323, 47.556232 ], [ -122.303707, 47.557456 ], [ -122.303895, 47.558033 ], [ -122.304388, 47.559636 ], [ -122.303676, 47.559734 ] ] ] } },
{ "type": "Feature", "properties": { "GEOID": "530330107022", "population": 1933, "pop_in_seattle": 1933.0, "area_in_seattle": 206167.4232234626 }, "geometry": { "type": "Polygon", "coordinates": [ [ [ -122.376387, 47.547412 ], [ -122.376371, 47.548321 ], [ -122.375021, 47.548314 ], [ -122.37369, 47.548307 ], [ -122.372083, 47.548299 ], [ -122.371198, 47.548291 ], [ -122.371077, 47.548291 ], [ -122.37082, 47.548269 ], [ -122.370564, 47.548227 ], [ -122.370317, 47.548167 ], [ -122.370085, 47.548089 ], [ -122.369926, 47.548028 ], [ -122.369624, 47.547876 ], [ -122.36917, 47.547471 ], [ -122.36915, 47.547456 ], [ -122.368933, 47.547005 ], [ -122.368617, 47.546034 ], [ -122.36829, 47.545022 ], [ -122.368259, 47.544861 ], [ -122.368227, 47.544713 ], [ -122.368157, 47.54455 ], [ -122.368126, 47.544443 ], [ -122.368109, 47.544349 ], [ -122.368097, 47.544121 ], [ -122.368238, 47.543955 ], [ -122.368418, 47.543776 ], [ -122.368593, 47.543683 ], [ -122.368878, 47.543577 ], [ -122.369615, 47.543333 ], [ -122.369786, 47.543239 ], [ -122.369878, 47.543217 ], [ -122.369973, 47.543185 ], [ -122.370072, 47.543155 ], [ -122.370262, 47.5431 ], [ -122.370349, 47.543071 ], [ -122.370538, 47.543003 ], [ -122.370648, 47.542964 ], [ -122.370677, 47.542953 ], [ -122.371031, 47.54358 ], [ -122.371243, 47.543956 ], [ -122.371355, 47.544115 ], [ -122.37137, 47.54413 ], [ -122.371379, 47.544139 ], [ -122.371503, 47.54426 ], [ -122.371785, 47.544442 ], [ -122.372141, 47.544579 ], [ -122.372536, 47.544651 ], [ -122.372459, 47.545034 ], [ -122.372464, 47.545121 ], [ -122.372496, 47.545182 ], [ -122.372792, 47.545512 ], [ -122.372835, 47.545669 ], [ -122.372813, 47.545764 ], [ -122.372736, 47.545873 ], [ -122.37245, 47.546058 ], [ -122.372643, 47.546177 ], [ -122.37298, 47.546312 ], [ -122.373115, 47.546343 ], [ -122.373228, 47.546369 ], [ -122.373723, 47.54643 ], [ -122.37428, 47.546494 ], [ -122.374341, 47.546501 ], [ -122.374339, 47.546589 ], [ -122.375051, 47.546582 ], [ -122.375216, 47.546584 ], [ -122.375379, 47.546567 ], [ -122.376282, 47.546415 ], [ -122.376405, 47.546392 ], [ -122.376402, 47.546502 ], [ -122.376387, 47.547412 ] ] ] } },
{ "type": "Feature", "properties": { "GEOID": "530330014004", "population": 1528, "pop_in_seattle": 1528.0000000000023, "area_in_seattle": 1148981.4262413774 }, "geometry": { "type": "Polygon", "coordinates": [ [ [ -122.383667, 47.71441 ], [ -122.379601, 47.713185 ], [ -122.378762, 47.712945 ], [ -122.378569, 47.71288 ], [ -122.378776, 47.712557 ], [ -122.378717, 47.712335 ], [ -122.378362, 47.712161 ], [ -122.377416, 47.711977 ], [ -122.375752, 47.711813 ], [ -122.373784, 47.711635 ], [ -122.372243, 47.711309 ], [ -122.371584, 47.711208 ], [ -122.3704, 47.711103 ], [ -122.369925, 47.711084 ], [ -122.36951, 47.711143 ], [ -122.368836, 47.711297 ], [ -122.368516, 47.711393 ], [ -122.368131, 47.711651 ], [ -122.367971, 47.711708 ], [ -122.367703, 47.711675 ], [ -122.367443, 47.71154 ], [ -122.366741, 47.711214 ], [ -122.366384, 47.711083 ], [ -122.366163, 47.711019 ], [ -122.366099, 47.71101 ], [ -122.366161, 47.708769 ], [ -122.366156, 47.708571 ], [ -122.366144, 47.70815 ], [ -122.366122, 47.707343 ], [ -122.366117, 47.707099 ], [ -122.366116, 47.70705 ], [ -122.366102, 47.706348 ], [ -122.366087, 47.705603 ], [ -122.366078, 47.705159 ], [ -122.367412, 47.705163 ], [ -122.367983, 47.705165 ], [ -122.368746, 47.705168 ], [ -122.368747, 47.703345 ], [ -122.368739, 47.70152 ], [ -122.368731, 47.700154 ], [ -122.368728, 47.699241 ], [ -122.368725, 47.698348 ], [ -122.369667, 47.69787 ], [ -122.370066, 47.697667 ], [ -122.371409, 47.696985 ], [ -122.372675, 47.696342 ], [ -122.37295, 47.696204 ], [ -122.374105, 47.695617 ], [ -122.374104, 47.696066 ], [ -122.374109, 47.697883 ], [ -122.374093, 47.701534 ], [ -122.374088, 47.703359 ], [ -122.374082, 47.705195 ], [ -122.374094, 47.707504 ], [ -122.374751, 47.707591 ], [ -122.374904, 47.707634 ], [ -122.375011, 47.707684 ], [ -122.375108, 47.707775 ], [ -122.375151, 47.707859 ], [ -122.37516, 47.707948 ], [ -122.375134, 47.708041 ], [ -122.375056, 47.708154 ], [ -122.374965, 47.708232 ], [ -122.374753, 47.708331 ], [ -122.374503, 47.708371 ], [ -122.373765, 47.708369 ], [ -122.373443, 47.708352 ], [ -122.373126, 47.708315 ], [ -122.372393, 47.708192 ], [ -122.372097, 47.708167 ], [ -122.371917, 47.708168 ], [ -122.371681, 47.70819 ], [ -122.371433, 47.708242 ], [ -122.371089, 47.708317 ], [ -122.371027, 47.708315 ], [ -122.370998, 47.708301 ], [ -122.370833, 47.708379 ], [ -122.370798, 47.708489 ], [ -122.36955, 47.708786 ], [ -122.371444, 47.708795 ], [ -122.376722, 47.708801 ], [ -122.376722, 47.70885 ], [ -122.380006, 47.708811 ], [ -122.38022, 47.708877 ], [ -122.380465, 47.708953 ], [ -122.380639, 47.708935 ], [ -122.381656, 47.708951 ], [ -122.382178, 47.709104 ], [ -122.383504, 47.709092 ], [ -122.389301, 47.709043 ], [ -122.384415, 47.711364 ], [ -122.383667, 47.71441 ] ] ] } },
{ "type": "Feature", "properties": { "GEOID": "530330016001", "population": 1461, "pop_in_seattle": 1461.0, "area_in_seattle": 1303890.0193243818 }, "geometry": { "type": "Polygon", "coordinates": [ [ [ -122.389301, 47.709043 ], [ -122.383504, 47.709092 ], [ -122.382178, 47.709104 ], [ -122.381656, 47.708951 ], [ -122.380639, 47.708935 ], [ -122.380465, 47.708953 ], [ -122.38022, 47.708877 ], [ -122.380006, 47.708811 ], [ -122.376722, 47.70885 ], [ -122.376722, 47.708801 ], [ -122.371444, 47.708795 ], [ -122.36955, 47.708786 ], [ -122.370798, 47.708489 ], [ -122.370833, 47.708379 ], [ -122.370998, 47.708301 ], [ -122.371027, 47.708315 ], [ -122.371089, 47.708317 ], [ -122.371433, 47.708242 ], [ -122.371681, 47.70819 ], [ -122.371917, 47.708168 ], [ -122.372097, 47.708167 ], [ -122.372393, 47.708192 ], [ -122.373126, 47.708315 ], [ -122.373443, 47.708352 ], [ -122.373765, 47.708369 ], [ -122.374503, 47.708371 ], [ -122.374753, 47.708331 ], [ -122.374965, 47.708232 ], [ -122.375056, 47.708154 ], [ -122.375134, 47.708041 ], [ -122.37516, 47.707948 ], [ -122.375151, 47.707859 ], [ -122.375108, 47.707775 ], [ -122.375011, 47.707684 ], [ -122.374904, 47.707634 ], [ -122.374751, 47.707591 ], [ -122.374094, 47.707504 ], [ -122.374082, 47.705195 ], [ -122.374088, 47.703359 ], [ -122.374093, 47.701534 ], [ -122.374109, 47.697883 ], [ -122.375448, 47.697885 ], [ -122.376794, 47.697889 ], [ -122.376787, 47.698983 ], [ -122.378513, 47.698982 ], [ -122.378507, 47.69972 ], [ -122.380787, 47.69972 ], [ -122.383033, 47.69972 ], [ -122.383029, 47.700446 ], [ -122.383071, 47.70071 ], [ -122.383178, 47.700884 ], [ -122.383527, 47.701079 ], [ -122.383767, 47.701153 ], [ -122.383789, 47.701167 ], [ -122.383991, 47.701184 ], [ -122.385292, 47.701172 ], [ -122.385291, 47.701324 ], [ -122.385291, 47.701544 ], [ -122.38529, 47.701586 ], [ -122.387493, 47.701597 ], [ -122.387557, 47.701545 ], [ -122.389434, 47.701545 ], [ -122.390049, 47.701545 ], [ -122.391995, 47.701608 ], [ -122.392081, 47.702092 ], [ -122.392827, 47.706293 ], [ -122.392176, 47.706564 ], [ -122.389301, 47.709043 ] ] ] } },
{ "type": "Feature", "properties": { "GEOID": "530330120002", "population": 1221, "pop_in_seattle": 1221.0000000000002, "area_in_seattle": 508333.68964979809 }, "geometry": { "type": "Polygon", "coordinates": [ [ [ -122.388531, 47.512102 ], [ -122.387252, 47.512091 ], [ -122.385864, 47.512082 ], [ -122.384477, 47.512073 ], [ -122.38309, 47.512064 ], [ -122.381699, 47.512027 ], [ -122.380628, 47.511996 ], [ -122.379505, 47.511989 ], [ -122.378914, 47.511985 ], [ -122.378383, 47.511982 ], [ -122.377309, 47.511965 ], [ -122.376198, 47.511964 ], [ -122.376123, 47.511913 ], [ -122.376019, 47.511856 ], [ -122.375025, 47.511853 ], [ -122.374772, 47.509985 ], [ -122.374641, 47.509988 ], [ -122.373676, 47.509988 ], [ -122.373326, 47.509984 ], [ -122.372614, 47.509992 ], [ -122.371581, 47.509995 ], [ -122.371675, 47.511265 ], [ -122.371709, 47.511732 ], [ -122.371669, 47.511807 ], [ -122.371586, 47.511874 ], [ -122.371574, 47.511879 ], [ -122.371512, 47.511904 ], [ -122.371235, 47.511935 ], [ -122.371129, 47.511955 ], [ -122.371047, 47.511987 ], [ -122.370984, 47.512047 ], [ -122.370888, 47.510038 ], [ -122.37086, 47.509458 ], [ -122.370877, 47.508199 ], [ -122.372117, 47.508189 ], [ -122.373407, 47.508193 ], [ -122.374693, 47.508188 ], [ -122.375935, 47.508187 ], [ -122.3815, 47.508236 ], [ -122.382905, 47.508249 ], [ -122.384291, 47.508262 ], [ -122.385678, 47.508273 ], [ -122.38706, 47.508285 ], [ -122.387792, 47.508291 ], [ -122.387825, 47.508668 ], [ -122.387947, 47.50952 ], [ -122.388024, 47.509805 ], [ -122.388166, 47.510083 ], [ -122.388418, 47.510397 ], [ -122.388572, 47.510538 ], [ -122.388745, 47.510669 ], [ -122.389672, 47.511276 ], [ -122.389911, 47.511451 ], [ -122.390144, 47.511675 ], [ -122.390491, 47.512118 ], [ -122.388531, 47.512102 ] ] ] } },
{ "type": "Feature", "properties": { "GEOID": "530330031005", "population": 1352, "pop_in_seattle": 1351.9999999999991, "area_in_seattle": 1411853.1803772035 }, "geometry": { "type": "Polygon", "coordinates": [ [ [ -122.409955, 47.689849 ], [ -122.410088, 47.694688 ], [ -122.409222, 47.69768 ], [ -122.40903, 47.697869 ], [ -122.403151, 47.697827 ], [ -122.40161, 47.697816 ], [ -122.401763, 47.697718 ], [ -122.401956, 47.697595 ], [ -122.401556, 47.696973 ], [ -122.401976, 47.696471 ], [ -122.402217, 47.696376 ], [ -122.402369, 47.696315 ], [ -122.402468, 47.696263 ], [ -122.402524, 47.69622 ], [ -122.402587, 47.696149 ], [ -122.402608, 47.696092 ], [ -122.402615, 47.696017 ], [ -122.402608, 47.69596 ], [ -122.402373, 47.695321 ], [ -122.401868, 47.694311 ], [ -122.401017, 47.693322 ], [ -122.400851, 47.692655 ], [ -122.400713, 47.692413 ], [ -122.40051, 47.692171 ], [ -122.400215, 47.691865 ], [ -122.400103, 47.691703 ], [ -122.400025, 47.691533 ], [ -122.399729, 47.690702 ], [ -122.399687, 47.690542 ], [ -122.398329, 47.690571 ], [ -122.396977, 47.690567 ], [ -122.396857, 47.690567 ], [ -122.395928, 47.690569 ], [ -122.395754, 47.690569 ], [ -122.394785, 47.690569 ], [ -122.394404, 47.69057 ], [ -122.394208, 47.69057 ], [ -122.393042, 47.69057 ], [ -122.393035, 47.689748 ], [ -122.393042, 47.689 ], [ -122.39304, 47.688683 ], [ -122.393035, 47.687278 ], [ -122.393033, 47.68677 ], [ -122.394385, 47.686762 ], [ -122.394378, 47.684923 ], [ -122.394371, 47.683084 ], [ -122.395723, 47.683073 ], [ -122.396958, 47.683062 ], [ -122.398299, 47.683051 ], [ -122.398353, 47.683084 ], [ -122.398405, 47.683116 ], [ -122.399359, 47.68312 ], [ -122.400413, 47.683122 ], [ -122.400767, 47.682358 ], [ -122.401097, 47.681647 ], [ -122.401095, 47.681448 ], [ -122.401092, 47.680934 ], [ -122.40205, 47.680938 ], [ -122.40208, 47.680929 ], [ -122.402106, 47.680913 ], [ -122.402119, 47.680858 ], [ -122.402122, 47.680188 ], [ -122.402117, 47.679434 ], [ -122.402984, 47.679438 ], [ -122.404529, 47.679438 ], [ -122.405082, 47.679438 ], [ -122.404965, 47.67964 ], [ -122.404606, 47.68023 ], [ -122.404096, 47.681063 ], [ -122.403677, 47.681775 ], [ -122.403308, 47.682393 ], [ -122.403233, 47.682558 ], [ -122.403192, 47.682634 ], [ -122.403049, 47.683016 ], [ -122.402984, 47.68325 ], [ -122.40295, 47.683371 ], [ -122.402877, 47.68377 ], [ -122.402808, 47.684921 ], [ -122.402748, 47.685872 ], [ -122.402684, 47.686727 ], [ -122.405441, 47.686719 ], [ -122.4111, 47.686719 ], [ -122.41069, 47.688443 ], [ -122.409955, 47.689849 ] ] ] } },
{ "type": "Feature", "properties": { "GEOID": "530330015002", "population": 1389, "pop_in_seattle": 1389.0, "area_in_seattle": 1171365.8702684059 }, "geometry": { "type": "Polygon", "coordinates": [ [ [ -122.405446, 47.701427 ], [ -122.398596, 47.703899 ], [ -122.392827, 47.706293 ], [ -122.392081, 47.702092 ], [ -122.391995, 47.701608 ], [ -122.390049, 47.701545 ], [ -122.390789, 47.701076 ], [ -122.391078, 47.701283 ], [ -122.392317, 47.700842 ], [ -122.393495, 47.700298 ], [ -122.394099, 47.700082 ], [ -122.395396, 47.699619 ], [ -122.395651, 47.699556 ], [ -122.395918, 47.699394 ], [ -122.395992, 47.699291 ], [ -122.396028, 47.699149 ], [ -122.396048, 47.698883 ], [ -122.395005, 47.698285 ], [ -122.393663, 47.698285 ], [ -122.393579, 47.69827 ], [ -122.393563, 47.698185 ], [ -122.393503, 47.698063 ], [ -122.393313, 47.697874 ], [ -122.393123, 47.697693 ], [ -122.393002, 47.697513 ], [ -122.392954, 47.697417 ], [ -122.392909, 47.697252 ], [ -122.392902, 47.696779 ], [ -122.392908, 47.696027 ], [ -122.392915, 47.695318 ], [ -122.39292, 47.694676 ], [ -122.392921, 47.694607 ], [ -122.392924, 47.694222 ], [ -122.392943, 47.69204 ], [ -122.392971, 47.691305 ], [ -122.392991, 47.69057 ], [ -122.393042, 47.69057 ], [ -122.394208, 47.69057 ], [ -122.394404, 47.69057 ], [ -122.394785, 47.690569 ], [ -122.395754, 47.690569 ], [ -122.395928, 47.690569 ], [ -122.396857, 47.690567 ], [ -122.396977, 47.690567 ], [ -122.398329, 47.690571 ], [ -122.399687, 47.690542 ], [ -122.399729, 47.690702 ], [ -122.400025, 47.691533 ], [ -122.400103, 47.691703 ], [ -122.400215, 47.691865 ], [ -122.40051, 47.692171 ], [ -122.400713, 47.692413 ], [ -122.400851, 47.692655 ], [ -122.401017, 47.693322 ], [ -122.401868, 47.694311 ], [ -122.402373, 47.695321 ], [ -122.402608, 47.69596 ], [ -122.402615, 47.696017 ], [ -122.402608, 47.696092 ], [ -122.402587, 47.696149 ], [ -122.402524, 47.69622 ], [ -122.402468, 47.696263 ], [ -122.402369, 47.696315 ], [ -122.402217, 47.696376 ], [ -122.401976, 47.696471 ], [ -122.401556, 47.696973 ], [ -122.401956, 47.697595 ], [ -122.401763, 47.697718 ], [ -122.40161, 47.697816 ], [ -122.403151, 47.697827 ], [ -122.40903, 47.697869 ], [ -122.407053, 47.699831 ], [ -122.405446, 47.701427 ] ] ] } },
{ "type": "Feature", "properties": { "GEOID": "530330043013", "population": 1319, "pop_in_seattle": 1318.9999999999998, "area_in_seattle": 373039.83472125191 }, "geometry": { "type": "Polygon", "coordinates": [ [ [ -122.30547, 47.675776 ], [ -122.305135, 47.675775 ], [ -122.30442, 47.675775 ], [ -122.303815, 47.675774 ], [ -122.302743, 47.675773 ], [ -122.302254, 47.675772 ], [ -122.301676, 47.675772 ], [ -122.300653, 47.675772 ], [ -122.300646, 47.673771 ], [ -122.300641, 47.672148 ], [ -122.30064, 47.67206 ], [ -122.300628, 47.669986 ], [ -122.30062, 47.668524 ], [ -122.301074, 47.668522 ], [ -122.301155, 47.668522 ], [ -122.3015, 47.668484 ], [ -122.301532, 47.668478 ], [ -122.301729, 47.66844 ], [ -122.303242, 47.66806 ], [ -122.303391, 47.668024 ], [ -122.303767, 47.66797 ], [ -122.304015, 47.667983 ], [ -122.304444, 47.667985 ], [ -122.304703, 47.667987 ], [ -122.30548, 47.667995 ], [ -122.306489, 47.668004 ], [ -122.306485, 47.668531 ], [ -122.306492, 47.669176 ], [ -122.306497, 47.669337 ], [ -122.306499, 47.670672 ], [ -122.3065, 47.670722 ], [ -122.306511, 47.67262 ], [ -122.306516, 47.673469 ], [ -122.306524, 47.674789 ], [ -122.30652, 47.675777 ], [ -122.30547, 47.675776 ] ] ] } },
{ "type": "Feature", "properties": { "GEOID": "530330056003", "population": 1434, "pop_in_seattle": 1433.9999999999998, "area_in_seattle": 2086857.4742845537 }, "geometry": { "type": "Polygon", "coordinates": [ [ [ -122.419625, 47.642179 ], [ -122.417178, 47.642457 ], [ -122.416205, 47.642634 ], [ -122.416244, 47.642807 ], [ -122.416233, 47.643383 ], [ -122.415597, 47.643784 ], [ -122.414983, 47.643971 ], [ -122.414983, 47.644276 ], [ -122.414968, 47.645094 ], [ -122.414743, 47.64514 ], [ -122.414616, 47.645134 ], [ -122.414495, 47.645105 ], [ -122.414251, 47.644981 ], [ -122.41413, 47.644952 ], [ -122.414041, 47.644949 ], [ -122.413811, 47.645016 ], [ -122.414044, 47.64524 ], [ -122.414103, 47.64532 ], [ -122.414197, 47.645519 ], [ -122.413917, 47.645564 ], [ -122.413756, 47.645589 ], [ -122.413142, 47.645687 ], [ -122.413024, 47.645521 ], [ -122.412869, 47.645369 ], [ -122.412328, 47.644979 ], [ -122.412005, 47.64498 ], [ -122.410953, 47.644983 ], [ -122.409625, 47.644986 ], [ -122.409656, 47.643226 ], [ -122.40967, 47.642442 ], [ -122.409687, 47.64139 ], [ -122.409688, 47.64135 ], [ -122.409687, 47.641008 ], [ -122.409618, 47.640683 ], [ -122.409598, 47.640619 ], [ -122.409436, 47.640279 ], [ -122.409198, 47.639957 ], [ -122.408891, 47.639665 ], [ -122.408565, 47.639433 ], [ -122.407063, 47.638489 ], [ -122.406915, 47.638604 ], [ -122.406657, 47.638851 ], [ -122.406326, 47.63923 ], [ -122.406124, 47.63954 ], [ -122.406, 47.63954 ], [ -122.404928, 47.639542 ], [ -122.404351, 47.639543 ], [ -122.403686, 47.639546 ], [ -122.403, 47.639547 ], [ -122.402379, 47.639547 ], [ -122.401001, 47.639554 ], [ -122.400965, 47.639274 ], [ -122.400832, 47.63925 ], [ -122.400698, 47.639197 ], [ -122.400585, 47.639136 ], [ -122.400482, 47.639106 ], [ -122.400392, 47.639108 ], [ -122.400402, 47.638086 ], [ -122.40034, 47.63773 ], [ -122.400274, 47.637528 ], [ -122.400081, 47.637103 ], [ -122.400006, 47.636871 ], [ -122.399962, 47.636635 ], [ -122.399943, 47.635904 ], [ -122.399512, 47.635905 ], [ -122.398902, 47.635906 ], [ -122.398385, 47.635907 ], [ -122.397891, 47.635909 ], [ -122.397819, 47.634458 ], [ -122.397397, 47.633746 ], [ -122.397156, 47.633377 ], [ -122.397096, 47.633286 ], [ -122.396903, 47.633138 ], [ -122.396648, 47.633045 ], [ -122.395371, 47.632596 ], [ -122.394672, 47.632351 ], [ -122.394392, 47.632297 ], [ -122.394267, 47.632291 ], [ -122.39375, 47.632295 ], [ -122.393103, 47.632302 ], [ -122.391881, 47.632314 ], [ -122.39125, 47.632321 ], [ -122.391238, 47.631583 ], [ -122.39109, 47.631584 ], [ -122.390059, 47.631612 ], [ -122.389964, 47.631413 ], [ -122.389662, 47.631387 ], [ -122.389681, 47.631319 ], [ -122.389662, 47.631181 ], [ -122.389636, 47.630659 ], [ -122.389488, 47.627582 ], [ -122.389532, 47.627451 ], [ -122.389747, 47.626866 ], [ -122.389747, 47.625656 ], [ -122.393662, 47.626691 ], [ -122.398645, 47.628009 ], [ -122.398949, 47.628088 ], [ -122.40602, 47.629946 ], [ -122.408669, 47.631443 ], [ -122.410472, 47.632461 ], [ -122.416393, 47.635808 ], [ -122.417644, 47.636515 ], [ -122.41946, 47.638695 ], [ -122.419587, 47.638848 ], [ -122.420519, 47.639968 ], [ -122.42176, 47.641937 ], [ -122.419625, 47.642179 ] ] ] } },
{ "type": "Feature", "properties": { "GEOID": "530330057001", "population": 1346, "pop_in_seattle": 1346.0000000000002, "area_in_seattle": 5624163.5059025399 }, "geometry": { "type": "Polygon", "coordinates": [ [ [ -122.436979, 47.665971 ], [ -122.431234, 47.667356 ], [ -122.425243, 47.673274 ], [ -122.419548, 47.678899 ], [ -122.414259, 47.675691 ], [ -122.413501, 47.675231 ], [ -122.411088, 47.673767 ], [ -122.410436, 47.673372 ], [ -122.408385, 47.672128 ], [ -122.40804, 47.671919 ], [ -122.406673, 47.670744 ], [ -122.406716, 47.670366 ], [ -122.406027, 47.669032 ], [ -122.405716, 47.66858 ], [ -122.405335, 47.668026 ], [ -122.40435, 47.667172 ], [ -122.403623, 47.666714 ], [ -122.403514, 47.66666 ], [ -122.402065, 47.666473 ], [ -122.402046, 47.666072 ], [ -122.401996, 47.665812 ], [ -122.401975, 47.665766 ], [ -122.401905, 47.665544 ], [ -122.401805, 47.665335 ], [ -122.401662, 47.665072 ], [ -122.401456, 47.664814 ], [ -122.401025, 47.664371 ], [ -122.400746, 47.664153 ], [ -122.400467, 47.663997 ], [ -122.400037, 47.663763 ], [ -122.399476, 47.663543 ], [ -122.399573, 47.663245 ], [ -122.399229, 47.663052 ], [ -122.398932, 47.662889 ], [ -122.398568, 47.662688 ], [ -122.398518, 47.662663 ], [ -122.39844, 47.662648 ], [ -122.398381, 47.662627 ], [ -122.398333, 47.662602 ], [ -122.398317, 47.662548 ], [ -122.398299, 47.661341 ], [ -122.398296, 47.661304 ], [ -122.398291, 47.660993 ], [ -122.398274, 47.660926 ], [ -122.398217, 47.660809 ], [ -122.398243, 47.660383 ], [ -122.398271, 47.660311 ], [ -122.398343, 47.660219 ], [ -122.3984, 47.660156 ], [ -122.398516, 47.660101 ], [ -122.398598, 47.660069 ], [ -122.399511, 47.659958 ], [ -122.399807, 47.659922 ], [ -122.400069, 47.659874 ], [ -122.400188, 47.659839 ], [ -122.400245, 47.659817 ], [ -122.400329, 47.659784 ], [ -122.400548, 47.659648 ], [ -122.40089, 47.659306 ], [ -122.40104, 47.659168 ], [ -122.401216, 47.659058 ], [ -122.40237, 47.658553 ], [ -122.402612, 47.65848 ], [ -122.402865, 47.658423 ], [ -122.40358, 47.658334 ], [ -122.403586, 47.657673 ], [ -122.403569, 47.655856 ], [ -122.403577, 47.65407 ], [ -122.403706, 47.65408 ], [ -122.405105, 47.654079 ], [ -122.406807, 47.654084 ], [ -122.407879, 47.654087 ], [ -122.408951, 47.654089 ], [ -122.409986, 47.65409 ], [ -122.411022, 47.654093 ], [ -122.412118, 47.654095 ], [ -122.41301, 47.654097 ], [ -122.413246, 47.654098 ], [ -122.414713, 47.654103 ], [ -122.416172, 47.654107 ], [ -122.417738, 47.654114 ], [ -122.417801, 47.654107 ], [ -122.41785, 47.654078 ], [ -122.419684, 47.654148 ], [ -122.419673, 47.65146 ], [ -122.419827, 47.65141 ], [ -122.424389, 47.649903 ], [ -122.425431, 47.651053 ], [ -122.431581, 47.655178 ], [ -122.431917, 47.655384 ], [ -122.43873, 47.657886 ], [ -122.441231, 47.660834 ], [ -122.440106, 47.664202 ], [ -122.436979, 47.665971 ] ] ] } },
{ "type": "Feature", "properties": { "GEOID": "530330114013", "population": 1537, "pop_in_seattle": 1537.0000000000005, "area_in_seattle": 500221.22413658956 }, "geometry": { "type": "Polygon", "coordinates": [ [ [ -122.361094, 47.537952 ], [ -122.358982, 47.537782 ], [ -122.358838, 47.537763 ], [ -122.358613, 47.537706 ], [ -122.358503, 47.53766 ], [ -122.358357, 47.537592 ], [ -122.358237, 47.537528 ], [ -122.35814, 47.537443 ], [ -122.358041, 47.537328 ], [ -122.35787, 47.53702 ], [ -122.357702, 47.536667 ], [ -122.357636, 47.536425 ], [ -122.357611, 47.536253 ], [ -122.357593, 47.536038 ], [ -122.357593, 47.535633 ], [ -122.357583, 47.535494 ], [ -122.357576, 47.53539 ], [ -122.357556, 47.535257 ], [ -122.357514, 47.535144 ], [ -122.357448, 47.535049 ], [ -122.357325, 47.534913 ], [ -122.357149, 47.534784 ], [ -122.357028, 47.534724 ], [ -122.356809, 47.53464 ], [ -122.356668, 47.5346 ], [ -122.356488, 47.534559 ], [ -122.355028, 47.534556 ], [ -122.355035, 47.533679 ], [ -122.355047, 47.531866 ], [ -122.355056, 47.530075 ], [ -122.355065, 47.528285 ], [ -122.35507, 47.527446 ], [ -122.355075, 47.526514 ], [ -122.35508, 47.525618 ], [ -122.355085, 47.524704 ], [ -122.356431, 47.524701 ], [ -122.357778, 47.524698 ], [ -122.359124, 47.524695 ], [ -122.359116, 47.526489 ], [ -122.359109, 47.528283 ], [ -122.360462, 47.528282 ], [ -122.360454, 47.530069 ], [ -122.360445, 47.531872 ], [ -122.360426, 47.53369 ], [ -122.360475, 47.533944 ], [ -122.36055, 47.53415 ], [ -122.360834, 47.534781 ], [ -122.361138, 47.53551 ], [ -122.361336, 47.536119 ], [ -122.361094, 47.537952 ] ] ] } },
{ "type": "Feature", "properties": { "GEOID": "530330110011", "population": 1562, "pop_in_seattle": 1561.9999999999993, "area_in_seattle": 235884.29283853713 }, "geometry": { "type": "Polygon", "coordinates": [ [ [ -122.286864, 47.537297 ], [ -122.286912, 47.537147 ], [ -122.286909, 47.537024 ], [ -122.286871, 47.536905 ], [ -122.286802, 47.536804 ], [ -122.28677, 47.536768 ], [ -122.286633, 47.536647 ], [ -122.28645, 47.536556 ], [ -122.286237, 47.536499 ], [ -122.286063, 47.536453 ], [ -122.285203, 47.536214 ], [ -122.28508, 47.536186 ], [ -122.284951, 47.536177 ], [ -122.284634, 47.536181 ], [ -122.284254, 47.536181 ], [ -122.283387, 47.536181 ], [ -122.282408, 47.536183 ], [ -122.281972, 47.536194 ], [ -122.281577, 47.536193 ], [ -122.280976, 47.536204 ], [ -122.280656, 47.536131 ], [ -122.28064, 47.535402 ], [ -122.280344, 47.535256 ], [ -122.280327, 47.535209 ], [ -122.280022, 47.534614 ], [ -122.279714, 47.534174 ], [ -122.279532, 47.533963 ], [ -122.279264, 47.533693 ], [ -122.279006, 47.533468 ], [ -122.278911, 47.533376 ], [ -122.27882, 47.533255 ], [ -122.278738, 47.533046 ], [ -122.278586, 47.532508 ], [ -122.278491, 47.532184 ], [ -122.278305, 47.531541 ], [ -122.280563, 47.531531 ], [ -122.280689, 47.53153 ], [ -122.280808, 47.531531 ], [ -122.281541, 47.531534 ], [ -122.282486, 47.531538 ], [ -122.282754, 47.531539 ], [ -122.282854, 47.531529 ], [ -122.283038, 47.53152 ], [ -122.283192, 47.531527 ], [ -122.283647, 47.531532 ], [ -122.284482, 47.532701 ], [ -122.285506, 47.534168 ], [ -122.28623, 47.535198 ], [ -122.286332, 47.535342 ], [ -122.287933, 47.537663 ], [ -122.287376, 47.537473 ], [ -122.286864, 47.537297 ] ] ] } },
{ "type": "Feature", "properties": { "GEOID": "530330110022", "population": 1590, "pop_in_seattle": 1590.0000000000007, "area_in_seattle": 321607.10780642316 }, "geometry": { "type": "Polygon", "coordinates": [ [ [ -122.300653, 47.546379 ], [ -122.300494, 47.546374 ], [ -122.300334, 47.54637 ], [ -122.296889, 47.546279 ], [ -122.295822, 47.54625 ], [ -122.294754, 47.546222 ], [ -122.293908, 47.546198 ], [ -122.293635, 47.546191 ], [ -122.292596, 47.546163 ], [ -122.292585, 47.54539 ], [ -122.292576, 47.54467 ], [ -122.292581, 47.544434 ], [ -122.292589, 47.544393 ], [ -122.292643, 47.544379 ], [ -122.292796, 47.544315 ], [ -122.292775, 47.544287 ], [ -122.29277, 47.544245 ], [ -122.292777, 47.543607 ], [ -122.29279, 47.54265 ], [ -122.293654, 47.542649 ], [ -122.29476, 47.542647 ], [ -122.295534, 47.542651 ], [ -122.295833, 47.542652 ], [ -122.296879, 47.54265 ], [ -122.296898, 47.541688 ], [ -122.296891, 47.541071 ], [ -122.296878, 47.539971 ], [ -122.296886, 47.539653 ], [ -122.29698, 47.539558 ], [ -122.297194, 47.539408 ], [ -122.297425, 47.539562 ], [ -122.297967, 47.539944 ], [ -122.298165, 47.540122 ], [ -122.29821, 47.540165 ], [ -122.29846, 47.540411 ], [ -122.298638, 47.540629 ], [ -122.298836, 47.540906 ], [ -122.299042, 47.541245 ], [ -122.299137, 47.541453 ], [ -122.299245, 47.541755 ], [ -122.299336, 47.542071 ], [ -122.299501, 47.542629 ], [ -122.299584, 47.542909 ], [ -122.299799, 47.543604 ], [ -122.299894, 47.543588 ], [ -122.302289, 47.543586 ], [ -122.302276, 47.544277 ], [ -122.302279, 47.545356 ], [ -122.302314, 47.54633 ], [ -122.302341, 47.546424 ], [ -122.300653, 47.546379 ] ] ] } },
{ "type": "Feature", "properties": { "GEOID": "530330114011", "population": 1358, "pop_in_seattle": 1358.0000000000002, "area_in_seattle": 366423.22119978257 }, "geometry": { "type": "Polygon", "coordinates": [ [ [ -122.368552, 47.531817 ], [ -122.368526, 47.531885 ], [ -122.368494, 47.531947 ], [ -122.36849, 47.533711 ], [ -122.367478, 47.533706 ], [ -122.367365, 47.533706 ], [ -122.366984, 47.533706 ], [ -122.366833, 47.533706 ], [ -122.36637, 47.533704 ], [ -122.365818, 47.533701 ], [ -122.365293, 47.5337 ], [ -122.364157, 47.533697 ], [ -122.363188, 47.533696 ], [ -122.360426, 47.53369 ], [ -122.360445, 47.531872 ], [ -122.360454, 47.530069 ], [ -122.360462, 47.528282 ], [ -122.361811, 47.528281 ], [ -122.363161, 47.52828 ], [ -122.36451, 47.528279 ], [ -122.365839, 47.528279 ], [ -122.366018, 47.528279 ], [ -122.367206, 47.528279 ], [ -122.368553, 47.52828 ], [ -122.368546, 47.530084 ], [ -122.368552, 47.531817 ] ] ] } },
{ "type": "Feature", "properties": { "GEOID": "530330110012", "population": 1456, "pop_in_seattle": 1456.0000000000007, "area_in_seattle": 424043.85058507789 }, "geometry": { "type": "Polygon", "coordinates": [ [ [ -122.292643, 47.544379 ], [ -122.292589, 47.544393 ], [ -122.292581, 47.544434 ], [ -122.292576, 47.54467 ], [ -122.292585, 47.54539 ], [ -122.292596, 47.546163 ], [ -122.291553, 47.546134 ], [ -122.290353, 47.546117 ], [ -122.290264, 47.546116 ], [ -122.289058, 47.546099 ], [ -122.288897, 47.546097 ], [ -122.288733, 47.546095 ], [ -122.286617, 47.546065 ], [ -122.285724, 47.546052 ], [ -122.285554, 47.54605 ], [ -122.285432, 47.546048 ], [ -122.285102, 47.545326 ], [ -122.284971, 47.545062 ], [ -122.284851, 47.54481 ], [ -122.284764, 47.54463 ], [ -122.284584, 47.544257 ], [ -122.284416, 47.5439 ], [ -122.284043, 47.543192 ], [ -122.283692, 47.542452 ], [ -122.282828, 47.540674 ], [ -122.281836, 47.538885 ], [ -122.28094, 47.537047 ], [ -122.280656, 47.536131 ], [ -122.280976, 47.536204 ], [ -122.281577, 47.536193 ], [ -122.281972, 47.536194 ], [ -122.282408, 47.536183 ], [ -122.283387, 47.536181 ], [ -122.284254, 47.536181 ], [ -122.284634, 47.536181 ], [ -122.284659, 47.537033 ], [ -122.284714, 47.538787 ], [ -122.284705, 47.538843 ], [ -122.284686, 47.538867 ], [ -122.284865, 47.538916 ], [ -122.28607, 47.538913 ], [ -122.286135, 47.538982 ], [ -122.286147, 47.539666 ], [ -122.286241, 47.539862 ], [ -122.286258, 47.540617 ], [ -122.286289, 47.5425 ], [ -122.287188, 47.542496 ], [ -122.287301, 47.542497 ], [ -122.287404, 47.542498 ], [ -122.288646, 47.542504 ], [ -122.289025, 47.542506 ], [ -122.289207, 47.542495 ], [ -122.289275, 47.542492 ], [ -122.289893, 47.542487 ], [ -122.291358, 47.542527 ], [ -122.291503, 47.54253 ], [ -122.291868, 47.542541 ], [ -122.291912, 47.542581 ], [ -122.291963, 47.542605 ], [ -122.292066, 47.542639 ], [ -122.292158, 47.54265 ], [ -122.29279, 47.54265 ], [ -122.292777, 47.543607 ], [ -122.29277, 47.544245 ], [ -122.292775, 47.544287 ], [ -122.292796, 47.544315 ], [ -122.292643, 47.544379 ] ] ] } },
{ "type": "Feature", "properties": { "GEOID": "530330074062", "population": 1369, "pop_in_seattle": 1369.0, "area_in_seattle": 69938.057499987131 }, "geometry": { "type": "Polygon", "coordinates": [ [ [ -122.328898, 47.617311 ], [ -122.328799, 47.617811 ], [ -122.328707, 47.618467 ], [ -122.328657, 47.618823 ], [ -122.328637, 47.619064 ], [ -122.328634, 47.619434 ], [ -122.328635, 47.61957 ], [ -122.328613, 47.61957 ], [ -122.328457, 47.619574 ], [ -122.328324, 47.619573 ], [ -122.328176, 47.619576 ], [ -122.328034, 47.619577 ], [ -122.327856, 47.619579 ], [ -122.326677, 47.619584 ], [ -122.326574, 47.619617 ], [ -122.325416, 47.619619 ], [ -122.325295, 47.61962 ], [ -122.325292, 47.619219 ], [ -122.32529, 47.618894 ], [ -122.325632, 47.61849 ], [ -122.325659, 47.618458 ], [ -122.326255, 47.617735 ], [ -122.326795, 47.617087 ], [ -122.327882, 47.616632 ], [ -122.328255, 47.616495 ], [ -122.328543, 47.616389 ], [ -122.328848, 47.61626 ], [ -122.329036, 47.61618 ], [ -122.329243, 47.616092 ], [ -122.329094, 47.616619 ], [ -122.328898, 47.617311 ] ] ] } },
{ "type": "Feature", "properties": { "GEOID": "530330074032", "population": 1239, "pop_in_seattle": 1238.9999999999998, "area_in_seattle": 67130.701954217235 }, "geometry": { "type": "Polygon", "coordinates": [ [ [ -122.324026, 47.621988 ], [ -122.324032, 47.62314 ], [ -122.32306, 47.623135 ], [ -122.322009, 47.623131 ], [ -122.320926, 47.623127 ], [ -122.320908, 47.621986 ], [ -122.320893, 47.621074 ], [ -122.322175, 47.621065 ], [ -122.323093, 47.621058 ], [ -122.323273, 47.621056 ], [ -122.323371, 47.621038 ], [ -122.323454, 47.620998 ], [ -122.323563, 47.620905 ], [ -122.323682, 47.620854 ], [ -122.323792, 47.620837 ], [ -122.324019, 47.620835 ], [ -122.325301, 47.620832 ], [ -122.325308, 47.621984 ], [ -122.324026, 47.621988 ] ] ] } },
{ "type": "Feature", "properties": { "GEOID": "530330074031", "population": 1306, "pop_in_seattle": 1306.0000000000002, "area_in_seattle": 51339.984448130512 }, "geometry": { "type": "Polygon", "coordinates": [ [ [ -122.323585, 47.625116 ], [ -122.323028, 47.625116 ], [ -122.322386, 47.625116 ], [ -122.321978, 47.625116 ], [ -122.321332, 47.625115 ], [ -122.321028, 47.625111 ], [ -122.320895, 47.625047 ], [ -122.320934, 47.624983 ], [ -122.320944, 47.624267 ], [ -122.320926, 47.623127 ], [ -122.322009, 47.623131 ], [ -122.32306, 47.623135 ], [ -122.324032, 47.62314 ], [ -122.324039, 47.624291 ], [ -122.324043, 47.625116 ], [ -122.323585, 47.625116 ] ] ] } },
{ "type": "Feature", "properties": { "GEOID": "530330074051", "population": 1421, "pop_in_seattle": 1420.9999999999995, "area_in_seattle": 78332.098337964198 }, "geometry": { "type": "Polygon", "coordinates": [ [ [ -122.325073, 47.619095 ], [ -122.324848, 47.619261 ], [ -122.324534, 47.619446 ], [ -122.324259, 47.619573 ], [ -122.324013, 47.619664 ], [ -122.323736, 47.619747 ], [ -122.323473, 47.619807 ], [ -122.323074, 47.619867 ], [ -122.322765, 47.61989 ], [ -122.322208, 47.619896 ], [ -122.320875, 47.619906 ], [ -122.320856, 47.618738 ], [ -122.320838, 47.617569 ], [ -122.32217, 47.617561 ], [ -122.32215, 47.616392 ], [ -122.32344, 47.616392 ], [ -122.323448, 47.617553 ], [ -122.32345, 47.61775 ], [ -122.32346, 47.618534 ], [ -122.323597, 47.618498 ], [ -122.324011, 47.618507 ], [ -122.325286, 47.618494 ], [ -122.325632, 47.61849 ], [ -122.32529, 47.618894 ], [ -122.325073, 47.619095 ] ] ] } },
{ "type": "Feature", "properties": { "GEOID": "530330049022", "population": 1414, "pop_in_seattle": 1413.9999999999989, "area_in_seattle": 299833.30455841002 }, "geometry": { "type": "Polygon", "coordinates": [ [ [ -122.355533, 47.654152 ], [ -122.354467, 47.65415 ], [ -122.353402, 47.654147 ], [ -122.352598, 47.654141 ], [ -122.352349, 47.654139 ], [ -122.351282, 47.654141 ], [ -122.35014, 47.654139 ], [ -122.349912, 47.654132 ], [ -122.349914, 47.653853 ], [ -122.349922, 47.652728 ], [ -122.349936, 47.651347 ], [ -122.349264, 47.651246 ], [ -122.348601, 47.651146 ], [ -122.347973, 47.651051 ], [ -122.347372, 47.650961 ], [ -122.347314, 47.650952 ], [ -122.347248, 47.650942 ], [ -122.347246, 47.650329 ], [ -122.347245, 47.650129 ], [ -122.347243, 47.649629 ], [ -122.347242, 47.649189 ], [ -122.347242, 47.649041 ], [ -122.34724, 47.648551 ], [ -122.34724, 47.648444 ], [ -122.347233, 47.646796 ], [ -122.347365, 47.646849 ], [ -122.348405, 47.647267 ], [ -122.349748, 47.647814 ], [ -122.351388, 47.648551 ], [ -122.354463, 47.649932 ], [ -122.354517, 47.65019 ], [ -122.354485, 47.650467 ], [ -122.354481, 47.651409 ], [ -122.354477, 47.652244 ], [ -122.35555, 47.652486 ], [ -122.35555, 47.652559 ], [ -122.355533, 47.654152 ] ] ] } },
{ "type": "Feature", "properties": { "GEOID": "530330074061", "population": 1220, "pop_in_seattle": 1220.0000000000002, "area_in_seattle": 80780.382238001941 }, "geometry": { "type": "Polygon", "coordinates": [ [ [ -122.328605, 47.620812 ], [ -122.328442, 47.620815 ], [ -122.328368, 47.620816 ], [ -122.328141, 47.62082 ], [ -122.327862, 47.620825 ], [ -122.327164, 47.620827 ], [ -122.32658, 47.620829 ], [ -122.325301, 47.620832 ], [ -122.324019, 47.620835 ], [ -122.323792, 47.620837 ], [ -122.323682, 47.620854 ], [ -122.323563, 47.620905 ], [ -122.323454, 47.620998 ], [ -122.323371, 47.621038 ], [ -122.323273, 47.621056 ], [ -122.323093, 47.621058 ], [ -122.322175, 47.621065 ], [ -122.320893, 47.621074 ], [ -122.320875, 47.619906 ], [ -122.322208, 47.619896 ], [ -122.322765, 47.61989 ], [ -122.323074, 47.619867 ], [ -122.323473, 47.619807 ], [ -122.323736, 47.619747 ], [ -122.324013, 47.619664 ], [ -122.324259, 47.619573 ], [ -122.324534, 47.619446 ], [ -122.324848, 47.619261 ], [ -122.325073, 47.619095 ], [ -122.32529, 47.618894 ], [ -122.325292, 47.619219 ], [ -122.325295, 47.61962 ], [ -122.325416, 47.619619 ], [ -122.326574, 47.619617 ], [ -122.326677, 47.619584 ], [ -122.327856, 47.619579 ], [ -122.328034, 47.619577 ], [ -122.328176, 47.619576 ], [ -122.328324, 47.619573 ], [ -122.328457, 47.619574 ], [ -122.328613, 47.61957 ], [ -122.328635, 47.61957 ], [ -122.328646, 47.620303 ], [ -122.328605, 47.620812 ] ] ] } },
{ "type": "Feature", "properties": { "GEOID": "530330116012", "population": 1637, "pop_in_seattle": 1636.9999999999984, "area_in_seattle": 979765.38171488151 }, "geometry": { "type": "Polygon", "coordinates": [ [ [ -122.398181, 47.523762 ], [ -122.394438, 47.52562 ], [ -122.392763, 47.526333 ], [ -122.392758, 47.526782 ], [ -122.392736, 47.528571 ], [ -122.392514, 47.528322 ], [ -122.392292, 47.528003 ], [ -122.391665, 47.527219 ], [ -122.391592, 47.527141 ], [ -122.391434, 47.526881 ], [ -122.39132, 47.526734 ], [ -122.391117, 47.526493 ], [ -122.390976, 47.52631 ], [ -122.390551, 47.525784 ], [ -122.390203, 47.52529 ], [ -122.390173, 47.52517 ], [ -122.390164, 47.525023 ], [ -122.390175, 47.524834 ], [ -122.390184, 47.524162 ], [ -122.390191, 47.523504 ], [ -122.3902, 47.522833 ], [ -122.389058, 47.522818 ], [ -122.388344, 47.522518 ], [ -122.38807, 47.522463 ], [ -122.387467, 47.522392 ], [ -122.387083, 47.522419 ], [ -122.386918, 47.522452 ], [ -122.38672, 47.522469 ], [ -122.386653, 47.52247 ], [ -122.386442, 47.522454 ], [ -122.386347, 47.522437 ], [ -122.386263, 47.522415 ], [ -122.38613, 47.522365 ], [ -122.386011, 47.5223 ], [ -122.385402, 47.521856 ], [ -122.385233, 47.521754 ], [ -122.384892, 47.52158 ], [ -122.384144, 47.52121 ], [ -122.383932, 47.52112 ], [ -122.383732, 47.521065 ], [ -122.383521, 47.521033 ], [ -122.383197, 47.52103 ], [ -122.382646, 47.521109 ], [ -122.382123, 47.521107 ], [ -122.382004, 47.521106 ], [ -122.380781, 47.521096 ], [ -122.379749, 47.521089 ], [ -122.379442, 47.521087 ], [ -122.378103, 47.521077 ], [ -122.376764, 47.521068 ], [ -122.376791, 47.519269 ], [ -122.37688, 47.51768 ], [ -122.376887, 47.517486 ], [ -122.378188, 47.517487 ], [ -122.379526, 47.517482 ], [ -122.379531, 47.517348 ], [ -122.379448, 47.51655 ], [ -122.381962, 47.516554 ], [ -122.382115, 47.516555 ], [ -122.384075, 47.516558 ], [ -122.384793, 47.51656 ], [ -122.384851, 47.517327 ], [ -122.38487, 47.517379 ], [ -122.384925, 47.517431 ], [ -122.385017, 47.517462 ], [ -122.38515, 47.517465 ], [ -122.385641, 47.517462 ], [ -122.386184, 47.517459 ], [ -122.38747, 47.517457 ], [ -122.387814, 47.517461 ], [ -122.388233, 47.517455 ], [ -122.388484, 47.51747 ], [ -122.388968, 47.517517 ], [ -122.389278, 47.517454 ], [ -122.389654, 47.517546 ], [ -122.391166, 47.51755 ], [ -122.391736, 47.517534 ], [ -122.391976, 47.517522 ], [ -122.392159, 47.517522 ], [ -122.39248, 47.517522 ], [ -122.392667, 47.517537 ], [ -122.392697, 47.517549 ], [ -122.392896, 47.517567 ], [ -122.392891, 47.517712 ], [ -122.392888, 47.518832 ], [ -122.392871, 47.519443 ], [ -122.393084, 47.519457 ], [ -122.393775, 47.5196 ], [ -122.393982, 47.519685 ], [ -122.394153, 47.519674 ], [ -122.394329, 47.519707 ], [ -122.394443, 47.519739 ], [ -122.394505, 47.519778 ], [ -122.394584, 47.519839 ], [ -122.394652, 47.519902 ], [ -122.394748, 47.519976 ], [ -122.395049, 47.520115 ], [ -122.401991, 47.521907 ], [ -122.401279, 47.522225 ], [ -122.398181, 47.523762 ] ] ] } },
{ "type": "Feature", "properties": { "GEOID": "530330116011", "population": 1918, "pop_in_seattle": 1917.9999999999998, "area_in_seattle": 758312.67782170791 }, "geometry": { "type": "Polygon", "coordinates": [ [ [ -122.392699, 47.531559 ], [ -122.392693, 47.53204 ], [ -122.39269, 47.532319 ], [ -122.391631, 47.532316 ], [ -122.391581, 47.532326 ], [ -122.390525, 47.532293 ], [ -122.389626, 47.532285 ], [ -122.388912, 47.532276 ], [ -122.387859, 47.532295 ], [ -122.387434, 47.532306 ], [ -122.387355, 47.532292 ], [ -122.387363, 47.531529 ], [ -122.387371, 47.530781 ], [ -122.387377, 47.530319 ], [ -122.387388, 47.529286 ], [ -122.387396, 47.528538 ], [ -122.386029, 47.528505 ], [ -122.384702, 47.528474 ], [ -122.382883, 47.52843 ], [ -122.382022, 47.52841 ], [ -122.382025, 47.527686 ], [ -122.382029, 47.526962 ], [ -122.382016, 47.52643 ], [ -122.381977, 47.526302 ], [ -122.381901, 47.526168 ], [ -122.379337, 47.526135 ], [ -122.379339, 47.525411 ], [ -122.379341, 47.524687 ], [ -122.37939, 47.522886 ], [ -122.379442, 47.521087 ], [ -122.379749, 47.521089 ], [ -122.380781, 47.521096 ], [ -122.382004, 47.521106 ], [ -122.382123, 47.521107 ], [ -122.382646, 47.521109 ], [ -122.383197, 47.52103 ], [ -122.383521, 47.521033 ], [ -122.383732, 47.521065 ], [ -122.383932, 47.52112 ], [ -122.384144, 47.52121 ], [ -122.384892, 47.52158 ], [ -122.385233, 47.521754 ], [ -122.385402, 47.521856 ], [ -122.386011, 47.5223 ], [ -122.38613, 47.522365 ], [ -122.386263, 47.522415 ], [ -122.386347, 47.522437 ], [ -122.386442, 47.522454 ], [ -122.386653, 47.52247 ], [ -122.38672, 47.522469 ], [ -122.386918, 47.522452 ], [ -122.387083, 47.522419 ], [ -122.387467, 47.522392 ], [ -122.38807, 47.522463 ], [ -122.388344, 47.522518 ], [ -122.389058, 47.522818 ], [ -122.3902, 47.522833 ], [ -122.390191, 47.523504 ], [ -122.390184, 47.524162 ], [ -122.390175, 47.524834 ], [ -122.390164, 47.525023 ], [ -122.390173, 47.52517 ], [ -122.390203, 47.52529 ], [ -122.390551, 47.525784 ], [ -122.390976, 47.52631 ], [ -122.391117, 47.526493 ], [ -122.39132, 47.526734 ], [ -122.391434, 47.526881 ], [ -122.391592, 47.527141 ], [ -122.391665, 47.527219 ], [ -122.392292, 47.528003 ], [ -122.392514, 47.528322 ], [ -122.392736, 47.528571 ], [ -122.392721, 47.529752 ], [ -122.392699, 47.531559 ] ] ] } },
{ "type": "Feature", "properties": { "GEOID": "530330058032", "population": 1616, "pop_in_seattle": 1615.9999999999993, "area_in_seattle": 439432.63591733779 }, "geometry": { "type": "Polygon", "coordinates": [ [ [ -122.392999, 47.639563 ], [ -122.392994, 47.640006 ], [ -122.392981, 47.641157 ], [ -122.391651, 47.641158 ], [ -122.391634, 47.64231 ], [ -122.391617, 47.64346 ], [ -122.39027, 47.643462 ], [ -122.388939, 47.643464 ], [ -122.387627, 47.643464 ], [ -122.38764, 47.642921 ], [ -122.38595, 47.642924 ], [ -122.38592, 47.642926 ], [ -122.385904, 47.642939 ], [ -122.384575, 47.642926 ], [ -122.385154, 47.642153 ], [ -122.384607, 47.642154 ], [ -122.383289, 47.642154 ], [ -122.383283, 47.64201 ], [ -122.383635, 47.641926 ], [ -122.384024, 47.641883 ], [ -122.384179, 47.641843 ], [ -122.384342, 47.641776 ], [ -122.384439, 47.641712 ], [ -122.384511, 47.64164 ], [ -122.384855, 47.641106 ], [ -122.38486, 47.641035 ], [ -122.384793, 47.640904 ], [ -122.384724, 47.640842 ], [ -122.38448, 47.640752 ], [ -122.384422, 47.640705 ], [ -122.384403, 47.640645 ], [ -122.384437, 47.640534 ], [ -122.384538, 47.64043 ], [ -122.384704, 47.640395 ], [ -122.384784, 47.640324 ], [ -122.384822, 47.640128 ], [ -122.384904, 47.640016 ], [ -122.38518, 47.639786 ], [ -122.38533, 47.639586 ], [ -122.385382, 47.639418 ], [ -122.385447, 47.639163 ], [ -122.385448, 47.639065 ], [ -122.385408, 47.638862 ], [ -122.385459, 47.638681 ], [ -122.385464, 47.638492 ], [ -122.385428, 47.63841 ], [ -122.385379, 47.637127 ], [ -122.385399, 47.636919 ], [ -122.385453, 47.636758 ], [ -122.385496, 47.636687 ], [ -122.386213, 47.636099 ], [ -122.386396, 47.635948 ], [ -122.386789, 47.635953 ], [ -122.387492, 47.635286 ], [ -122.38805, 47.634772 ], [ -122.388125, 47.634703 ], [ -122.388627, 47.634236 ], [ -122.388643, 47.633949 ], [ -122.388644, 47.633928 ], [ -122.388674, 47.633258 ], [ -122.38876, 47.633224 ], [ -122.388923, 47.63314 ], [ -122.389105, 47.633019 ], [ -122.389317, 47.632858 ], [ -122.389504, 47.632732 ], [ -122.389833, 47.632541 ], [ -122.390006, 47.632471 ], [ -122.390347, 47.632382 ], [ -122.390624, 47.632339 ], [ -122.390845, 47.632327 ], [ -122.390464, 47.632612 ], [ -122.390373, 47.632695 ], [ -122.390322, 47.632767 ], [ -122.390247, 47.632963 ], [ -122.390219, 47.633379 ], [ -122.390205, 47.633649 ], [ -122.390227, 47.633798 ], [ -122.390259, 47.633905 ], [ -122.390287, 47.63411 ], [ -122.390274, 47.634265 ], [ -122.390244, 47.634409 ], [ -122.390224, 47.634448 ], [ -122.39018, 47.634538 ], [ -122.389882, 47.634991 ], [ -122.389725, 47.635301 ], [ -122.389711, 47.635428 ], [ -122.389664, 47.635911 ], [ -122.389894, 47.635919 ], [ -122.390395, 47.635923 ], [ -122.390363, 47.635958 ], [ -122.390356, 47.635982 ], [ -122.390363, 47.636267 ], [ -122.390366, 47.63698 ], [ -122.390369, 47.637693 ], [ -122.390371, 47.638407 ], [ -122.390374, 47.63912 ], [ -122.391679, 47.639117 ], [ -122.391728, 47.639117 ], [ -122.393007, 47.639114 ], [ -122.393, 47.639508 ], [ -122.392999, 47.639563 ] ] ] } },
{ "type": "Feature", "properties": { "GEOID": "530330005001", "population": 1737, "pop_in_seattle": 1736.9999999999993, "area_in_seattle": 2983697.5687486371 }, "geometry": { "type": "Polygon", "coordinates": [ [ [ -122.380705, 47.719754 ], [ -122.38074, 47.722194 ], [ -122.380182, 47.724178 ], [ -122.381198, 47.733798 ], [ -122.381268, 47.734302 ], [ -122.375049, 47.734164 ], [ -122.374886, 47.734164 ], [ -122.374681, 47.734163 ], [ -122.374618, 47.734163 ], [ -122.374476, 47.734165 ], [ -122.37432, 47.734163 ], [ -122.374302, 47.734163 ], [ -122.374241, 47.734163 ], [ -122.374196, 47.734163 ], [ -122.373467, 47.734161 ], [ -122.373354, 47.734161 ], [ -122.372448, 47.73416 ], [ -122.37216, 47.734159 ], [ -122.372085, 47.734159 ], [ -122.371754, 47.734158 ], [ -122.371669, 47.734158 ], [ -122.370363, 47.734156 ], [ -122.370249, 47.734156 ], [ -122.36903, 47.734154 ], [ -122.367154, 47.734144 ], [ -122.367055, 47.734144 ], [ -122.3663, 47.73414 ], [ -122.363917, 47.734136 ], [ -122.363853, 47.734136 ], [ -122.361959, 47.734145 ], [ -122.360931, 47.734139 ], [ -122.360933, 47.733217 ], [ -122.360934, 47.732326 ], [ -122.360938, 47.730514 ], [ -122.360945, 47.728721 ], [ -122.360942, 47.728247 ], [ -122.360944, 47.72734 ], [ -122.360948, 47.725075 ], [ -122.362297, 47.725081 ], [ -122.363646, 47.725087 ], [ -122.364997, 47.725093 ], [ -122.366345, 47.725099 ], [ -122.366356, 47.723287 ], [ -122.366367, 47.721478 ], [ -122.366377, 47.719667 ], [ -122.36634, 47.717847 ], [ -122.367675, 47.717853 ], [ -122.369589, 47.717863 ], [ -122.370346, 47.717868 ], [ -122.370286, 47.716124 ], [ -122.370223, 47.716033 ], [ -122.370712, 47.71603 ], [ -122.370715, 47.715766 ], [ -122.370716, 47.7157 ], [ -122.370909, 47.715433 ], [ -122.370889, 47.715217 ], [ -122.370371, 47.714674 ], [ -122.370331, 47.714671 ], [ -122.370096, 47.714632 ], [ -122.369626, 47.714553 ], [ -122.370203, 47.714083 ], [ -122.370416, 47.714045 ], [ -122.370289, 47.713846 ], [ -122.370047, 47.713512 ], [ -122.369902, 47.713649 ], [ -122.369592, 47.713945 ], [ -122.369397, 47.713927 ], [ -122.368487, 47.714077 ], [ -122.367712, 47.714307 ], [ -122.367415, 47.714412 ], [ -122.367078, 47.714433 ], [ -122.366657, 47.714325 ], [ -122.366412, 47.71425 ], [ -122.366266, 47.714203 ], [ -122.366255, 47.713575 ], [ -122.366398, 47.7136 ], [ -122.366808, 47.713638 ], [ -122.366875, 47.713631 ], [ -122.367065, 47.713614 ], [ -122.36818, 47.713052 ], [ -122.368127, 47.712974 ], [ -122.368231, 47.712946 ], [ -122.368394, 47.712864 ], [ -122.368541, 47.712733 ], [ -122.36855, 47.712716 ], [ -122.368614, 47.712605 ], [ -122.368635, 47.712496 ], [ -122.368623, 47.712387 ], [ -122.36858, 47.712282 ], [ -122.368506, 47.712186 ], [ -122.368375, 47.712083 ], [ -122.367703, 47.711675 ], [ -122.367971, 47.711708 ], [ -122.368131, 47.711651 ], [ -122.368516, 47.711393 ], [ -122.368836, 47.711297 ], [ -122.36951, 47.711143 ], [ -122.369925, 47.711084 ], [ -122.3704, 47.711103 ], [ -122.371584, 47.711208 ], [ -122.372243, 47.711309 ], [ -122.373784, 47.711635 ], [ -122.375752, 47.711813 ], [ -122.377416, 47.711977 ], [ -122.378362, 47.712161 ], [ -122.378717, 47.712335 ], [ -122.378776, 47.712557 ], [ -122.378569, 47.71288 ], [ -122.378762, 47.712945 ], [ -122.379601, 47.713185 ], [ -122.383667, 47.71441 ], [ -122.380683, 47.718188 ], [ -122.380705, 47.719754 ] ] ] } },
{ "type": "Feature", "properties": { "GEOID": "530330071021", "population": 1345, "pop_in_seattle": 1345.0000000000016, "area_in_seattle": 256231.74179155924 }, "geometry": { "type": "Polygon", "coordinates": [ [ [ -122.371091, 47.628656 ], [ -122.370988, 47.628575 ], [ -122.370361, 47.628072 ], [ -122.369657, 47.627536 ], [ -122.368402, 47.626633 ], [ -122.368058, 47.626613 ], [ -122.367403, 47.62639 ], [ -122.366669, 47.626068 ], [ -122.366247, 47.625907 ], [ -122.365375, 47.625577 ], [ -122.36494, 47.625412 ], [ -122.364741, 47.625328 ], [ -122.364566, 47.62523 ], [ -122.364544, 47.625214 ], [ -122.364442, 47.625141 ], [ -122.364296, 47.625023 ], [ -122.364215, 47.624957 ], [ -122.364038, 47.624793 ], [ -122.363946, 47.624719 ], [ -122.363874, 47.624676 ], [ -122.363807, 47.624648 ], [ -122.363653, 47.624613 ], [ -122.363242, 47.624606 ], [ -122.361936, 47.624601 ], [ -122.36063, 47.624597 ], [ -122.36064, 47.623288 ], [ -122.360648, 47.622121 ], [ -122.360657, 47.620954 ], [ -122.360614, 47.620954 ], [ -122.359351, 47.620949 ], [ -122.358046, 47.620945 ], [ -122.358054, 47.619778 ], [ -122.358061, 47.619021 ], [ -122.357434, 47.61865 ], [ -122.357363, 47.618608 ], [ -122.358479, 47.618615 ], [ -122.359324, 47.618585 ], [ -122.359569, 47.618784 ], [ -122.360543, 47.619568 ], [ -122.362762, 47.621221 ], [ -122.36389, 47.622114 ], [ -122.369247, 47.626073 ], [ -122.371976, 47.628125 ], [ -122.371792, 47.628231 ], [ -122.371091, 47.628656 ] ] ] } },
{ "type": "Feature", "properties": { "GEOID": "530330074052", "population": 1380, "pop_in_seattle": 1380.0, "area_in_seattle": 53403.660300502794 }, "geometry": { "type": "Polygon", "coordinates": [ [ [ -122.326255, 47.617735 ], [ -122.325659, 47.618458 ], [ -122.325632, 47.61849 ], [ -122.325286, 47.618494 ], [ -122.324011, 47.618507 ], [ -122.323597, 47.618498 ], [ -122.32346, 47.618534 ], [ -122.32345, 47.61775 ], [ -122.323448, 47.617553 ], [ -122.32344, 47.616392 ], [ -122.323439, 47.616342 ], [ -122.324489, 47.616346 ], [ -122.325545, 47.61634 ], [ -122.326187, 47.616336 ], [ -122.326789, 47.61634 ], [ -122.326795, 47.617087 ], [ -122.326255, 47.617735 ] ] ] } },
{ "type": "Feature", "properties": { "GEOID": "530330101013", "population": 1418, "pop_in_seattle": 1418.0000000000009, "area_in_seattle": 426024.36072371242 }, "geometry": { "type": "Polygon", "coordinates": [ [ [ -122.292475, 47.566184 ], [ -122.291571, 47.566174 ], [ -122.291605, 47.566276 ], [ -122.291623, 47.56646 ], [ -122.291614, 47.566667 ], [ -122.291616, 47.56686 ], [ -122.291632, 47.567021 ], [ -122.291634, 47.567172 ], [ -122.29161, 47.56731 ], [ -122.291607, 47.56743 ], [ -122.291619, 47.567699 ], [ -122.291637, 47.567762 ], [ -122.291667, 47.567826 ], [ -122.291713, 47.567886 ], [ -122.291761, 47.567936 ], [ -122.291811, 47.567968 ], [ -122.291838, 47.567985 ], [ -122.291909, 47.568019 ], [ -122.291935, 47.568023 ], [ -122.29202, 47.569356 ], [ -122.292022, 47.569379 ], [ -122.291554, 47.569383 ], [ -122.291098, 47.569386 ], [ -122.291072, 47.569455 ], [ -122.290967, 47.569597 ], [ -122.29091, 47.56966 ], [ -122.290849, 47.569708 ], [ -122.290701, 47.569769 ], [ -122.290526, 47.569641 ], [ -122.290349, 47.569462 ], [ -122.289246, 47.567946 ], [ -122.288978, 47.566974 ], [ -122.28875, 47.566144 ], [ -122.288616, 47.565657 ], [ -122.288237, 47.564273 ], [ -122.288188, 47.564093 ], [ -122.287032, 47.564103 ], [ -122.286058, 47.56411 ], [ -122.284961, 47.56412 ], [ -122.283883, 47.564129 ], [ -122.282806, 47.564139 ], [ -122.281728, 47.564146 ], [ -122.280843, 47.564149 ], [ -122.280752, 47.56411 ], [ -122.280731, 47.564105 ], [ -122.280725, 47.563193 ], [ -122.280728, 47.562881 ], [ -122.280726, 47.56266 ], [ -122.280726, 47.56197 ], [ -122.280725, 47.56172 ], [ -122.281398, 47.561478 ], [ -122.281538, 47.561417 ], [ -122.28161, 47.561367 ], [ -122.281663, 47.561306 ], [ -122.281673, 47.561269 ], [ -122.281683, 47.56123 ], [ -122.281689, 47.560846 ], [ -122.281714, 47.560803 ], [ -122.281759, 47.560764 ], [ -122.281819, 47.560743 ], [ -122.281925, 47.560746 ], [ -122.282117, 47.560735 ], [ -122.282313, 47.560734 ], [ -122.283841, 47.560746 ], [ -122.284037, 47.560727 ], [ -122.284314, 47.560714 ], [ -122.284504, 47.560712 ], [ -122.284748, 47.560724 ], [ -122.284909, 47.560724 ], [ -122.287005, 47.560717 ], [ -122.287692, 47.560719 ], [ -122.288234, 47.560721 ], [ -122.288823, 47.560723 ], [ -122.289925, 47.560717 ], [ -122.291016, 47.560762 ], [ -122.29101, 47.561408 ], [ -122.291007, 47.561557 ], [ -122.291, 47.561902 ], [ -122.290983, 47.562828 ], [ -122.291004, 47.562827 ], [ -122.291245, 47.562831 ], [ -122.291665, 47.564417 ], [ -122.292003, 47.564423 ], [ -122.292433, 47.564432 ], [ -122.292453, 47.564502 ], [ -122.292652, 47.565214 ], [ -122.292928, 47.566196 ], [ -122.292475, 47.566184 ] ] ] } },
{ "type": "Feature", "properties": { "GEOID": "530330004041", "population": 1565, "pop_in_seattle": 1564.9999999999995, "area_in_seattle": 186330.3834644884 }, "geometry": { "type": "Polygon", "coordinates": [ [ [ -122.35426, 47.734128 ], [ -122.35304, 47.734128 ], [ -122.351774, 47.734128 ], [ -122.350507, 47.734128 ], [ -122.347803, 47.734127 ], [ -122.3463, 47.734127 ], [ -122.345211, 47.734127 ], [ -122.345207, 47.733832 ], [ -122.34509, 47.733362 ], [ -122.345078, 47.732308 ], [ -122.345076, 47.732122 ], [ -122.34507, 47.731622 ], [ -122.345064, 47.731037 ], [ -122.347741, 47.731044 ], [ -122.347736, 47.732312 ], [ -122.350518, 47.732313 ], [ -122.351755, 47.732313 ], [ -122.353026, 47.732313 ], [ -122.354376, 47.732313 ], [ -122.355569, 47.732312 ], [ -122.35557, 47.733204 ], [ -122.355572, 47.734129 ], [ -122.35426, 47.734128 ] ] ] } },
{ "type": "Feature", "properties": { "GEOID": "530330067023", "population": 1037, "pop_in_seattle": 1037.0000000000002, "area_in_seattle": 118400.7673110133 }, "geometry": { "type": "Polygon", "coordinates": [ [ [ -122.346247, 47.627153 ], [ -122.346245, 47.627396 ], [ -122.34624, 47.628028 ], [ -122.346234, 47.628905 ], [ -122.346225, 47.629756 ], [ -122.344939, 47.629746 ], [ -122.343601, 47.629733 ], [ -122.343443, 47.629723 ], [ -122.343453, 47.628878 ], [ -122.343469, 47.628014 ], [ -122.343485, 47.627142 ], [ -122.343488, 47.627021 ], [ -122.34354, 47.626266 ], [ -122.343562, 47.62594 ], [ -122.343587, 47.625406 ], [ -122.343729, 47.625407 ], [ -122.344955, 47.625411 ], [ -122.346261, 47.625416 ], [ -122.347546, 47.625424 ], [ -122.347559, 47.62628 ], [ -122.347552, 47.627158 ], [ -122.346247, 47.627153 ] ] ] } },
{ "type": "Feature", "properties": { "GEOID": "530330049011", "population": 1266, "pop_in_seattle": 1266.0000000000002, "area_in_seattle": 196036.43013450751 }, "geometry": { "type": "Polygon", "coordinates": [ [ [ -122.355427, 47.662881 ], [ -122.355425, 47.663199 ], [ -122.355422, 47.663594 ], [ -122.355418, 47.664306 ], [ -122.355412, 47.665004 ], [ -122.354554, 47.664995 ], [ -122.354507, 47.665009 ], [ -122.35445, 47.665022 ], [ -122.354227, 47.66516 ], [ -122.354127, 47.665101 ], [ -122.35407, 47.665074 ], [ -122.353961, 47.665039 ], [ -122.352712, 47.665039 ], [ -122.351464, 47.66504 ], [ -122.350004, 47.665039 ], [ -122.349856, 47.664996 ], [ -122.348742, 47.664992 ], [ -122.348561, 47.664992 ], [ -122.34843, 47.664991 ], [ -122.347381, 47.664991 ], [ -122.347234, 47.664991 ], [ -122.34724, 47.664295 ], [ -122.347243, 47.663917 ], [ -122.347254, 47.663582 ], [ -122.347268, 47.662869 ], [ -122.34727, 47.66218 ], [ -122.347391, 47.662181 ], [ -122.348588, 47.662183 ], [ -122.349058, 47.662138 ], [ -122.349574, 47.662143 ], [ -122.350045, 47.662141 ], [ -122.351486, 47.662135 ], [ -122.352734, 47.662137 ], [ -122.353982, 47.662139 ], [ -122.355433, 47.662141 ], [ -122.355431, 47.662374 ], [ -122.355427, 47.662881 ] ] ] } },
{ "type": "Feature", "properties": { "GEOID": "530330004042", "population": 1135, "pop_in_seattle": 1134.9999999999998, "area_in_seattle": 315993.22065226873 }, "geometry": { "type": "Polygon", "coordinates": [ [ [ -122.354376, 47.732313 ], [ -122.353026, 47.732313 ], [ -122.351755, 47.732313 ], [ -122.350518, 47.732313 ], [ -122.347736, 47.732312 ], [ -122.347741, 47.731044 ], [ -122.345064, 47.731037 ], [ -122.345058, 47.73049 ], [ -122.345038, 47.728676 ], [ -122.3463, 47.728677 ], [ -122.347737, 47.728677 ], [ -122.347732, 47.728281 ], [ -122.347726, 47.727768 ], [ -122.348818, 47.727769 ], [ -122.348839, 47.727769 ], [ -122.349539, 47.727769 ], [ -122.35032, 47.727782 ], [ -122.350449, 47.727808 ], [ -122.350574, 47.727855 ], [ -122.350812, 47.72801 ], [ -122.351166, 47.72824 ], [ -122.35153, 47.728412 ], [ -122.351759, 47.728487 ], [ -122.351929, 47.728544 ], [ -122.352354, 47.728632 ], [ -122.352868, 47.728678 ], [ -122.355559, 47.728739 ], [ -122.355562, 47.729644 ], [ -122.355565, 47.730496 ], [ -122.355569, 47.732312 ], [ -122.354376, 47.732313 ] ] ] } },
{ "type": "Feature", "properties": { "GEOID": "530330049012", "population": 1475, "pop_in_seattle": 1475.0000000000002, "area_in_seattle": 159618.99014784113 }, "geometry": { "type": "Polygon", "coordinates": [ [ [ -122.355447, 47.660222 ], [ -122.355443, 47.661402 ], [ -122.355442, 47.661494 ], [ -122.355433, 47.662141 ], [ -122.353982, 47.662139 ], [ -122.352734, 47.662137 ], [ -122.351486, 47.662135 ], [ -122.351492, 47.661394 ], [ -122.351003, 47.661394 ], [ -122.35101, 47.660215 ], [ -122.351018, 47.658954 ], [ -122.351026, 47.657762 ], [ -122.351025, 47.657723 ], [ -122.351111, 47.657724 ], [ -122.352081, 47.657726 ], [ -122.352575, 47.657723 ], [ -122.35268, 47.657732 ], [ -122.352817, 47.657757 ], [ -122.35328, 47.657756 ], [ -122.353343, 47.657757 ], [ -122.354397, 47.65776 ], [ -122.354457, 47.65776 ], [ -122.35546, 47.657764 ], [ -122.355457, 47.658962 ], [ -122.355447, 47.660222 ] ] ] } },
{ "type": "Feature", "properties": { "GEOID": "530330004031", "population": 1542, "pop_in_seattle": 1542.0, "area_in_seattle": 406653.38532312354 }, "geometry": { "type": "Polygon", "coordinates": [ [ [ -122.360942, 47.728247 ], [ -122.360945, 47.728721 ], [ -122.360938, 47.730514 ], [ -122.360934, 47.732326 ], [ -122.360933, 47.733217 ], [ -122.360931, 47.734139 ], [ -122.359169, 47.734136 ], [ -122.355572, 47.734129 ], [ -122.35557, 47.733204 ], [ -122.355569, 47.732312 ], [ -122.355565, 47.730496 ], [ -122.355562, 47.729644 ], [ -122.355559, 47.728739 ], [ -122.355559, 47.728226 ], [ -122.355557, 47.727751 ], [ -122.355556, 47.727278 ], [ -122.355555, 47.726857 ], [ -122.355555, 47.726406 ], [ -122.355554, 47.726027 ], [ -122.355553, 47.725501 ], [ -122.355552, 47.725048 ], [ -122.357602, 47.725058 ], [ -122.35816, 47.725061 ], [ -122.35825, 47.725062 ], [ -122.359599, 47.725068 ], [ -122.360948, 47.725075 ], [ -122.360944, 47.72734 ], [ -122.360942, 47.728247 ] ] ] } },
{ "type": "Feature", "properties": { "GEOID": "530330079022", "population": 1324, "pop_in_seattle": 1324.0, "area_in_seattle": 152816.39749298635 }, "geometry": { "type": "Polygon", "coordinates": [ [ [ -122.306145, 47.617037 ], [ -122.306098, 47.617118 ], [ -122.306128, 47.617161 ], [ -122.306139, 47.617202 ], [ -122.306137, 47.617262 ], [ -122.304161, 47.618085 ], [ -122.303652, 47.618418 ], [ -122.302813, 47.618989 ], [ -122.302549, 47.619169 ], [ -122.302554, 47.618932 ], [ -122.302599, 47.617106 ], [ -122.302625, 47.616489 ], [ -122.302653, 47.615308 ], [ -122.30268, 47.614153 ], [ -122.302712, 47.61294 ], [ -122.303637, 47.612931 ], [ -122.304951, 47.612919 ], [ -122.306247, 47.612908 ], [ -122.306187, 47.615277 ], [ -122.306145, 47.617037 ] ] ] } },
{ "type": "Feature", "properties": { "GEOID": "530330079012", "population": 1431, "pop_in_seattle": 1431.0000000000007, "area_in_seattle": 162387.86793875936 }, "geometry": { "type": "Polygon", "coordinates": [ [ [ -122.312799, 47.612025 ], [ -122.312782, 47.61291 ], [ -122.312775, 47.614111 ], [ -122.312773, 47.614497 ], [ -122.311461, 47.615043 ], [ -122.311229, 47.615142 ], [ -122.310153, 47.615588 ], [ -122.308844, 47.616133 ], [ -122.308849, 47.615269 ], [ -122.308856, 47.614101 ], [ -122.308863, 47.6129 ], [ -122.308868, 47.611534 ], [ -122.308863, 47.61107 ], [ -122.308872, 47.610397 ], [ -122.308892, 47.610361 ], [ -122.310201, 47.610366 ], [ -122.311526, 47.610372 ], [ -122.312833, 47.610377 ], [ -122.312809, 47.611546 ], [ -122.312799, 47.612025 ] ] ] } },
{ "type": "Feature", "properties": { "GEOID": "530330071022", "population": 1316, "pop_in_seattle": 1315.9999999999998, "area_in_seattle": 79424.981928824302 }, "geometry": { "type": "Polygon", "coordinates": [ [ [ -122.36064, 47.623288 ], [ -122.36063, 47.624597 ], [ -122.359323, 47.62459 ], [ -122.358017, 47.624586 ], [ -122.358028, 47.62328 ], [ -122.358037, 47.622112 ], [ -122.358046, 47.620945 ], [ -122.359351, 47.620949 ], [ -122.360614, 47.620954 ], [ -122.360657, 47.620954 ], [ -122.360648, 47.622121 ], [ -122.36064, 47.623288 ] ] ] } },
{ "type": "Feature", "properties": { "GEOID": "530330079021", "population": 1096, "pop_in_seattle": 1096.0, "area_in_seattle": 85174.468851672485 }, "geometry": { "type": "Polygon", "coordinates": [ [ [ -122.308845, 47.616173 ], [ -122.308845, 47.616214 ], [ -122.308846, 47.616437 ], [ -122.308834, 47.617605 ], [ -122.308833, 47.618508 ], [ -122.30852, 47.618507 ], [ -122.308321, 47.618506 ], [ -122.307541, 47.618504 ], [ -122.307386, 47.618504 ], [ -122.306082, 47.6185 ], [ -122.304771, 47.618496 ], [ -122.30461, 47.618387 ], [ -122.304199, 47.61811 ], [ -122.304161, 47.618085 ], [ -122.306137, 47.617262 ], [ -122.306139, 47.617202 ], [ -122.306128, 47.617161 ], [ -122.306098, 47.617118 ], [ -122.306145, 47.617037 ], [ -122.306187, 47.615277 ], [ -122.307447, 47.615266 ], [ -122.308849, 47.615269 ], [ -122.308844, 47.616133 ], [ -122.308845, 47.616173 ] ] ] } },
{ "type": "Feature", "properties": { "GEOID": "530330079023", "population": 1262, "pop_in_seattle": 1262.0, "area_in_seattle": 192933.8980620658 }, "geometry": { "type": "Polygon", "coordinates": [ [ [ -122.308863, 47.61107 ], [ -122.308868, 47.611534 ], [ -122.308863, 47.6129 ], [ -122.308856, 47.614101 ], [ -122.308849, 47.615269 ], [ -122.307447, 47.615266 ], [ -122.306187, 47.615277 ], [ -122.306247, 47.612908 ], [ -122.304951, 47.612919 ], [ -122.303637, 47.612931 ], [ -122.302712, 47.61294 ], [ -122.302746, 47.611588 ], [ -122.302763, 47.610021 ], [ -122.303716, 47.610021 ], [ -122.305019, 47.610025 ], [ -122.306307, 47.610029 ], [ -122.306302, 47.61035 ], [ -122.307606, 47.610355 ], [ -122.308892, 47.610361 ], [ -122.308872, 47.610397 ], [ -122.308863, 47.61107 ] ] ] } },
{ "type": "Feature", "properties": { "GEOID": "530330073033", "population": 1028, "pop_in_seattle": 1027.9999999999995, "area_in_seattle": 76342.113466609328 }, "geometry": { "type": "Polygon", "coordinates": [ [ [ -122.338467, 47.620872 ], [ -122.338457, 47.622039 ], [ -122.338415, 47.622039 ], [ -122.337153, 47.622035 ], [ -122.335849, 47.62203 ], [ -122.335859, 47.620862 ], [ -122.335868, 47.619693 ], [ -122.335878, 47.618522 ], [ -122.336302, 47.618532 ], [ -122.337214, 47.61853 ], [ -122.338486, 47.618532 ], [ -122.338477, 47.619704 ], [ -122.338467, 47.620872 ] ] ] } },
{ "type": "Feature", "properties": { "GEOID": "530330074042", "population": 1290, "pop_in_seattle": 1290.0, "area_in_seattle": 81996.618981425534 }, "geometry": { "type": "Polygon", "coordinates": [ [ [ -122.328557, 47.624271 ], [ -122.328409, 47.624273 ], [ -122.328351, 47.624274 ], [ -122.32814, 47.624277 ], [ -122.328141, 47.624188 ], [ -122.32813, 47.623143 ], [ -122.327875, 47.623129 ], [ -122.327558, 47.623132 ], [ -122.327373, 47.623134 ], [ -122.327195, 47.623131 ], [ -122.327153, 47.623131 ], [ -122.326594, 47.623132 ], [ -122.325313, 47.623136 ], [ -122.324032, 47.62314 ], [ -122.324026, 47.621988 ], [ -122.325308, 47.621984 ], [ -122.325301, 47.620832 ], [ -122.32658, 47.620829 ], [ -122.327164, 47.620827 ], [ -122.327862, 47.620825 ], [ -122.328141, 47.62082 ], [ -122.328368, 47.620816 ], [ -122.328442, 47.620815 ], [ -122.328605, 47.620812 ], [ -122.328646, 47.620303 ], [ -122.328656, 47.621968 ], [ -122.328662, 47.622779 ], [ -122.328663, 47.623128 ], [ -122.328665, 47.62332 ], [ -122.32867, 47.624268 ], [ -122.328557, 47.624271 ] ] ] } },
{ "type": "Feature", "properties": { "GEOID": "530330071012", "population": 1586, "pop_in_seattle": 1585.9999999999993, "area_in_seattle": 394087.52851626748 }, "geometry": { "type": "Polygon", "coordinates": [ [ [ -122.356711, 47.624581 ], [ -122.355406, 47.624576 ], [ -122.3541, 47.624574 ], [ -122.352794, 47.624571 ], [ -122.351489, 47.624568 ], [ -122.348879, 47.624563 ], [ -122.347561, 47.624549 ], [ -122.347648, 47.624442 ], [ -122.347645, 47.623249 ], [ -122.347646, 47.622165 ], [ -122.347588, 47.622063 ], [ -122.347603, 47.620906 ], [ -122.347605, 47.620714 ], [ -122.34886, 47.619742 ], [ -122.350357, 47.61858 ], [ -122.351362, 47.618585 ], [ -122.352841, 47.61859 ], [ -122.353356, 47.618592 ], [ -122.353451, 47.618596 ], [ -122.354149, 47.618595 ], [ -122.354994, 47.618598 ], [ -122.355455, 47.6186 ], [ -122.355454, 47.618726 ], [ -122.355445, 47.619766 ], [ -122.355435, 47.620934 ], [ -122.355426, 47.622101 ], [ -122.355417, 47.62327 ], [ -122.356722, 47.623275 ], [ -122.357369, 47.623277 ], [ -122.358028, 47.62328 ], [ -122.358017, 47.624586 ], [ -122.356711, 47.624581 ] ] ] } },
{ "type": "Feature", "properties": { "GEOID": "530330071011", "population": 1635, "pop_in_seattle": 1634.9999999999995, "area_in_seattle": 100599.22292123956 }, "geometry": { "type": "Polygon", "coordinates": [ [ [ -122.358046, 47.620945 ], [ -122.358037, 47.622112 ], [ -122.358028, 47.62328 ], [ -122.357369, 47.623277 ], [ -122.356722, 47.623275 ], [ -122.355417, 47.62327 ], [ -122.355426, 47.622101 ], [ -122.355435, 47.620934 ], [ -122.355445, 47.619766 ], [ -122.355454, 47.618726 ], [ -122.355455, 47.6186 ], [ -122.356758, 47.618605 ], [ -122.357363, 47.618608 ], [ -122.357434, 47.61865 ], [ -122.358061, 47.619021 ], [ -122.358054, 47.619778 ], [ -122.358046, 47.620945 ] ] ] } },
{ "type": "Feature", "properties": { "GEOID": "530330004043", "population": 1367, "pop_in_seattle": 1367.0, "area_in_seattle": 128225.37945510623 }, "geometry": { "type": "Polygon", "coordinates": [ [ [ -122.347766, 47.725912 ], [ -122.347729, 47.726216 ], [ -122.347717, 47.726318 ], [ -122.34771, 47.726376 ], [ -122.347681, 47.726841 ], [ -122.347677, 47.726909 ], [ -122.347726, 47.727768 ], [ -122.347732, 47.728281 ], [ -122.347737, 47.728677 ], [ -122.3463, 47.728677 ], [ -122.345038, 47.728676 ], [ -122.345019, 47.726914 ], [ -122.345018, 47.726858 ], [ -122.345013, 47.726416 ], [ -122.345012, 47.726328 ], [ -122.344978, 47.723237 ], [ -122.346327, 47.723239 ], [ -122.34655, 47.723224 ], [ -122.347369, 47.72322 ], [ -122.348143, 47.723217 ], [ -122.347792, 47.72569 ], [ -122.347766, 47.725912 ] ] ] } },
{ "type": "Feature", "properties": { "GEOID": "530330081021", "population": 1521, "pop_in_seattle": 1520.9999999999993, "area_in_seattle": 260067.03405251857 }, "geometry": { "type": "Polygon", "coordinates": [ [ [ -122.339594, 47.611627 ], [ -122.339278, 47.611871 ], [ -122.338544, 47.61218 ], [ -122.337495, 47.612621 ], [ -122.33742, 47.612654 ], [ -122.337362, 47.612679 ], [ -122.337302, 47.612565 ], [ -122.337049, 47.612286 ], [ -122.336709, 47.611915 ], [ -122.33653, 47.61172 ], [ -122.336486, 47.61167 ], [ -122.33644, 47.611621 ], [ -122.335576, 47.610676 ], [ -122.335147, 47.610207 ], [ -122.334667, 47.609684 ], [ -122.333759, 47.608691 ], [ -122.333106, 47.607978 ], [ -122.332453, 47.607265 ], [ -122.3318, 47.606551 ], [ -122.331148, 47.605837 ], [ -122.332258, 47.605372 ], [ -122.333275, 47.604947 ], [ -122.333368, 47.604909 ], [ -122.333461, 47.60487 ], [ -122.334479, 47.604445 ], [ -122.335131, 47.605158 ], [ -122.335784, 47.605871 ], [ -122.336436, 47.606584 ], [ -122.337088, 47.607297 ], [ -122.337997, 47.60829 ], [ -122.338906, 47.609283 ], [ -122.339814, 47.610277 ], [ -122.340454, 47.610962 ], [ -122.339594, 47.611627 ] ] ] } },
{ "type": "Feature", "properties": { "GEOID": "530330004032", "population": 1532, "pop_in_seattle": 1531.9999999999998, "area_in_seattle": 325060.61693370948 }, "geometry": { "type": "Polygon", "coordinates": [ [ [ -122.352868, 47.728678 ], [ -122.352354, 47.728632 ], [ -122.351929, 47.728544 ], [ -122.351759, 47.728487 ], [ -122.35153, 47.728412 ], [ -122.351166, 47.72824 ], [ -122.350812, 47.72801 ], [ -122.350574, 47.727855 ], [ -122.350449, 47.727808 ], [ -122.35032, 47.727782 ], [ -122.349539, 47.727769 ], [ -122.348839, 47.727769 ], [ -122.348818, 47.727769 ], [ -122.347726, 47.727768 ], [ -122.347677, 47.726909 ], [ -122.347681, 47.726841 ], [ -122.34771, 47.726376 ], [ -122.347717, 47.726318 ], [ -122.347729, 47.726216 ], [ -122.347766, 47.725912 ], [ -122.347792, 47.72569 ], [ -122.348143, 47.723217 ], [ -122.350363, 47.723221 ], [ -122.351625, 47.723221 ], [ -122.35291, 47.723225 ], [ -122.354187, 47.723229 ], [ -122.355548, 47.723232 ], [ -122.35555, 47.724278 ], [ -122.355552, 47.725048 ], [ -122.355553, 47.725501 ], [ -122.355554, 47.726027 ], [ -122.355555, 47.726406 ], [ -122.355555, 47.726857 ], [ -122.355556, 47.727278 ], [ -122.355557, 47.727751 ], [ -122.355559, 47.728226 ], [ -122.355559, 47.728739 ], [ -122.352868, 47.728678 ] ] ] } },
{ "type": "Feature", "properties": { "GEOID": "530330116023", "population": 1191, "pop_in_seattle": 1191.0000000000002, "area_in_seattle": 1631312.4396218767 }, "geometry": { "type": "Polygon", "coordinates": [ [ [ -122.403359, 47.534667 ], [ -122.402149, 47.535963 ], [ -122.401238, 47.536941 ], [ -122.401731, 47.540087 ], [ -122.397638, 47.53992 ], [ -122.396355, 47.539916 ], [ -122.396462, 47.5407 ], [ -122.396216, 47.54053 ], [ -122.395833, 47.5402 ], [ -122.395382, 47.539914 ], [ -122.394989, 47.539727 ], [ -122.393972, 47.539348 ], [ -122.393809, 47.539263 ], [ -122.39372, 47.539192 ], [ -122.39317, 47.538561 ], [ -122.393096, 47.53845 ], [ -122.393079, 47.539639 ], [ -122.39142, 47.539625 ], [ -122.390855, 47.539632 ], [ -122.390701, 47.539669 ], [ -122.390534, 47.539701 ], [ -122.390417, 47.539699 ], [ -122.390329, 47.539692 ], [ -122.38987, 47.53967 ], [ -122.389637, 47.539694 ], [ -122.389412, 47.539742 ], [ -122.389188, 47.539815 ], [ -122.389006, 47.539856 ], [ -122.388817, 47.539876 ], [ -122.388541, 47.539877 ], [ -122.387948, 47.539871 ], [ -122.387793, 47.539878 ], [ -122.387362, 47.539865 ], [ -122.38727, 47.539893 ], [ -122.387279, 47.538929 ], [ -122.387286, 47.538531 ], [ -122.38752, 47.538495 ], [ -122.387962, 47.538375 ], [ -122.388076, 47.538344 ], [ -122.388663, 47.537525 ], [ -122.388633, 47.537239 ], [ -122.388757, 47.536995 ], [ -122.388664, 47.535835 ], [ -122.388656, 47.535729 ], [ -122.388608, 47.535176 ], [ -122.388594, 47.535134 ], [ -122.388542, 47.535101 ], [ -122.388468, 47.534367 ], [ -122.388477, 47.534266 ], [ -122.388631, 47.533648 ], [ -122.388778, 47.532931 ], [ -122.388912, 47.532276 ], [ -122.389626, 47.532285 ], [ -122.390525, 47.532293 ], [ -122.391581, 47.532326 ], [ -122.391631, 47.532316 ], [ -122.39269, 47.532319 ], [ -122.392693, 47.53204 ], [ -122.392699, 47.531559 ], [ -122.392721, 47.529752 ], [ -122.392736, 47.528571 ], [ -122.392758, 47.526782 ], [ -122.392763, 47.526333 ], [ -122.394438, 47.52562 ], [ -122.398181, 47.523762 ], [ -122.401279, 47.522225 ], [ -122.401991, 47.521907 ], [ -122.402417, 47.522008 ], [ -122.400365, 47.524561 ], [ -122.404315, 47.527915 ], [ -122.404729, 47.528266 ], [ -122.405479, 47.531382 ], [ -122.404919, 47.532249 ], [ -122.403359, 47.534667 ] ] ] } },
{ "type": "Feature", "properties": { "GEOID": "530330116021", "population": 1033, "pop_in_seattle": 1033.0, "area_in_seattle": 392775.14085953863 }, "geometry": { "type": "Polygon", "coordinates": [ [ [ -122.388633, 47.537239 ], [ -122.388663, 47.537525 ], [ -122.388076, 47.538344 ], [ -122.387962, 47.538375 ], [ -122.38752, 47.538495 ], [ -122.387286, 47.538531 ], [ -122.387279, 47.538929 ], [ -122.38727, 47.539893 ], [ -122.387262, 47.540729 ], [ -122.386722, 47.54072 ], [ -122.386601, 47.540694 ], [ -122.386466, 47.540634 ], [ -122.386308, 47.540553 ], [ -122.38615, 47.540514 ], [ -122.385226, 47.540452 ], [ -122.384487, 47.540338 ], [ -122.383295, 47.540155 ], [ -122.383211, 47.540128 ], [ -122.382779, 47.539989 ], [ -122.382565, 47.539967 ], [ -122.382395, 47.539996 ], [ -122.381912, 47.540173 ], [ -122.38192, 47.539708 ], [ -122.380391, 47.539686 ], [ -122.379255, 47.539669 ], [ -122.378514, 47.53966 ], [ -122.378449, 47.53964 ], [ -122.378403, 47.539611 ], [ -122.378368, 47.539578 ], [ -122.378355, 47.539537 ], [ -122.37836, 47.539244 ], [ -122.378363, 47.538668 ], [ -122.37837, 47.537436 ], [ -122.378374, 47.536816 ], [ -122.378381, 47.535609 ], [ -122.379284, 47.535631 ], [ -122.381961, 47.535696 ], [ -122.381966, 47.53499 ], [ -122.382911, 47.535022 ], [ -122.384645, 47.535082 ], [ -122.387323, 47.535096 ], [ -122.388542, 47.535101 ], [ -122.388594, 47.535134 ], [ -122.388608, 47.535176 ], [ -122.388656, 47.535729 ], [ -122.388664, 47.535835 ], [ -122.388757, 47.536995 ], [ -122.388633, 47.537239 ] ] ] } },
{ "type": "Feature", "properties": { "GEOID": "530330116022", "population": 1097, "pop_in_seattle": 1096.9999999999991, "area_in_seattle": 326332.97647779441 }, "geometry": { "type": "Polygon", "coordinates": [ [ [ -122.388631, 47.533648 ], [ -122.388477, 47.534266 ], [ -122.388468, 47.534367 ], [ -122.388542, 47.535101 ], [ -122.387323, 47.535096 ], [ -122.384645, 47.535082 ], [ -122.382911, 47.535022 ], [ -122.381966, 47.53499 ], [ -122.381974, 47.534266 ], [ -122.38198, 47.533543 ], [ -122.381988, 47.532819 ], [ -122.381995, 47.532096 ], [ -122.382001, 47.531358 ], [ -122.382006, 47.530621 ], [ -122.38201, 47.529884 ], [ -122.382014, 47.529147 ], [ -122.382022, 47.52841 ], [ -122.382883, 47.52843 ], [ -122.384702, 47.528474 ], [ -122.386029, 47.528505 ], [ -122.387396, 47.528538 ], [ -122.387388, 47.529286 ], [ -122.387377, 47.530319 ], [ -122.387371, 47.530781 ], [ -122.387363, 47.531529 ], [ -122.387355, 47.532292 ], [ -122.387434, 47.532306 ], [ -122.387859, 47.532295 ], [ -122.388912, 47.532276 ], [ -122.388778, 47.532931 ], [ -122.388631, 47.533648 ] ] ] } },
{ "type": "Feature", "properties": { "GEOID": "530330049013", "population": 1105, "pop_in_seattle": 1105.0, "area_in_seattle": 141117.95922165512 }, "geometry": { "type": "Polygon", "coordinates": [ [ [ -122.350045, 47.662141 ], [ -122.349574, 47.662143 ], [ -122.349058, 47.662138 ], [ -122.348588, 47.662183 ], [ -122.347391, 47.662181 ], [ -122.34727, 47.66218 ], [ -122.34727, 47.662059 ], [ -122.347271, 47.661392 ], [ -122.347272, 47.661102 ], [ -122.347267, 47.660997 ], [ -122.347272, 47.660921 ], [ -122.347271, 47.660818 ], [ -122.347268, 47.660565 ], [ -122.347267, 47.660028 ], [ -122.347266, 47.659577 ], [ -122.347267, 47.659368 ], [ -122.347269, 47.658666 ], [ -122.347249, 47.657739 ], [ -122.347389, 47.65774 ], [ -122.34852, 47.657743 ], [ -122.348727, 47.65775 ], [ -122.349984, 47.657754 ], [ -122.349982, 47.657716 ], [ -122.351025, 47.657723 ], [ -122.351026, 47.657762 ], [ -122.351018, 47.658954 ], [ -122.35101, 47.660215 ], [ -122.351003, 47.661394 ], [ -122.351492, 47.661394 ], [ -122.351486, 47.662135 ], [ -122.350045, 47.662141 ] ] ] } },
{ "type": "Feature", "properties": { "GEOID": "530330058042", "population": 1674, "pop_in_seattle": 1674.0, "area_in_seattle": 220287.36677358413 }, "geometry": { "type": "Polygon", "coordinates": [ [ [ -122.376123, 47.646306 ], [ -122.376135, 47.646779 ], [ -122.376143, 47.648474 ], [ -122.374888, 47.64847 ], [ -122.374879, 47.646598 ], [ -122.374795, 47.646502 ], [ -122.374794, 47.64477 ], [ -122.374783, 47.642985 ], [ -122.374782, 47.642941 ], [ -122.374778, 47.641224 ], [ -122.374909, 47.64123 ], [ -122.375017, 47.641159 ], [ -122.374615, 47.640679 ], [ -122.373968, 47.639784 ], [ -122.373803, 47.639578 ], [ -122.373629, 47.639358 ], [ -122.372747, 47.63817 ], [ -122.372668, 47.638064 ], [ -122.372619, 47.638 ], [ -122.371621, 47.636649 ], [ -122.371657, 47.635984 ], [ -122.372673, 47.635973 ], [ -122.372778, 47.635894 ], [ -122.37289, 47.635879 ], [ -122.373417, 47.635889 ], [ -122.373671, 47.635893 ], [ -122.374991, 47.635984 ], [ -122.376185, 47.635981 ], [ -122.37619, 47.636717 ], [ -122.376196, 47.637661 ], [ -122.376201, 47.638631 ], [ -122.376211, 47.640677 ], [ -122.376219, 47.64152 ], [ -122.376207, 47.642458 ], [ -122.376215, 47.642795 ], [ -122.376217, 47.64294 ], [ -122.376223, 47.644651 ], [ -122.376224, 47.644768 ], [ -122.376224, 47.645006 ], [ -122.376223, 47.645143 ], [ -122.376239, 47.645427 ], [ -122.376252, 47.645572 ], [ -122.376281, 47.645979 ], [ -122.376123, 47.646306 ] ] ] } },
{ "type": "Feature", "properties": { "GEOID": "530330058041", "population": 1319, "pop_in_seattle": 1319.0000000000002, "area_in_seattle": 3281224.7807676229 }, "geometry": { "type": "Polygon", "coordinates": [ [ [ -122.391159, 47.632323 ], [ -122.390845, 47.632327 ], [ -122.390624, 47.632339 ], [ -122.390347, 47.632382 ], [ -122.390006, 47.632471 ], [ -122.389833, 47.632541 ], [ -122.389504, 47.632732 ], [ -122.389317, 47.632858 ], [ -122.389105, 47.633019 ], [ -122.388923, 47.63314 ], [ -122.38876, 47.633224 ], [ -122.388674, 47.633258 ], [ -122.388644, 47.633928 ], [ -122.388643, 47.633949 ], [ -122.388627, 47.634236 ], [ -122.388125, 47.634703 ], [ -122.38805, 47.634772 ], [ -122.387492, 47.635286 ], [ -122.386789, 47.635953 ], [ -122.386396, 47.635948 ], [ -122.386213, 47.636099 ], [ -122.385496, 47.636687 ], [ -122.385453, 47.636758 ], [ -122.385399, 47.636919 ], [ -122.385379, 47.637127 ], [ -122.385428, 47.63841 ], [ -122.385464, 47.638492 ], [ -122.385459, 47.638681 ], [ -122.385408, 47.638862 ], [ -122.385448, 47.639065 ], [ -122.385447, 47.639163 ], [ -122.385382, 47.639418 ], [ -122.38533, 47.639586 ], [ -122.38518, 47.639786 ], [ -122.384904, 47.640016 ], [ -122.384822, 47.640128 ], [ -122.384784, 47.640324 ], [ -122.384704, 47.640395 ], [ -122.384538, 47.64043 ], [ -122.384437, 47.640534 ], [ -122.384403, 47.640645 ], [ -122.384422, 47.640705 ], [ -122.38448, 47.640752 ], [ -122.384724, 47.640842 ], [ -122.384793, 47.640904 ], [ -122.38486, 47.641035 ], [ -122.384855, 47.641106 ], [ -122.384511, 47.64164 ], [ -122.384439, 47.641712 ], [ -122.384342, 47.641776 ], [ -122.384179, 47.641843 ], [ -122.384024, 47.641883 ], [ -122.383635, 47.641926 ], [ -122.383283, 47.64201 ], [ -122.383289, 47.642154 ], [ -122.384607, 47.642154 ], [ -122.385154, 47.642153 ], [ -122.384575, 47.642926 ], [ -122.383503, 47.644409 ], [ -122.383322, 47.644758 ], [ -122.383251, 47.644758 ], [ -122.382445, 47.64578 ], [ -122.382235, 47.646074 ], [ -122.382096, 47.646311 ], [ -122.382032, 47.646435 ], [ -122.382033, 47.646582 ], [ -122.382028, 47.647486 ], [ -122.382014, 47.648459 ], [ -122.381867, 47.648456 ], [ -122.381448, 47.648457 ], [ -122.381369, 47.648458 ], [ -122.380958, 47.648463 ], [ -122.380668, 47.648459 ], [ -122.380422, 47.648463 ], [ -122.380217, 47.648463 ], [ -122.378874, 47.648463 ], [ -122.3775, 47.648465 ], [ -122.376761, 47.648471 ], [ -122.376424, 47.648471 ], [ -122.376143, 47.648474 ], [ -122.376135, 47.646779 ], [ -122.376123, 47.646306 ], [ -122.376281, 47.645979 ], [ -122.376252, 47.645572 ], [ -122.376239, 47.645427 ], [ -122.376223, 47.645143 ], [ -122.376224, 47.645006 ], [ -122.376224, 47.644768 ], [ -122.376223, 47.644651 ], [ -122.376217, 47.64294 ], [ -122.376215, 47.642795 ], [ -122.376207, 47.642458 ], [ -122.376219, 47.64152 ], [ -122.376211, 47.640677 ], [ -122.376201, 47.638631 ], [ -122.376196, 47.637661 ], [ -122.37619, 47.636717 ], [ -122.376185, 47.635981 ], [ -122.374991, 47.635984 ], [ -122.373671, 47.635893 ], [ -122.373417, 47.635889 ], [ -122.37289, 47.635879 ], [ -122.372778, 47.635894 ], [ -122.372773, 47.634817 ], [ -122.372739, 47.634748 ], [ -122.372734, 47.634738 ], [ -122.372705, 47.634727 ], [ -122.372657, 47.63472 ], [ -122.371669, 47.634741 ], [ -122.371683, 47.633547 ], [ -122.371681, 47.633518 ], [ -122.37171, 47.632311 ], [ -122.371077, 47.632311 ], [ -122.370409, 47.632311 ], [ -122.370412, 47.63146 ], [ -122.370077, 47.631113 ], [ -122.369031, 47.630017 ], [ -122.369041, 47.628901 ], [ -122.369013, 47.628845 ], [ -122.368954, 47.628798 ], [ -122.368833, 47.628738 ], [ -122.367606, 47.628257 ], [ -122.366126, 47.62769 ], [ -122.36501, 47.627264 ], [ -122.364572, 47.627096 ], [ -122.364529, 47.627079 ], [ -122.364529, 47.626872 ], [ -122.364537, 47.625952 ], [ -122.364538, 47.625863 ], [ -122.364535, 47.625792 ], [ -122.364544, 47.625214 ], [ -122.364566, 47.62523 ], [ -122.364741, 47.625328 ], [ -122.36494, 47.625412 ], [ -122.365375, 47.625577 ], [ -122.366247, 47.625907 ], [ -122.366669, 47.626068 ], [ -122.367403, 47.62639 ], [ -122.368058, 47.626613 ], [ -122.368402, 47.626633 ], [ -122.369657, 47.627536 ], [ -122.370361, 47.628072 ], [ -122.370988, 47.628575 ], [ -122.371091, 47.628656 ], [ -122.371792, 47.628231 ], [ -122.371976, 47.628125 ], [ -122.369247, 47.626073 ], [ -122.36389, 47.622114 ], [ -122.362762, 47.621221 ], [ -122.360543, 47.619568 ], [ -122.359569, 47.618784 ], [ -122.359324, 47.618585 ], [ -122.35944, 47.618585 ], [ -122.359537, 47.618585 ], [ -122.359864, 47.618585 ], [ -122.36051, 47.618575 ], [ -122.369576, 47.618593 ], [ -122.369903, 47.618764 ], [ -122.374208, 47.621015 ], [ -122.375529, 47.621706 ], [ -122.376287, 47.622102 ], [ -122.379856, 47.62397 ], [ -122.387728, 47.625312 ], [ -122.389747, 47.625656 ], [ -122.389747, 47.626866 ], [ -122.389532, 47.627451 ], [ -122.389488, 47.627582 ], [ -122.389636, 47.630659 ], [ -122.389662, 47.631181 ], [ -122.389681, 47.631319 ], [ -122.389662, 47.631387 ], [ -122.389964, 47.631413 ], [ -122.390059, 47.631612 ], [ -122.39109, 47.631584 ], [ -122.391238, 47.631583 ], [ -122.39125, 47.632321 ], [ -122.391159, 47.632323 ] ] ] } },
{ "type": "Feature", "properties": { "GEOID": "530330049021", "population": 1729, "pop_in_seattle": 1729.0000000000007, "area_in_seattle": 314683.2385641096 }, "geometry": { "type": "Polygon", "coordinates": [ [ [ -122.355504, 47.655421 ], [ -122.355509, 47.655592 ], [ -122.355491, 47.656353 ], [ -122.355484, 47.65672 ], [ -122.355467, 47.657724 ], [ -122.35546, 47.657764 ], [ -122.354457, 47.65776 ], [ -122.354397, 47.65776 ], [ -122.353343, 47.657757 ], [ -122.35328, 47.657756 ], [ -122.352817, 47.657757 ], [ -122.35268, 47.657732 ], [ -122.352575, 47.657723 ], [ -122.352081, 47.657726 ], [ -122.351111, 47.657724 ], [ -122.351025, 47.657723 ], [ -122.349982, 47.657716 ], [ -122.349984, 47.657754 ], [ -122.348727, 47.65775 ], [ -122.34852, 47.657743 ], [ -122.347389, 47.65774 ], [ -122.347249, 47.657739 ], [ -122.347249, 47.656655 ], [ -122.347249, 47.656605 ], [ -122.347256, 47.655393 ], [ -122.347241, 47.654133 ], [ -122.347253, 47.652737 ], [ -122.347254, 47.652618 ], [ -122.347255, 47.652377 ], [ -122.347242, 47.651806 ], [ -122.347249, 47.651306 ], [ -122.347248, 47.650942 ], [ -122.347314, 47.650952 ], [ -122.347372, 47.650961 ], [ -122.347973, 47.651051 ], [ -122.348601, 47.651146 ], [ -122.349264, 47.651246 ], [ -122.349936, 47.651347 ], [ -122.349922, 47.652728 ], [ -122.349914, 47.653853 ], [ -122.349912, 47.654132 ], [ -122.35014, 47.654139 ], [ -122.351282, 47.654141 ], [ -122.352349, 47.654139 ], [ -122.352598, 47.654141 ], [ -122.353402, 47.654147 ], [ -122.354467, 47.65415 ], [ -122.355533, 47.654152 ], [ -122.355506, 47.654865 ], [ -122.355504, 47.655421 ] ] ] } },
{ "type": "Feature", "properties": { "GEOID": "530330081011", "population": 871, "pop_in_seattle": 871.00000000000034, "area_in_seattle": 98511.533516447933 }, "geometry": { "type": "Polygon", "coordinates": [ [ [ -122.345626, 47.610503 ], [ -122.345464, 47.610631 ], [ -122.345425, 47.610662 ], [ -122.345326, 47.610741 ], [ -122.344774, 47.611171 ], [ -122.34434, 47.610915 ], [ -122.343941, 47.61068 ], [ -122.34392, 47.610661 ], [ -122.343891, 47.610636 ], [ -122.343664, 47.61035 ], [ -122.343474, 47.610402 ], [ -122.342174, 47.609632 ], [ -122.341797, 47.609913 ], [ -122.341741, 47.609956 ], [ -122.341345, 47.610273 ], [ -122.340924, 47.609812 ], [ -122.340881, 47.609766 ], [ -122.340085, 47.608895 ], [ -122.34052, 47.608706 ], [ -122.340558, 47.608702 ], [ -122.340571, 47.608577 ], [ -122.340446, 47.608443 ], [ -122.339658, 47.607598 ], [ -122.340218, 47.607362 ], [ -122.340935, 47.607066 ], [ -122.341034, 47.607026 ], [ -122.341513, 47.60753 ], [ -122.34171, 47.607582 ], [ -122.342081, 47.607648 ], [ -122.342367, 47.607672 ], [ -122.342502, 47.607752 ], [ -122.34267, 47.607851 ], [ -122.343893, 47.608571 ], [ -122.344834, 47.609133 ], [ -122.344995, 47.609229 ], [ -122.346302, 47.609992 ], [ -122.345676, 47.610465 ], [ -122.345626, 47.610503 ] ] ] } },
{ "type": "Feature", "properties": { "GEOID": "530330058031", "population": 1731, "pop_in_seattle": 1730.9999999999993, "area_in_seattle": 392043.78998390457 }, "geometry": { "type": "Polygon", "coordinates": [ [ [ -122.391687, 47.645191 ], [ -122.391673, 47.645761 ], [ -122.391586, 47.64581 ], [ -122.39157, 47.646833 ], [ -122.391563, 47.648648 ], [ -122.391031, 47.648647 ], [ -122.390832, 47.648675 ], [ -122.390712, 47.648703 ], [ -122.39038, 47.648711 ], [ -122.390256, 47.6487 ], [ -122.390107, 47.648669 ], [ -122.389977, 47.648622 ], [ -122.389862, 47.648562 ], [ -122.38976, 47.648488 ], [ -122.388607, 47.648489 ], [ -122.387428, 47.648491 ], [ -122.385971, 47.648448 ], [ -122.384665, 47.648451 ], [ -122.383359, 47.648454 ], [ -122.382014, 47.648459 ], [ -122.382028, 47.647486 ], [ -122.382033, 47.646582 ], [ -122.382032, 47.646435 ], [ -122.382096, 47.646311 ], [ -122.382235, 47.646074 ], [ -122.382445, 47.64578 ], [ -122.383251, 47.644758 ], [ -122.383322, 47.644758 ], [ -122.383503, 47.644409 ], [ -122.384575, 47.642926 ], [ -122.385904, 47.642939 ], [ -122.38592, 47.642926 ], [ -122.38595, 47.642924 ], [ -122.38764, 47.642921 ], [ -122.387627, 47.643464 ], [ -122.388939, 47.643464 ], [ -122.39027, 47.643462 ], [ -122.391617, 47.64346 ], [ -122.391665, 47.643487 ], [ -122.391715, 47.64358 ], [ -122.391695, 47.644611 ], [ -122.391687, 47.645191 ] ] ] } },
{ "type": "Feature", "properties": { "GEOID": "530330075032", "population": 1208, "pop_in_seattle": 1208.0, "area_in_seattle": 67447.428940229613 }, "geometry": { "type": "Polygon", "coordinates": [ [ [ -122.315532, 47.614111 ], [ -122.31555, 47.615271 ], [ -122.314244, 47.61528 ], [ -122.312768, 47.615285 ], [ -122.312773, 47.614497 ], [ -122.312775, 47.614111 ], [ -122.312782, 47.61291 ], [ -122.314156, 47.612916 ], [ -122.315428, 47.612907 ], [ -122.316304, 47.612909 ], [ -122.316786, 47.612891 ], [ -122.316792, 47.613032 ], [ -122.316796, 47.613118 ], [ -122.316838, 47.614102 ], [ -122.315532, 47.614111 ] ] ] } },
{ "type": "Feature", "properties": { "GEOID": "530330079011", "population": 1376, "pop_in_seattle": 1375.9999999999998, "area_in_seattle": 104644.43896108899 }, "geometry": { "type": "Polygon", "coordinates": [ [ [ -122.312763, 47.616449 ], [ -122.312754, 47.61763 ], [ -122.312744, 47.618519 ], [ -122.311445, 47.618515 ], [ -122.31014, 47.618511 ], [ -122.30895, 47.618508 ], [ -122.308833, 47.618508 ], [ -122.308834, 47.617605 ], [ -122.308846, 47.616437 ], [ -122.308845, 47.616214 ], [ -122.308845, 47.616173 ], [ -122.308844, 47.616133 ], [ -122.310153, 47.615588 ], [ -122.311229, 47.615142 ], [ -122.311461, 47.615043 ], [ -122.312773, 47.614497 ], [ -122.312768, 47.615285 ], [ -122.312763, 47.616449 ] ] ] } },
{ "type": "Feature", "properties": { "GEOID": "530330081012", "population": 1032, "pop_in_seattle": 1031.9999999999998, "area_in_seattle": 58742.408231295442 }, "geometry": { "type": "Polygon", "coordinates": [ [ [ -122.340454, 47.610962 ], [ -122.339814, 47.610277 ], [ -122.338906, 47.609283 ], [ -122.337997, 47.60829 ], [ -122.337088, 47.607297 ], [ -122.338199, 47.606833 ], [ -122.33878, 47.606604 ], [ -122.339171, 47.607047 ], [ -122.339658, 47.607598 ], [ -122.340446, 47.608443 ], [ -122.340571, 47.608577 ], [ -122.340558, 47.608702 ], [ -122.34052, 47.608706 ], [ -122.340085, 47.608895 ], [ -122.340881, 47.609766 ], [ -122.340924, 47.609812 ], [ -122.341345, 47.610273 ], [ -122.340454, 47.610962 ] ] ] } },
{ "type": "Feature", "properties": { "GEOID": "530330081013", "population": 905, "pop_in_seattle": 904.99999999999966, "area_in_seattle": 390337.6127539571 }, "geometry": { "type": "Polygon", "coordinates": [ [ [ -122.346329, 47.60912 ], [ -122.344998, 47.609114 ], [ -122.344834, 47.609133 ], [ -122.343893, 47.608571 ], [ -122.34267, 47.607851 ], [ -122.342502, 47.607752 ], [ -122.342367, 47.607672 ], [ -122.342081, 47.607648 ], [ -122.34171, 47.607582 ], [ -122.341513, 47.60753 ], [ -122.341034, 47.607026 ], [ -122.340935, 47.607066 ], [ -122.340218, 47.607362 ], [ -122.339658, 47.607598 ], [ -122.339171, 47.607047 ], [ -122.33878, 47.606604 ], [ -122.338199, 47.606833 ], [ -122.337088, 47.607297 ], [ -122.336436, 47.606584 ], [ -122.335784, 47.605871 ], [ -122.336893, 47.605406 ], [ -122.337482, 47.60516 ], [ -122.338003, 47.604942 ], [ -122.338695, 47.60465 ], [ -122.338813, 47.604601 ], [ -122.338929, 47.604553 ], [ -122.339022, 47.604514 ], [ -122.339093, 47.604486 ], [ -122.339215, 47.604481 ], [ -122.33925, 47.604496 ], [ -122.339299, 47.604544 ], [ -122.339377, 47.60462 ], [ -122.34027, 47.60462 ], [ -122.340281, 47.604599 ], [ -122.340717, 47.604558 ], [ -122.341319, 47.60453 ], [ -122.341346, 47.604525 ], [ -122.342041, 47.604383 ], [ -122.34292, 47.604131 ], [ -122.345442, 47.603174 ], [ -122.348742, 47.606486 ], [ -122.349876, 47.607625 ], [ -122.351255, 47.60901 ], [ -122.346329, 47.60912 ] ] ] } },
{ "type": "Feature", "properties": { "GEOID": "530330081022", "population": 1484, "pop_in_seattle": 1484.0000000000002, "area_in_seattle": 387381.6640413322 }, "geometry": { "type": "Polygon", "coordinates": [ [ [ -122.34292, 47.604131 ], [ -122.342041, 47.604383 ], [ -122.341346, 47.604525 ], [ -122.341319, 47.60453 ], [ -122.340717, 47.604558 ], [ -122.340281, 47.604599 ], [ -122.34027, 47.60462 ], [ -122.339377, 47.60462 ], [ -122.339299, 47.604544 ], [ -122.33925, 47.604496 ], [ -122.339215, 47.604481 ], [ -122.339093, 47.604486 ], [ -122.339022, 47.604514 ], [ -122.338929, 47.604553 ], [ -122.338813, 47.604601 ], [ -122.338695, 47.60465 ], [ -122.338003, 47.604942 ], [ -122.337482, 47.60516 ], [ -122.336893, 47.605406 ], [ -122.335784, 47.605871 ], [ -122.335131, 47.605158 ], [ -122.334479, 47.604445 ], [ -122.333461, 47.60487 ], [ -122.333368, 47.604909 ], [ -122.333275, 47.604947 ], [ -122.332258, 47.605372 ], [ -122.331148, 47.605837 ], [ -122.330495, 47.605124 ], [ -122.330346, 47.604961 ], [ -122.330198, 47.604797 ], [ -122.329843, 47.604411 ], [ -122.329189, 47.603696 ], [ -122.328536, 47.602983 ], [ -122.327885, 47.602271 ], [ -122.32782, 47.60216 ], [ -122.327702, 47.601963 ], [ -122.327658, 47.601715 ], [ -122.32899, 47.601732 ], [ -122.329386, 47.601712 ], [ -122.329985, 47.601714 ], [ -122.330267, 47.601714 ], [ -122.330459, 47.601714 ], [ -122.331418, 47.601716 ], [ -122.331985, 47.601717 ], [ -122.332876, 47.601719 ], [ -122.333901, 47.60172 ], [ -122.334181, 47.601721 ], [ -122.334881, 47.601721 ], [ -122.335522, 47.601725 ], [ -122.336036, 47.601723 ], [ -122.336196, 47.601724 ], [ -122.336329, 47.601722 ], [ -122.336465, 47.601718 ], [ -122.336584, 47.601716 ], [ -122.337458, 47.601822 ], [ -122.337759, 47.60196 ], [ -122.338057, 47.602142 ], [ -122.340119, 47.602126 ], [ -122.344737, 47.60232 ], [ -122.345442, 47.603174 ], [ -122.34292, 47.604131 ] ] ] } },
{ "type": "Feature", "properties": { "GEOID": "530330084013", "population": 1312, "pop_in_seattle": 1311.9999999999998, "area_in_seattle": 113667.08254228083 }, "geometry": { "type": "Polygon", "coordinates": [ [ [ -122.323572, 47.610979 ], [ -122.324225, 47.611693 ], [ -122.323115, 47.612157 ], [ -122.322394, 47.612462 ], [ -122.322205, 47.612572 ], [ -122.322088, 47.612734 ], [ -122.322095, 47.612985 ], [ -122.321756, 47.612979 ], [ -122.321607, 47.612987 ], [ -122.320931, 47.612983 ], [ -122.320765, 47.612964 ], [ -122.320762, 47.611258 ], [ -122.320762, 47.611167 ], [ -122.32076, 47.61041 ], [ -122.32076, 47.610182 ], [ -122.320759, 47.609575 ], [ -122.320758, 47.60924 ], [ -122.32076, 47.608098 ], [ -122.320901, 47.608123 ], [ -122.320951, 47.608114 ], [ -122.320989, 47.608107 ], [ -122.321152, 47.608049 ], [ -122.322074, 47.607659 ], [ -122.322726, 47.608373 ], [ -122.323378, 47.609087 ], [ -122.323999, 47.609766 ], [ -122.32403, 47.609801 ], [ -122.324059, 47.609832 ], [ -122.324683, 47.610514 ], [ -122.323572, 47.610979 ] ] ] } },
{ "type": "Feature", "properties": { "GEOID": "530330074041", "population": 1509, "pop_in_seattle": 1508.9999999999993, "area_in_seattle": 71612.627749651438 }, "geometry": { "type": "Polygon", "coordinates": [ [ [ -122.328675, 47.625115 ], [ -122.328569, 47.625115 ], [ -122.328139, 47.625116 ], [ -122.327888, 47.625117 ], [ -122.327277, 47.625117 ], [ -122.326605, 47.625117 ], [ -122.325324, 47.625117 ], [ -122.324648, 47.625116 ], [ -122.324043, 47.625116 ], [ -122.324039, 47.624291 ], [ -122.324032, 47.62314 ], [ -122.325313, 47.623136 ], [ -122.326594, 47.623132 ], [ -122.327153, 47.623131 ], [ -122.327195, 47.623131 ], [ -122.327373, 47.623134 ], [ -122.327558, 47.623132 ], [ -122.327875, 47.623129 ], [ -122.32813, 47.623143 ], [ -122.328141, 47.624188 ], [ -122.32814, 47.624277 ], [ -122.328351, 47.624274 ], [ -122.328409, 47.624273 ], [ -122.328557, 47.624271 ], [ -122.32867, 47.624268 ], [ -122.328675, 47.624944 ], [ -122.328675, 47.625003 ], [ -122.328675, 47.625115 ] ] ] } },
{ "type": "Feature", "properties": { "GEOID": "530330031002", "population": 1181, "pop_in_seattle": 1181.0000000000007, "area_in_seattle": 310182.73927876347 }, "geometry": { "type": "Polygon", "coordinates": [ [ [ -122.393033, 47.68677 ], [ -122.393035, 47.687278 ], [ -122.39304, 47.688683 ], [ -122.393042, 47.689 ], [ -122.393035, 47.689748 ], [ -122.393042, 47.69057 ], [ -122.392991, 47.69057 ], [ -122.391944, 47.690571 ], [ -122.390872, 47.690572 ], [ -122.390287, 47.690572 ], [ -122.3898, 47.690572 ], [ -122.388844, 47.690573 ], [ -122.388725, 47.690573 ], [ -122.388721, 47.689003 ], [ -122.388713, 47.686794 ], [ -122.388705, 47.684962 ], [ -122.388699, 47.683134 ], [ -122.38977, 47.683116 ], [ -122.390842, 47.683115 ], [ -122.391914, 47.683106 ], [ -122.393018, 47.683096 ], [ -122.394371, 47.683084 ], [ -122.394378, 47.684923 ], [ -122.394385, 47.686762 ], [ -122.393033, 47.68677 ] ] ] } },
{ "type": "Feature", "properties": { "GEOID": "530330056002", "population": 1375, "pop_in_seattle": 1375.0, "area_in_seattle": 1048181.2652172075 }, "geometry": { "type": "Polygon", "coordinates": [ [ [ -122.419827, 47.65141 ], [ -122.419673, 47.65146 ], [ -122.419684, 47.654148 ], [ -122.41785, 47.654078 ], [ -122.417801, 47.654107 ], [ -122.417738, 47.654114 ], [ -122.416172, 47.654107 ], [ -122.414713, 47.654103 ], [ -122.413246, 47.654098 ], [ -122.41301, 47.654097 ], [ -122.412118, 47.654095 ], [ -122.411022, 47.654093 ], [ -122.411028, 47.65299 ], [ -122.411002, 47.652775 ], [ -122.41092, 47.652566 ], [ -122.41086, 47.652466 ], [ -122.410535, 47.652066 ], [ -122.410432, 47.651938 ], [ -122.410378, 47.651832 ], [ -122.409714, 47.651078 ], [ -122.409628, 47.65095 ], [ -122.409562, 47.650744 ], [ -122.409559, 47.650455 ], [ -122.409565, 47.648626 ], [ -122.409574, 47.646804 ], [ -122.409625, 47.644986 ], [ -122.410953, 47.644983 ], [ -122.412005, 47.64498 ], [ -122.412328, 47.644979 ], [ -122.412869, 47.645369 ], [ -122.413024, 47.645521 ], [ -122.413142, 47.645687 ], [ -122.413756, 47.645589 ], [ -122.413917, 47.645564 ], [ -122.414197, 47.645519 ], [ -122.414103, 47.64532 ], [ -122.414044, 47.64524 ], [ -122.413811, 47.645016 ], [ -122.414041, 47.644949 ], [ -122.41413, 47.644952 ], [ -122.414251, 47.644981 ], [ -122.414495, 47.645105 ], [ -122.414616, 47.645134 ], [ -122.414743, 47.64514 ], [ -122.414968, 47.645094 ], [ -122.414983, 47.644276 ], [ -122.414983, 47.643971 ], [ -122.415597, 47.643784 ], [ -122.416233, 47.643383 ], [ -122.416244, 47.642807 ], [ -122.416205, 47.642634 ], [ -122.417178, 47.642457 ], [ -122.419625, 47.642179 ], [ -122.42176, 47.641937 ], [ -122.422391, 47.644999 ], [ -122.422517, 47.64561 ], [ -122.423018, 47.64839 ], [ -122.424389, 47.649903 ], [ -122.419827, 47.65141 ] ] ] } },
{ "type": "Feature", "properties": { "GEOID": "530330014001", "population": 1151, "pop_in_seattle": 1151.0000000000005, "area_in_seattle": 322679.61262192181 }, "geometry": { "type": "Polygon", "coordinates": [ [ [ -122.359587, 47.712356 ], [ -122.359554, 47.712356 ], [ -122.35931, 47.712356 ], [ -122.358189, 47.712352 ], [ -122.357521, 47.712349 ], [ -122.357437, 47.712349 ], [ -122.356849, 47.712347 ], [ -122.35551, 47.712343 ], [ -122.354184, 47.71234 ], [ -122.352858, 47.712337 ], [ -122.351533, 47.712335 ], [ -122.350208, 47.712332 ], [ -122.350177, 47.710514 ], [ -122.350146, 47.708698 ], [ -122.351479, 47.708701 ], [ -122.352813, 47.708704 ], [ -122.354148, 47.708709 ], [ -122.355482, 47.708712 ], [ -122.356816, 47.708719 ], [ -122.357451, 47.708722 ], [ -122.357641, 47.708723 ], [ -122.35815, 47.708727 ], [ -122.359483, 47.708734 ], [ -122.360817, 47.708741 ], [ -122.36083, 47.709695 ], [ -122.360841, 47.710413 ], [ -122.360857, 47.711567 ], [ -122.360868, 47.712361 ], [ -122.359587, 47.712356 ] ] ] } },
{ "type": "Feature", "properties": { "GEOID": "530330014002", "population": 1363, "pop_in_seattle": 1363.0, "area_in_seattle": 514230.99394146429 }, "geometry": { "type": "Polygon", "coordinates": [ [ [ -122.366099, 47.71101 ], [ -122.365967, 47.710992 ], [ -122.365764, 47.711003 ], [ -122.365385, 47.711098 ], [ -122.365161, 47.711141 ], [ -122.365022, 47.711136 ], [ -122.364796, 47.711069 ], [ -122.365044, 47.710753 ], [ -122.365303, 47.710308 ], [ -122.365352, 47.710176 ], [ -122.365324, 47.710065 ], [ -122.365114, 47.70975 ], [ -122.364841, 47.709395 ], [ -122.364734, 47.70934 ], [ -122.364579, 47.709331 ], [ -122.3641, 47.709544 ], [ -122.363821, 47.709684 ], [ -122.363722, 47.70972 ], [ -122.363613, 47.709737 ], [ -122.363121, 47.709766 ], [ -122.362794, 47.709764 ], [ -122.362911, 47.709628 ], [ -122.362969, 47.709563 ], [ -122.363501, 47.70931 ], [ -122.36362, 47.709206 ], [ -122.363686, 47.709081 ], [ -122.363678, 47.708945 ], [ -122.363631, 47.708847 ], [ -122.363537, 47.708791 ], [ -122.363374, 47.708755 ], [ -122.363234, 47.708754 ], [ -122.362929, 47.708752 ], [ -122.361873, 47.708747 ], [ -122.360817, 47.708741 ], [ -122.359483, 47.708734 ], [ -122.35815, 47.708727 ], [ -122.357641, 47.708723 ], [ -122.357451, 47.708722 ], [ -122.356816, 47.708719 ], [ -122.355482, 47.708712 ], [ -122.354148, 47.708709 ], [ -122.352813, 47.708704 ], [ -122.351479, 47.708701 ], [ -122.350146, 47.708698 ], [ -122.350134, 47.708 ], [ -122.350115, 47.706882 ], [ -122.350109, 47.706503 ], [ -122.350075, 47.705066 ], [ -122.350806, 47.705064 ], [ -122.351425, 47.70507 ], [ -122.352765, 47.705074 ], [ -122.354113, 47.705078 ], [ -122.355454, 47.705082 ], [ -122.355664, 47.705083 ], [ -122.356782, 47.705092 ], [ -122.35811, 47.705101 ], [ -122.359438, 47.705111 ], [ -122.360766, 47.705121 ], [ -122.363, 47.705137 ], [ -122.365114, 47.705133 ], [ -122.365528, 47.705133 ], [ -122.365655, 47.705152 ], [ -122.366078, 47.705159 ], [ -122.366087, 47.705603 ], [ -122.366102, 47.706348 ], [ -122.366116, 47.70705 ], [ -122.366117, 47.707099 ], [ -122.366122, 47.707343 ], [ -122.366144, 47.70815 ], [ -122.366156, 47.708571 ], [ -122.366161, 47.708769 ], [ -122.366099, 47.71101 ] ] ] } },
{ "type": "Feature", "properties": { "GEOID": "530330014003", "population": 1256, "pop_in_seattle": 1255.9999999999998, "area_in_seattle": 378502.34001147962 }, "geometry": { "type": "Polygon", "coordinates": [ [ [ -122.367983, 47.705165 ], [ -122.367412, 47.705163 ], [ -122.366078, 47.705159 ], [ -122.365655, 47.705152 ], [ -122.365528, 47.705133 ], [ -122.365114, 47.705133 ], [ -122.363, 47.705137 ], [ -122.360766, 47.705121 ], [ -122.359438, 47.705111 ], [ -122.35811, 47.705101 ], [ -122.356782, 47.705092 ], [ -122.355664, 47.705083 ], [ -122.355454, 47.705082 ], [ -122.356863, 47.704367 ], [ -122.357784, 47.7039 ], [ -122.358066, 47.703756 ], [ -122.358275, 47.703651 ], [ -122.359602, 47.702977 ], [ -122.360744, 47.702398 ], [ -122.362079, 47.701707 ], [ -122.362424, 47.701537 ], [ -122.362603, 47.701449 ], [ -122.363394, 47.701046 ], [ -122.36472, 47.70038 ], [ -122.366047, 47.699707 ], [ -122.366985, 47.699231 ], [ -122.368725, 47.698348 ], [ -122.368728, 47.699241 ], [ -122.368731, 47.700154 ], [ -122.368739, 47.70152 ], [ -122.368747, 47.703345 ], [ -122.368746, 47.705168 ], [ -122.367983, 47.705165 ] ] ] } },
{ "type": "Feature", "properties": { "GEOID": "530330015001", "population": 1290, "pop_in_seattle": 1290.0000000000009, "area_in_seattle": 521961.3686971303 }, "geometry": { "type": "Polygon", "coordinates": [ [ [ -122.395992, 47.699291 ], [ -122.395918, 47.699394 ], [ -122.395651, 47.699556 ], [ -122.395396, 47.699619 ], [ -122.394099, 47.700082 ], [ -122.393495, 47.700298 ], [ -122.392317, 47.700842 ], [ -122.391078, 47.701283 ], [ -122.390789, 47.701076 ], [ -122.390049, 47.701545 ], [ -122.389434, 47.701545 ], [ -122.387557, 47.701545 ], [ -122.387558, 47.701169 ], [ -122.38756, 47.700436 ], [ -122.38756, 47.700123 ], [ -122.387561, 47.699719 ], [ -122.387563, 47.698977 ], [ -122.387564, 47.698235 ], [ -122.387566, 47.697415 ], [ -122.387569, 47.696044 ], [ -122.387571, 47.695178 ], [ -122.387574, 47.694142 ], [ -122.387575, 47.69333 ], [ -122.387578, 47.692358 ], [ -122.387599, 47.690574 ], [ -122.388725, 47.690573 ], [ -122.388844, 47.690573 ], [ -122.3898, 47.690572 ], [ -122.390287, 47.690572 ], [ -122.390872, 47.690572 ], [ -122.391944, 47.690571 ], [ -122.392991, 47.69057 ], [ -122.392971, 47.691305 ], [ -122.392943, 47.69204 ], [ -122.392924, 47.694222 ], [ -122.392921, 47.694607 ], [ -122.39292, 47.694676 ], [ -122.392915, 47.695318 ], [ -122.392908, 47.696027 ], [ -122.392902, 47.696779 ], [ -122.392909, 47.697252 ], [ -122.392954, 47.697417 ], [ -122.393002, 47.697513 ], [ -122.393123, 47.697693 ], [ -122.393313, 47.697874 ], [ -122.393503, 47.698063 ], [ -122.393563, 47.698185 ], [ -122.393579, 47.69827 ], [ -122.393663, 47.698285 ], [ -122.395005, 47.698285 ], [ -122.396048, 47.698883 ], [ -122.396028, 47.699149 ], [ -122.395992, 47.699291 ] ] ] } },
{ "type": "Feature", "properties": { "GEOID": "530330016002", "population": 1445, "pop_in_seattle": 1445.0000000000002, "area_in_seattle": 661015.72562980477 }, "geometry": { "type": "Polygon", "coordinates": [ [ [ -122.387575, 47.69333 ], [ -122.387574, 47.694142 ], [ -122.387571, 47.695178 ], [ -122.387569, 47.696044 ], [ -122.387566, 47.697415 ], [ -122.387564, 47.698235 ], [ -122.387563, 47.698977 ], [ -122.387561, 47.699719 ], [ -122.38756, 47.700123 ], [ -122.38756, 47.700436 ], [ -122.387558, 47.701169 ], [ -122.387557, 47.701545 ], [ -122.387493, 47.701597 ], [ -122.38529, 47.701586 ], [ -122.385291, 47.701544 ], [ -122.385291, 47.701324 ], [ -122.385292, 47.701172 ], [ -122.383991, 47.701184 ], [ -122.383789, 47.701167 ], [ -122.383767, 47.701153 ], [ -122.383527, 47.701079 ], [ -122.383178, 47.700884 ], [ -122.383071, 47.70071 ], [ -122.383029, 47.700446 ], [ -122.383033, 47.69972 ], [ -122.380787, 47.69972 ], [ -122.378507, 47.69972 ], [ -122.378513, 47.698982 ], [ -122.376787, 47.698983 ], [ -122.376794, 47.697889 ], [ -122.376797, 47.696068 ], [ -122.3768, 47.694687 ], [ -122.382501, 47.694668 ], [ -122.382812, 47.69465 ], [ -122.38288, 47.694444 ], [ -122.382901, 47.694235 ], [ -122.382903, 47.691877 ], [ -122.38294, 47.691771 ], [ -122.383001, 47.691669 ], [ -122.383167, 47.691481 ], [ -122.383228, 47.691379 ], [ -122.383265, 47.691272 ], [ -122.383276, 47.691081 ], [ -122.383274, 47.690587 ], [ -122.384346, 47.690584 ], [ -122.385418, 47.690581 ], [ -122.386488, 47.690577 ], [ -122.387599, 47.690574 ], [ -122.387578, 47.692358 ], [ -122.387575, 47.69333 ] ] ] } },
{ "type": "Feature", "properties": { "GEOID": "530330016003", "population": 1598, "pop_in_seattle": 1597.9999999999998, "area_in_seattle": 373819.02105308039 }, "geometry": { "type": "Polygon", "coordinates": [ [ [ -122.383265, 47.691272 ], [ -122.383228, 47.691379 ], [ -122.383167, 47.691481 ], [ -122.383001, 47.691669 ], [ -122.38294, 47.691771 ], [ -122.382903, 47.691877 ], [ -122.382901, 47.694235 ], [ -122.38288, 47.694444 ], [ -122.382812, 47.69465 ], [ -122.382501, 47.694668 ], [ -122.3768, 47.694687 ], [ -122.376797, 47.696068 ], [ -122.376794, 47.697889 ], [ -122.375448, 47.697885 ], [ -122.374109, 47.697883 ], [ -122.374104, 47.696066 ], [ -122.374105, 47.695617 ], [ -122.374106, 47.69425 ], [ -122.374104, 47.690619 ], [ -122.375468, 47.690613 ], [ -122.376807, 47.690607 ], [ -122.377885, 47.690604 ], [ -122.378958, 47.690601 ], [ -122.38003, 47.690597 ], [ -122.381098, 47.690594 ], [ -122.381635, 47.690592 ], [ -122.382179, 47.690591 ], [ -122.383274, 47.690587 ], [ -122.383276, 47.691081 ], [ -122.383265, 47.691272 ] ] ] } },
{ "type": "Feature", "properties": { "GEOID": "530330017011", "population": 1748, "pop_in_seattle": 1747.9999999999995, "area_in_seattle": 323524.86405734962 }, "geometry": { "type": "Polygon", "coordinates": [ [ [ -122.362012, 47.694242 ], [ -122.360678, 47.694237 ], [ -122.359361, 47.694232 ], [ -122.358021, 47.694226 ], [ -122.357389, 47.694223 ], [ -122.356681, 47.694221 ], [ -122.355341, 47.694215 ], [ -122.355322, 47.692417 ], [ -122.353952, 47.692413 ], [ -122.352622, 47.692409 ], [ -122.351292, 47.692405 ], [ -122.349935, 47.6924 ], [ -122.349931, 47.692026 ], [ -122.349922, 47.691302 ], [ -122.349913, 47.690577 ], [ -122.351276, 47.690582 ], [ -122.352603, 47.690585 ], [ -122.353933, 47.690589 ], [ -122.355303, 47.690593 ], [ -122.356643, 47.690601 ], [ -122.357983, 47.690609 ], [ -122.359321, 47.690617 ], [ -122.360649, 47.690624 ], [ -122.363322, 47.690639 ], [ -122.363327, 47.691363 ], [ -122.363332, 47.692064 ], [ -122.363337, 47.6928 ], [ -122.363342, 47.693524 ], [ -122.363347, 47.694248 ], [ -122.362012, 47.694242 ] ] ] } },
{ "type": "Feature", "properties": { "GEOID": "530330017023", "population": 1294, "pop_in_seattle": 1294.0, "area_in_seattle": 294105.44861363707 }, "geometry": { "type": "Polygon", "coordinates": [ [ [ -122.37295, 47.696204 ], [ -122.372675, 47.696342 ], [ -122.371409, 47.696985 ], [ -122.370066, 47.697667 ], [ -122.369667, 47.69787 ], [ -122.368725, 47.698348 ], [ -122.366985, 47.699231 ], [ -122.366047, 47.699707 ], [ -122.36472, 47.70038 ], [ -122.364715, 47.699683 ], [ -122.364704, 47.69786 ], [ -122.364693, 47.696057 ], [ -122.364681, 47.694253 ], [ -122.366015, 47.694258 ], [ -122.367322, 47.694257 ], [ -122.36863, 47.694255 ], [ -122.368711, 47.694255 ], [ -122.370059, 47.694253 ], [ -122.371407, 47.694251 ], [ -122.371461, 47.694251 ], [ -122.372757, 47.694251 ], [ -122.374106, 47.69425 ], [ -122.374105, 47.695617 ], [ -122.37295, 47.696204 ] ] ] } },
{ "type": "Feature", "properties": { "GEOID": "530330018001", "population": 1709, "pop_in_seattle": 1709.0000000000005, "area_in_seattle": 424588.53262364655 }, "geometry": { "type": "Polygon", "coordinates": [ [ [ -122.340808, 47.697793 ], [ -122.340536, 47.697819 ], [ -122.340296, 47.697801 ], [ -122.339704, 47.69776 ], [ -122.338275, 47.697784 ], [ -122.337625, 47.697781 ], [ -122.336521, 47.697777 ], [ -122.335165, 47.69777 ], [ -122.335027, 47.697769 ], [ -122.334982, 47.697769 ], [ -122.334975, 47.69595 ], [ -122.333805, 47.695945 ], [ -122.333786, 47.694123 ], [ -122.333783, 47.693791 ], [ -122.333776, 47.693129 ], [ -122.333769, 47.692466 ], [ -122.333767, 47.692302 ], [ -122.333762, 47.691804 ], [ -122.333755, 47.691141 ], [ -122.333715, 47.69103 ], [ -122.33361, 47.6909 ], [ -122.333325, 47.690662 ], [ -122.33327, 47.690579 ], [ -122.333221, 47.690519 ], [ -122.33509, 47.690501 ], [ -122.335324, 47.6905 ], [ -122.336442, 47.690511 ], [ -122.337163, 47.690514 ], [ -122.33779, 47.69051 ], [ -122.338069, 47.690512 ], [ -122.339136, 47.69052 ], [ -122.340223, 47.690528 ], [ -122.340241, 47.692347 ], [ -122.340262, 47.69416 ], [ -122.341338, 47.694166 ], [ -122.341871, 47.694169 ], [ -122.34188, 47.694893 ], [ -122.341888, 47.695616 ], [ -122.341893, 47.696008 ], [ -122.341896, 47.696346 ], [ -122.341905, 47.697071 ], [ -122.341913, 47.697797 ], [ -122.340808, 47.697793 ] ] ] } },
{ "type": "Feature", "properties": { "GEOID": "530330018002", "population": 1690, "pop_in_seattle": 1690.0000000000005, "area_in_seattle": 243906.80592749006 }, "geometry": { "type": "Polygon", "coordinates": [ [ [ -122.34722, 47.692018 ], [ -122.347229, 47.692744 ], [ -122.347238, 47.693467 ], [ -122.347246, 47.694192 ], [ -122.344634, 47.694184 ], [ -122.344567, 47.694184 ], [ -122.344507, 47.694184 ], [ -122.34349, 47.694178 ], [ -122.342414, 47.694172 ], [ -122.341871, 47.694169 ], [ -122.341338, 47.694166 ], [ -122.340262, 47.69416 ], [ -122.340241, 47.692347 ], [ -122.340223, 47.690528 ], [ -122.340481, 47.69053 ], [ -122.341297, 47.690536 ], [ -122.341829, 47.69054 ], [ -122.342375, 47.690544 ], [ -122.343451, 47.690553 ], [ -122.344461, 47.690561 ], [ -122.344523, 47.690561 ], [ -122.344593, 47.690561 ], [ -122.347209, 47.690569 ], [ -122.349913, 47.690577 ], [ -122.349922, 47.691302 ], [ -122.349931, 47.692026 ], [ -122.34722, 47.692018 ] ] ] } },
{ "type": "Feature", "properties": { "GEOID": "530330018003", "population": 1710, "pop_in_seattle": 1710.0000000000007, "area_in_seattle": 276887.32722408004 }, "geometry": { "type": "Polygon", "coordinates": [ [ [ -122.347304, 47.697815 ], [ -122.344609, 47.697807 ], [ -122.344576, 47.697084 ], [ -122.344508, 47.697084 ], [ -122.344327, 47.697083 ], [ -122.343663, 47.697079 ], [ -122.341905, 47.697071 ], [ -122.341896, 47.696346 ], [ -122.341893, 47.696008 ], [ -122.341888, 47.695616 ], [ -122.34188, 47.694893 ], [ -122.341871, 47.694169 ], [ -122.342414, 47.694172 ], [ -122.34349, 47.694178 ], [ -122.344507, 47.694184 ], [ -122.344567, 47.694184 ], [ -122.344634, 47.694184 ], [ -122.347246, 47.694192 ], [ -122.347238, 47.693467 ], [ -122.347229, 47.692744 ], [ -122.34722, 47.692018 ], [ -122.349931, 47.692026 ], [ -122.349935, 47.6924 ], [ -122.349939, 47.692752 ], [ -122.349923, 47.693474 ], [ -122.349936, 47.6942 ], [ -122.34995, 47.694924 ], [ -122.349973, 47.695649 ], [ -122.349978, 47.696011 ], [ -122.349986, 47.696758 ], [ -122.349988, 47.696876 ], [ -122.349999, 47.697822 ], [ -122.347304, 47.697815 ] ] ] } },
{ "type": "Feature", "properties": { "GEOID": "530330019002", "population": 1416, "pop_in_seattle": 1416.0000000000007, "area_in_seattle": 486573.94462956482 }, "geometry": { "type": "Polygon", "coordinates": [ [ [ -122.332524, 47.695936 ], [ -122.33112, 47.695926 ], [ -122.330544, 47.695924 ], [ -122.329605, 47.69592 ], [ -122.32936, 47.695919 ], [ -122.329023, 47.695914 ], [ -122.328435, 47.695906 ], [ -122.327092, 47.695897 ], [ -122.323065, 47.695865 ], [ -122.323054, 47.694955 ], [ -122.323044, 47.694044 ], [ -122.323033, 47.693132 ], [ -122.323023, 47.692219 ], [ -122.323012, 47.691307 ], [ -122.323002, 47.690395 ], [ -122.324341, 47.690406 ], [ -122.325681, 47.690416 ], [ -122.327021, 47.690426 ], [ -122.327676, 47.690429 ], [ -122.328187, 47.690431 ], [ -122.328269, 47.690443 ], [ -122.328319, 47.690466 ], [ -122.328625, 47.690466 ], [ -122.328956, 47.690446 ], [ -122.328908, 47.690289 ], [ -122.328889, 47.690246 ], [ -122.328961, 47.690293 ], [ -122.329136, 47.690368 ], [ -122.329179, 47.690387 ], [ -122.329385, 47.690451 ], [ -122.329429, 47.690465 ], [ -122.329706, 47.690503 ], [ -122.329977, 47.69052 ], [ -122.330334, 47.690524 ], [ -122.330726, 47.690528 ], [ -122.331062, 47.69054 ], [ -122.331397, 47.690553 ], [ -122.332151, 47.690542 ], [ -122.332596, 47.690536 ], [ -122.333221, 47.690519 ], [ -122.33327, 47.690579 ], [ -122.333325, 47.690662 ], [ -122.33361, 47.6909 ], [ -122.333715, 47.69103 ], [ -122.333755, 47.691141 ], [ -122.333762, 47.691804 ], [ -122.333767, 47.692302 ], [ -122.333769, 47.692466 ], [ -122.333776, 47.693129 ], [ -122.333783, 47.693791 ], [ -122.333786, 47.694123 ], [ -122.333805, 47.695945 ], [ -122.332524, 47.695936 ] ] ] } },
{ "type": "Feature", "properties": { "GEOID": "530330020001", "population": 1376, "pop_in_seattle": 1375.9999999999998, "area_in_seattle": 331382.91343279945 }, "geometry": { "type": "Polygon", "coordinates": [ [ [ -122.312195, 47.692158 ], [ -122.312175, 47.693067 ], [ -122.312156, 47.693976 ], [ -122.309494, 47.693958 ], [ -122.309484, 47.694867 ], [ -122.309471, 47.695776 ], [ -122.309459, 47.696686 ], [ -122.306819, 47.696667 ], [ -122.306814, 47.697501 ], [ -122.306814, 47.697576 ], [ -122.30684, 47.698483 ], [ -122.306853, 47.698909 ], [ -122.306867, 47.699391 ], [ -122.306893, 47.700298 ], [ -122.304234, 47.700277 ], [ -122.303319, 47.70027 ], [ -122.304131, 47.699315 ], [ -122.304853, 47.698468 ], [ -122.305209, 47.698018 ], [ -122.305468, 47.697567 ], [ -122.3056, 47.697241 ], [ -122.305692, 47.69689 ], [ -122.305737, 47.696547 ], [ -122.305748, 47.696392 ], [ -122.305715, 47.695992 ], [ -122.305695, 47.695749 ], [ -122.305608, 47.694839 ], [ -122.305522, 47.693929 ], [ -122.305466, 47.693309 ], [ -122.305482, 47.69302 ], [ -122.305529, 47.692788 ], [ -122.305606, 47.692561 ], [ -122.305713, 47.69234 ], [ -122.305858, 47.692113 ], [ -122.306056, 47.691871 ], [ -122.306251, 47.69168 ], [ -122.306471, 47.691501 ], [ -122.30685, 47.691234 ], [ -122.308171, 47.690311 ], [ -122.309475, 47.69032 ], [ -122.310082, 47.690324 ], [ -122.311157, 47.690332 ], [ -122.312233, 47.690339 ], [ -122.312214, 47.691248 ], [ -122.312195, 47.692158 ] ] ] } },
{ "type": "Feature", "properties": { "GEOID": "530330021003", "population": 1633, "pop_in_seattle": 1632.9999999999993, "area_in_seattle": 378801.898574027 }, "geometry": { "type": "Polygon", "coordinates": [ [ [ -122.30685, 47.691234 ], [ -122.306471, 47.691501 ], [ -122.306251, 47.69168 ], [ -122.306056, 47.691871 ], [ -122.305858, 47.692113 ], [ -122.305713, 47.69234 ], [ -122.305606, 47.692561 ], [ -122.305529, 47.692788 ], [ -122.305482, 47.69302 ], [ -122.305466, 47.693309 ], [ -122.305522, 47.693929 ], [ -122.305608, 47.694839 ], [ -122.305695, 47.695749 ], [ -122.305363, 47.695747 ], [ -122.304178, 47.695738 ], [ -122.304177, 47.695235 ], [ -122.304068, 47.694824 ], [ -122.301523, 47.69481 ], [ -122.301514, 47.693901 ], [ -122.300881, 47.693896 ], [ -122.300879, 47.693457 ], [ -122.300853, 47.69334 ], [ -122.300816, 47.69326 ], [ -122.300722, 47.69314 ], [ -122.30055, 47.692986 ], [ -122.300476, 47.692833 ], [ -122.300471, 47.692385 ], [ -122.300412, 47.692261 ], [ -122.300343, 47.692204 ], [ -122.300233, 47.692154 ], [ -122.300121, 47.692125 ], [ -122.300094, 47.692122 ], [ -122.299826, 47.692091 ], [ -122.299748, 47.691952 ], [ -122.299636, 47.691853 ], [ -122.299459, 47.691765 ], [ -122.299286, 47.691722 ], [ -122.299138, 47.691711 ], [ -122.298706, 47.691709 ], [ -122.298674, 47.691709 ], [ -122.298686, 47.691947 ], [ -122.29869, 47.692068 ], [ -122.298715, 47.692146 ], [ -122.298771, 47.692166 ], [ -122.29877, 47.692268 ], [ -122.298761, 47.692407 ], [ -122.29601, 47.692383 ], [ -122.29604, 47.691662 ], [ -122.293389, 47.691641 ], [ -122.290678, 47.691648 ], [ -122.290696, 47.690924 ], [ -122.290715, 47.690201 ], [ -122.293397, 47.690216 ], [ -122.295041, 47.690226 ], [ -122.296024, 47.690233 ], [ -122.296086, 47.690233 ], [ -122.297374, 47.69024 ], [ -122.297382, 47.689424 ], [ -122.301479, 47.689449 ], [ -122.301454, 47.689688 ], [ -122.30156, 47.689982 ], [ -122.301671, 47.690266 ], [ -122.304167, 47.690283 ], [ -122.305718, 47.690294 ], [ -122.306855, 47.690302 ], [ -122.307931, 47.690309 ], [ -122.308171, 47.690311 ], [ -122.30685, 47.691234 ] ] ] } },
{ "type": "Feature", "properties": { "GEOID": "530330022001", "population": 1572, "pop_in_seattle": 1571.9999999999995, "area_in_seattle": 615660.46053068421 }, "geometry": { "type": "Polygon", "coordinates": [ [ [ -122.289222, 47.704763 ], [ -122.288149, 47.70475 ], [ -122.286785, 47.704734 ], [ -122.285477, 47.704718 ], [ -122.284938, 47.704711 ], [ -122.283453, 47.704694 ], [ -122.282778, 47.704686 ], [ -122.282415, 47.704681 ], [ -122.280939, 47.704663 ], [ -122.280713, 47.704677 ], [ -122.279838, 47.704863 ], [ -122.27967, 47.704889 ], [ -122.279305, 47.704943 ], [ -122.278551, 47.705012 ], [ -122.278314, 47.705077 ], [ -122.277926, 47.704588 ], [ -122.277779, 47.704362 ], [ -122.277688, 47.704124 ], [ -122.277652, 47.703881 ], [ -122.277667, 47.702954 ], [ -122.277683, 47.701998 ], [ -122.277696, 47.701245 ], [ -122.277698, 47.701146 ], [ -122.277729, 47.699339 ], [ -122.277756, 47.69779 ], [ -122.277713, 47.697559 ], [ -122.277655, 47.6974 ], [ -122.277993, 47.697374 ], [ -122.278274, 47.697366 ], [ -122.278357, 47.697363 ], [ -122.280019, 47.697376 ], [ -122.281359, 47.697386 ], [ -122.281745, 47.697389 ], [ -122.2827, 47.697397 ], [ -122.282706, 47.698477 ], [ -122.282681, 47.698656 ], [ -122.282472, 47.699071 ], [ -122.282449, 47.699236 ], [ -122.282478, 47.699401 ], [ -122.282538, 47.699528 ], [ -122.28263, 47.699646 ], [ -122.282962, 47.699942 ], [ -122.283121, 47.700084 ], [ -122.283909, 47.700091 ], [ -122.284584, 47.700097 ], [ -122.284947, 47.700148 ], [ -122.285351, 47.700154 ], [ -122.288006, 47.700179 ], [ -122.290662, 47.700204 ], [ -122.290682, 47.700676 ], [ -122.290704, 47.70112 ], [ -122.290786, 47.702866 ], [ -122.290791, 47.70296 ], [ -122.290795, 47.703048 ], [ -122.290835, 47.703909 ], [ -122.290876, 47.704783 ], [ -122.289222, 47.704763 ] ] ] } },
{ "type": "Feature", "properties": { "GEOID": "530330022002", "population": 1503, "pop_in_seattle": 1502.9999999999998, "area_in_seattle": 567426.57755924866 }, "geometry": { "type": "Polygon", "coordinates": [ [ [ -122.288006, 47.700179 ], [ -122.285351, 47.700154 ], [ -122.284947, 47.700148 ], [ -122.284584, 47.700097 ], [ -122.283909, 47.700091 ], [ -122.283121, 47.700084 ], [ -122.282962, 47.699942 ], [ -122.28263, 47.699646 ], [ -122.282538, 47.699528 ], [ -122.282478, 47.699401 ], [ -122.282449, 47.699236 ], [ -122.282472, 47.699071 ], [ -122.282681, 47.698656 ], [ -122.282706, 47.698477 ], [ -122.2827, 47.697397 ], [ -122.281745, 47.697389 ], [ -122.281359, 47.697386 ], [ -122.280019, 47.697376 ], [ -122.280013, 47.696668 ], [ -122.28001, 47.696224 ], [ -122.280002, 47.695284 ], [ -122.280837, 47.695354 ], [ -122.281355, 47.69535 ], [ -122.281518, 47.695295 ], [ -122.281768, 47.695171 ], [ -122.282013, 47.695016 ], [ -122.2822, 47.694872 ], [ -122.282271, 47.694795 ], [ -122.282314, 47.694709 ], [ -122.28232, 47.694428 ], [ -122.282361, 47.694331 ], [ -122.282453, 47.694259 ], [ -122.282654, 47.69417 ], [ -122.282831, 47.694093 ], [ -122.282872, 47.694056 ], [ -122.28289, 47.694011 ], [ -122.282859, 47.693938 ], [ -122.282663, 47.6938 ], [ -122.282597, 47.693727 ], [ -122.282568, 47.693637 ], [ -122.282539, 47.693225 ], [ -122.282541, 47.692966 ], [ -122.282638, 47.692336 ], [ -122.28532, 47.692348 ], [ -122.28798, 47.692363 ], [ -122.290546, 47.692371 ], [ -122.29066, 47.692372 ], [ -122.290642, 47.693095 ], [ -122.290624, 47.693819 ], [ -122.29061, 47.694539 ], [ -122.2906, 47.69474 ], [ -122.290587, 47.695285 ], [ -122.290578, 47.695643 ], [ -122.290569, 47.69599 ], [ -122.290582, 47.696552 ], [ -122.290587, 47.696705 ], [ -122.290574, 47.697457 ], [ -122.290574, 47.698346 ], [ -122.290619, 47.69929 ], [ -122.290622, 47.699358 ], [ -122.290662, 47.700204 ], [ -122.288006, 47.700179 ] ] ] } },
{ "type": "Feature", "properties": { "GEOID": "530330022004", "population": 1276, "pop_in_seattle": 1276.0000000000005, "area_in_seattle": 983477.92231795413 }, "geometry": { "type": "Polygon", "coordinates": [ [ [ -122.277469, 47.690108 ], [ -122.277457, 47.690226 ], [ -122.277426, 47.690439 ], [ -122.277389, 47.690535 ], [ -122.277272, 47.690573 ], [ -122.27715, 47.690592 ], [ -122.277012, 47.690595 ], [ -122.276733, 47.691307 ], [ -122.276596, 47.69165 ], [ -122.275567, 47.692087 ], [ -122.275356, 47.692142 ], [ -122.274457, 47.692365 ], [ -122.273908, 47.692423 ], [ -122.273707, 47.692451 ], [ -122.273612, 47.692478 ], [ -122.273484, 47.692546 ], [ -122.273262, 47.692705 ], [ -122.27316, 47.692749 ], [ -122.273012, 47.692789 ], [ -122.272813, 47.692806 ], [ -122.272633, 47.692793 ], [ -122.272436, 47.692758 ], [ -122.272179, 47.692679 ], [ -122.272071, 47.69267 ], [ -122.271972, 47.692689 ], [ -122.271912, 47.692726 ], [ -122.271851, 47.692814 ], [ -122.271792, 47.692878 ], [ -122.271705, 47.692893 ], [ -122.271204, 47.692718 ], [ -122.271127, 47.69269 ], [ -122.270973, 47.692676 ], [ -122.270821, 47.692695 ], [ -122.27054, 47.692556 ], [ -122.270246, 47.692382 ], [ -122.268952, 47.691546 ], [ -122.268423, 47.691175 ], [ -122.268043, 47.690867 ], [ -122.26785, 47.690688 ], [ -122.267612, 47.690454 ], [ -122.267487, 47.690315 ], [ -122.267361, 47.690176 ], [ -122.267313, 47.690121 ], [ -122.266311, 47.688965 ], [ -122.266062, 47.688622 ], [ -122.265867, 47.688309 ], [ -122.265578, 47.687726 ], [ -122.265217, 47.68676 ], [ -122.265126, 47.686516 ], [ -122.264953, 47.686095 ], [ -122.264824, 47.685704 ], [ -122.264473, 47.684754 ], [ -122.265513, 47.684672 ], [ -122.265704, 47.68465 ], [ -122.265668, 47.684368 ], [ -122.265632, 47.684083 ], [ -122.265663, 47.684003 ], [ -122.265739, 47.683955 ], [ -122.265898, 47.683903 ], [ -122.266121, 47.683842 ], [ -122.266263, 47.683761 ], [ -122.266323, 47.683648 ], [ -122.266321, 47.683496 ], [ -122.266294, 47.683253 ], [ -122.266289, 47.683086 ], [ -122.26635, 47.682934 ], [ -122.266436, 47.682954 ], [ -122.266588, 47.682962 ], [ -122.266692, 47.682958 ], [ -122.26672, 47.682951 ], [ -122.266926, 47.683167 ], [ -122.267172, 47.683609 ], [ -122.26727, 47.683703 ], [ -122.267363, 47.683746 ], [ -122.267664, 47.683843 ], [ -122.268061, 47.683897 ], [ -122.268143, 47.683895 ], [ -122.269079, 47.683877 ], [ -122.269018, 47.683023 ], [ -122.271702, 47.683026 ], [ -122.273046, 47.683028 ], [ -122.273158, 47.683028 ], [ -122.274385, 47.68303 ], [ -122.275221, 47.683031 ], [ -122.276563, 47.683032 ], [ -122.277469, 47.683032 ], [ -122.278742, 47.683034 ], [ -122.279753, 47.683035 ], [ -122.279806, 47.684844 ], [ -122.279859, 47.686644 ], [ -122.27996, 47.690159 ], [ -122.277469, 47.690108 ] ] ] } },
{ "type": "Feature", "properties": { "GEOID": "530330024001", "population": 1509, "pop_in_seattle": 1509.0, "area_in_seattle": 556450.13019745809 }, "geometry": { "type": "Polygon", "coordinates": [ [ [ -122.295041, 47.690226 ], [ -122.293397, 47.690216 ], [ -122.290715, 47.690201 ], [ -122.290561, 47.690201 ], [ -122.289281, 47.690196 ], [ -122.288024, 47.690192 ], [ -122.287498, 47.69019 ], [ -122.286437, 47.690187 ], [ -122.285338, 47.690183 ], [ -122.284355, 47.69018 ], [ -122.283373, 47.690177 ], [ -122.282723, 47.690175 ], [ -122.28239, 47.690173 ], [ -122.281963, 47.690172 ], [ -122.281434, 47.690168 ], [ -122.27996, 47.690159 ], [ -122.279859, 47.686644 ], [ -122.279806, 47.684844 ], [ -122.281038, 47.684846 ], [ -122.282094, 47.684847 ], [ -122.28315, 47.684848 ], [ -122.284154, 47.684849 ], [ -122.285261, 47.68485 ], [ -122.285318, 47.686578 ], [ -122.285277, 47.686662 ], [ -122.286353, 47.686664 ], [ -122.28741, 47.686666 ], [ -122.288489, 47.68667 ], [ -122.289544, 47.686674 ], [ -122.290599, 47.686677 ], [ -122.291672, 47.686676 ], [ -122.292743, 47.686676 ], [ -122.293815, 47.686675 ], [ -122.294938, 47.686675 ], [ -122.295994, 47.686675 ], [ -122.296045, 47.688454 ], [ -122.296024, 47.690233 ], [ -122.295041, 47.690226 ] ] ] } },
{ "type": "Feature", "properties": { "GEOID": "530330024002", "population": 1708, "pop_in_seattle": 1708.0, "area_in_seattle": 405376.51935799129 }, "geometry": { "type": "Polygon", "coordinates": [ [ [ -122.294938, 47.686675 ], [ -122.293815, 47.686675 ], [ -122.292743, 47.686676 ], [ -122.291672, 47.686676 ], [ -122.290599, 47.686677 ], [ -122.289544, 47.686674 ], [ -122.288489, 47.68667 ], [ -122.28741, 47.686666 ], [ -122.286353, 47.686664 ], [ -122.285277, 47.686662 ], [ -122.285318, 47.686578 ], [ -122.285261, 47.68485 ], [ -122.284154, 47.684849 ], [ -122.28315, 47.684848 ], [ -122.282094, 47.684847 ], [ -122.281038, 47.684846 ], [ -122.279806, 47.684844 ], [ -122.279753, 47.683035 ], [ -122.280979, 47.683037 ], [ -122.282034, 47.683038 ], [ -122.283091, 47.683039 ], [ -122.283715, 47.68304 ], [ -122.284113, 47.68304 ], [ -122.285102, 47.683041 ], [ -122.285196, 47.683041 ], [ -122.286259, 47.683043 ], [ -122.286458, 47.683043 ], [ -122.287799, 47.683044 ], [ -122.288369, 47.683044 ], [ -122.289425, 47.683045 ], [ -122.29048, 47.683046 ], [ -122.291559, 47.683047 ], [ -122.29264, 47.683046 ], [ -122.293696, 47.683046 ], [ -122.294769, 47.683046 ], [ -122.295887, 47.683046 ], [ -122.29594, 47.68486 ], [ -122.295994, 47.686675 ], [ -122.294938, 47.686675 ] ] ] } },
{ "type": "Feature", "properties": { "GEOID": "530330026004", "population": 1039, "pop_in_seattle": 1038.9999999999998, "area_in_seattle": 265666.2377586246 }, "geometry": { "type": "Polygon", "coordinates": [ [ [ -122.316265, 47.688539 ], [ -122.314933, 47.688528 ], [ -122.314338, 47.688524 ], [ -122.313445, 47.688516 ], [ -122.313484, 47.69034 ], [ -122.312233, 47.690339 ], [ -122.312195, 47.688506 ], [ -122.312174, 47.687515 ], [ -122.312156, 47.686675 ], [ -122.312118, 47.684858 ], [ -122.3121, 47.683955 ], [ -122.31208, 47.683044 ], [ -122.313172, 47.683048 ], [ -122.31422, 47.683055 ], [ -122.315284, 47.683053 ], [ -122.31643, 47.683057 ], [ -122.316773, 47.683058 ], [ -122.31695, 47.683059 ], [ -122.317, 47.683059 ], [ -122.317489, 47.683061 ], [ -122.317523, 47.684896 ], [ -122.317529, 47.685291 ], [ -122.317542, 47.68602 ], [ -122.317554, 47.68673 ], [ -122.317567, 47.687472 ], [ -122.31758, 47.688196 ], [ -122.317586, 47.688549 ], [ -122.316265, 47.688539 ] ] ] } },
{ "type": "Feature", "properties": { "GEOID": "530330027001", "population": 1571, "pop_in_seattle": 1570.9999999999998, "area_in_seattle": 361946.3727921588 }, "geometry": { "type": "Polygon", "coordinates": [ [ [ -122.323002, 47.690395 ], [ -122.320309, 47.690381 ], [ -122.317617, 47.690367 ], [ -122.317605, 47.689644 ], [ -122.317592, 47.68892 ], [ -122.317586, 47.688549 ], [ -122.31758, 47.688196 ], [ -122.317567, 47.687472 ], [ -122.317554, 47.68673 ], [ -122.317542, 47.68602 ], [ -122.317529, 47.685291 ], [ -122.317523, 47.684896 ], [ -122.317489, 47.683061 ], [ -122.318588, 47.68307 ], [ -122.320201, 47.683162 ], [ -122.320442, 47.683179 ], [ -122.320617, 47.683213 ], [ -122.320764, 47.683274 ], [ -122.320857, 47.683327 ], [ -122.320947, 47.683396 ], [ -122.321105, 47.683539 ], [ -122.321497, 47.683894 ], [ -122.321574, 47.683961 ], [ -122.322359, 47.684615 ], [ -122.322612, 47.684807 ], [ -122.322929, 47.685071 ], [ -122.324285, 47.686164 ], [ -122.324287, 47.686722 ], [ -122.324308, 47.686795 ], [ -122.324323, 47.686874 ], [ -122.324324, 47.687525 ], [ -122.324312, 47.688249 ], [ -122.324322, 47.688636 ], [ -122.324341, 47.690406 ], [ -122.323002, 47.690395 ] ] ] } },
{ "type": "Feature", "properties": { "GEOID": "530330029001", "population": 1701, "pop_in_seattle": 1701.0000000000005, "area_in_seattle": 360467.40851370437 }, "geometry": { "type": "Polygon", "coordinates": [ [ [ -122.365956, 47.687299 ], [ -122.365956, 47.687661 ], [ -122.365947, 47.688383 ], [ -122.365954, 47.689111 ], [ -122.365958, 47.689832 ], [ -122.365955, 47.690222 ], [ -122.365994, 47.690654 ], [ -122.363322, 47.690639 ], [ -122.360649, 47.690624 ], [ -122.359321, 47.690617 ], [ -122.357983, 47.690609 ], [ -122.356643, 47.690601 ], [ -122.355303, 47.690593 ], [ -122.355303, 47.689836 ], [ -122.355302, 47.689112 ], [ -122.355302, 47.688388 ], [ -122.355302, 47.687664 ], [ -122.355301, 47.68694 ], [ -122.3553, 47.686213 ], [ -122.357977, 47.686203 ], [ -122.360652, 47.686201 ], [ -122.360651, 47.686937 ], [ -122.363327, 47.686936 ], [ -122.365058, 47.68694 ], [ -122.366028, 47.686935 ], [ -122.36603, 47.687176 ], [ -122.365956, 47.687299 ] ] ] } },
{ "type": "Feature", "properties": { "GEOID": "530330063003", "population": 1318, "pop_in_seattle": 1318.0000000000002, "area_in_seattle": 1686956.7061436335 }, "geometry": { "type": "Polygon", "coordinates": [ [ [ -122.280767, 47.640716 ], [ -122.279591, 47.64071 ], [ -122.279461, 47.640709 ], [ -122.279459, 47.641092 ], [ -122.279456, 47.641411 ], [ -122.279442, 47.641956 ], [ -122.27943, 47.641991 ], [ -122.279397, 47.642025 ], [ -122.279357, 47.642038 ], [ -122.279306, 47.642047 ], [ -122.278442, 47.64204 ], [ -122.278404, 47.642034 ], [ -122.277122, 47.641948 ], [ -122.277057, 47.642208 ], [ -122.276838, 47.6431 ], [ -122.276833, 47.643122 ], [ -122.276818, 47.643187 ], [ -122.275836, 47.647394 ], [ -122.275585, 47.64739 ], [ -122.271139, 47.64733 ], [ -122.259841, 47.647176 ], [ -122.256908, 47.647229 ], [ -122.258182, 47.644971 ], [ -122.2591, 47.642636 ], [ -122.25937, 47.641524 ], [ -122.259483, 47.641007 ], [ -122.259529, 47.640795 ], [ -122.259604, 47.640454 ], [ -122.259622, 47.640374 ], [ -122.259846, 47.638604 ], [ -122.260051, 47.63699 ], [ -122.275452, 47.637251 ], [ -122.275605, 47.637254 ], [ -122.276272, 47.636899 ], [ -122.277122, 47.636385 ], [ -122.278044, 47.635761 ], [ -122.278474, 47.635471 ], [ -122.27958, 47.634724 ], [ -122.279658, 47.634823 ], [ -122.27963, 47.636959 ], [ -122.280811, 47.636965 ], [ -122.28078, 47.639121 ], [ -122.280767, 47.640716 ] ] ] } },
{ "type": "Feature", "properties": { "GEOID": "530330064002", "population": 988, "pop_in_seattle": 988.00000000000023, "area_in_seattle": 232361.68857905225 }, "geometry": { "type": "Polygon", "coordinates": [ [ [ -122.31257, 47.626876 ], [ -122.312577, 47.627629 ], [ -122.312567, 47.628187 ], [ -122.312563, 47.6284 ], [ -122.312559, 47.628695 ], [ -122.312535, 47.630641 ], [ -122.312498, 47.632332 ], [ -122.311926, 47.632329 ], [ -122.311217, 47.632325 ], [ -122.310556, 47.632322 ], [ -122.309895, 47.632318 ], [ -122.308574, 47.632311 ], [ -122.308596, 47.630714 ], [ -122.308638, 47.630662 ], [ -122.308517, 47.630603 ], [ -122.308546, 47.630591 ], [ -122.3086, 47.630534 ], [ -122.308619, 47.628674 ], [ -122.308644, 47.626857 ], [ -122.308665, 47.625239 ], [ -122.309989, 47.625246 ], [ -122.310889, 47.62525 ], [ -122.311311, 47.625252 ], [ -122.311744, 47.625254 ], [ -122.311772, 47.625254 ], [ -122.312592, 47.625259 ], [ -122.312581, 47.626069 ], [ -122.31257, 47.626876 ] ] ] } },
{ "type": "Feature", "properties": { "GEOID": "530330065001", "population": 1553, "pop_in_seattle": 1553.0000000000005, "area_in_seattle": 715318.72508036997 }, "geometry": { "type": "Polygon", "coordinates": [ [ [ -122.322302, 47.630469 ], [ -122.322276, 47.630487 ], [ -122.322253, 47.630491 ], [ -122.321265, 47.630489 ], [ -122.320211, 47.630488 ], [ -122.320208, 47.632277 ], [ -122.320194, 47.632423 ], [ -122.320103, 47.63264 ], [ -122.31996, 47.632907 ], [ -122.319935, 47.633044 ], [ -122.319936, 47.633549 ], [ -122.319969, 47.633686 ], [ -122.320105, 47.634062 ], [ -122.320112, 47.634301 ], [ -122.320098, 47.635025 ], [ -122.321152, 47.635025 ], [ -122.321118, 47.635791 ], [ -122.321153, 47.635905 ], [ -122.3212, 47.635962 ], [ -122.321292, 47.636063 ], [ -122.321337, 47.636155 ], [ -122.321387, 47.636317 ], [ -122.321396, 47.636421 ], [ -122.321358, 47.637254 ], [ -122.321356, 47.638387 ], [ -122.321354, 47.639541 ], [ -122.320065, 47.639545 ], [ -122.31901, 47.639548 ], [ -122.317954, 47.639551 ], [ -122.317266, 47.639554 ], [ -122.316983, 47.639554 ], [ -122.316207, 47.639557 ], [ -122.316037, 47.639557 ], [ -122.315696, 47.639558 ], [ -122.315624, 47.639545 ], [ -122.315463, 47.639491 ], [ -122.315426, 47.639467 ], [ -122.315333, 47.639407 ], [ -122.315252, 47.639315 ], [ -122.315206, 47.639208 ], [ -122.315214, 47.638262 ], [ -122.314992, 47.638265 ], [ -122.314908, 47.638259 ], [ -122.314798, 47.638223 ], [ -122.314687, 47.638188 ], [ -122.313837, 47.63764 ], [ -122.313644, 47.637511 ], [ -122.313612, 47.637474 ], [ -122.313588, 47.637411 ], [ -122.313609, 47.635984 ], [ -122.31361, 47.635944 ], [ -122.313582, 47.635606 ], [ -122.313507, 47.635321 ], [ -122.313388, 47.635047 ], [ -122.313213, 47.634766 ], [ -122.313039, 47.634552 ], [ -122.312723, 47.634247 ], [ -122.312626, 47.634131 ], [ -122.312552, 47.634026 ], [ -122.312483, 47.633764 ], [ -122.312498, 47.632332 ], [ -122.312535, 47.630641 ], [ -122.312559, 47.628695 ], [ -122.312563, 47.6284 ], [ -122.314354, 47.628414 ], [ -122.314571, 47.628415 ], [ -122.315674, 47.628423 ], [ -122.316777, 47.628431 ], [ -122.318038, 47.628439 ], [ -122.318219, 47.628486 ], [ -122.318429, 47.628617 ], [ -122.318488, 47.628634 ], [ -122.31862, 47.628672 ], [ -122.319137, 47.628672 ], [ -122.319662, 47.62867 ], [ -122.320141, 47.628669 ], [ -122.320214, 47.628668 ], [ -122.321269, 47.628666 ], [ -122.322323, 47.628666 ], [ -122.322369, 47.628666 ], [ -122.322339, 47.6304 ], [ -122.322302, 47.630469 ] ] ] } },
{ "type": "Feature", "properties": { "GEOID": "530330065003", "population": 1642, "pop_in_seattle": 1641.9999999999995, "area_in_seattle": 172591.27104123222 }, "geometry": { "type": "Polygon", "coordinates": [ [ [ -122.326544, 47.626966 ], [ -122.325962, 47.62714 ], [ -122.325584, 47.627254 ], [ -122.325429, 47.6273 ], [ -122.324246, 47.627655 ], [ -122.323533, 47.627869 ], [ -122.323518, 47.628667 ], [ -122.322369, 47.628666 ], [ -122.322323, 47.628666 ], [ -122.321269, 47.628666 ], [ -122.320214, 47.628668 ], [ -122.320141, 47.628669 ], [ -122.319662, 47.62867 ], [ -122.319137, 47.628672 ], [ -122.319147, 47.626818 ], [ -122.319669, 47.626822 ], [ -122.320126, 47.626826 ], [ -122.320221, 47.626826 ], [ -122.320243, 47.625649 ], [ -122.320249, 47.625556 ], [ -122.320269, 47.625498 ], [ -122.32033, 47.625429 ], [ -122.320408, 47.625358 ], [ -122.320895, 47.625047 ], [ -122.321028, 47.625111 ], [ -122.321332, 47.625115 ], [ -122.321978, 47.625116 ], [ -122.322386, 47.625116 ], [ -122.323028, 47.625116 ], [ -122.323585, 47.625116 ], [ -122.324043, 47.625116 ], [ -122.324648, 47.625116 ], [ -122.325324, 47.625117 ], [ -122.326605, 47.625117 ], [ -122.3266, 47.626961 ], [ -122.326544, 47.626966 ] ] ] } },
{ "type": "Feature", "properties": { "GEOID": "530330065002", "population": 1477, "pop_in_seattle": 1477.0000000000002, "area_in_seattle": 258863.60342674449 }, "geometry": { "type": "Polygon", "coordinates": [ [ [ -122.320895, 47.625047 ], [ -122.320408, 47.625358 ], [ -122.32033, 47.625429 ], [ -122.320269, 47.625498 ], [ -122.320249, 47.625556 ], [ -122.320243, 47.625649 ], [ -122.320221, 47.626826 ], [ -122.320126, 47.626826 ], [ -122.319669, 47.626822 ], [ -122.319147, 47.626818 ], [ -122.319137, 47.628672 ], [ -122.31862, 47.628672 ], [ -122.318488, 47.628634 ], [ -122.318429, 47.628617 ], [ -122.318219, 47.628486 ], [ -122.318038, 47.628439 ], [ -122.316777, 47.628431 ], [ -122.315674, 47.628423 ], [ -122.314571, 47.628415 ], [ -122.314354, 47.628414 ], [ -122.312563, 47.6284 ], [ -122.312567, 47.628187 ], [ -122.312577, 47.627629 ], [ -122.31257, 47.626876 ], [ -122.312581, 47.626069 ], [ -122.312592, 47.625259 ], [ -122.312604, 47.624425 ], [ -122.312609, 47.624247 ], [ -122.313614, 47.624252 ], [ -122.314637, 47.624257 ], [ -122.314983, 47.624257 ], [ -122.31517, 47.624257 ], [ -122.315687, 47.624259 ], [ -122.316738, 47.62426 ], [ -122.317788, 47.624262 ], [ -122.318839, 47.624264 ], [ -122.31989, 47.624266 ], [ -122.320944, 47.624267 ], [ -122.320934, 47.624983 ], [ -122.320895, 47.625047 ] ] ] } },
{ "type": "Feature", "properties": { "GEOID": "530330066001", "population": 1070, "pop_in_seattle": 1069.9999999999995, "area_in_seattle": 1178367.4847248129 }, "geometry": { "type": "Polygon", "coordinates": [ [ [ -122.338339, 47.626225 ], [ -122.338137, 47.62642 ], [ -122.338038, 47.62792 ], [ -122.33821, 47.632287 ], [ -122.338386, 47.636725 ], [ -122.335002, 47.636742 ], [ -122.334603, 47.636745 ], [ -122.330945, 47.636765 ], [ -122.329535, 47.636773 ], [ -122.329101, 47.636811 ], [ -122.328354, 47.636814 ], [ -122.327114, 47.63681 ], [ -122.325996, 47.636802 ], [ -122.325893, 47.636785 ], [ -122.325815, 47.636767 ], [ -122.324684, 47.636765 ], [ -122.324229, 47.636767 ], [ -122.324116, 47.636794 ], [ -122.323516, 47.636799 ], [ -122.323499, 47.636949 ], [ -122.323438, 47.63684 ], [ -122.323372, 47.636747 ], [ -122.323285, 47.636666 ], [ -122.322995, 47.636398 ], [ -122.323127, 47.635582 ], [ -122.323227, 47.635165 ], [ -122.323473, 47.634398 ], [ -122.32415, 47.632733 ], [ -122.324302, 47.632428 ], [ -122.324412, 47.632258 ], [ -122.324565, 47.632019 ], [ -122.324859, 47.631647 ], [ -122.32527, 47.63122 ], [ -122.32655, 47.630087 ], [ -122.326704, 47.629952 ], [ -122.327243, 47.629469 ], [ -122.327456, 47.629285 ], [ -122.327662, 47.629071 ], [ -122.327948, 47.628731 ], [ -122.328028, 47.628613 ], [ -122.328156, 47.628393 ], [ -122.328249, 47.628194 ], [ -122.328269, 47.62815 ], [ -122.328424, 47.628119 ], [ -122.328493, 47.627931 ], [ -122.328589, 47.627589 ], [ -122.328677, 47.626915 ], [ -122.328679, 47.62662 ], [ -122.328681, 47.62648 ], [ -122.328682, 47.626299 ], [ -122.328677, 47.625433 ], [ -122.328677, 47.625368 ], [ -122.328675, 47.625115 ], [ -122.328675, 47.625003 ], [ -122.328735, 47.625042 ], [ -122.328932, 47.625114 ], [ -122.329035, 47.625153 ], [ -122.329153, 47.625203 ], [ -122.329227, 47.625225 ], [ -122.329536, 47.625316 ], [ -122.329788, 47.62538 ], [ -122.330021, 47.625425 ], [ -122.33019, 47.625447 ], [ -122.330453, 47.62545 ], [ -122.330656, 47.625435 ], [ -122.331132, 47.625368 ], [ -122.331903, 47.625229 ], [ -122.332332, 47.625116 ], [ -122.332943, 47.624956 ], [ -122.333129, 47.624907 ], [ -122.33349, 47.624791 ], [ -122.333948, 47.624684 ], [ -122.334063, 47.624663 ], [ -122.334185, 47.624616 ], [ -122.334336, 47.624539 ], [ -122.334336, 47.624614 ], [ -122.33434, 47.625041 ], [ -122.334338, 47.62512 ], [ -122.334336, 47.625544 ], [ -122.334352, 47.625652 ], [ -122.334388, 47.625722 ], [ -122.334539, 47.625861 ], [ -122.334656, 47.625815 ], [ -122.334788, 47.625775 ], [ -122.334931, 47.625747 ], [ -122.335142, 47.625731 ], [ -122.335813, 47.625732 ], [ -122.33673, 47.625732 ], [ -122.337124, 47.625738 ], [ -122.338298, 47.625752 ], [ -122.33847, 47.625746 ], [ -122.33859, 47.625731 ], [ -122.338487, 47.625882 ], [ -122.338339, 47.626225 ] ] ] } },
{ "type": "Feature", "properties": { "GEOID": "530330066002", "population": 1851, "pop_in_seattle": 1851.0, "area_in_seattle": 383343.75112800364 }, "geometry": { "type": "Polygon", "coordinates": [ [ [ -122.338338, 47.63952 ], [ -122.337538, 47.63972 ], [ -122.329691, 47.639759 ], [ -122.329411, 47.639727 ], [ -122.328357, 47.639726 ], [ -122.32711, 47.639725 ], [ -122.325893, 47.639725 ], [ -122.324679, 47.639725 ], [ -122.323463, 47.639725 ], [ -122.323306, 47.639726 ], [ -122.323079, 47.639721 ], [ -122.322871, 47.639717 ], [ -122.322875, 47.639539 ], [ -122.322899, 47.63857 ], [ -122.322937, 47.636985 ], [ -122.322995, 47.636398 ], [ -122.323285, 47.636666 ], [ -122.323372, 47.636747 ], [ -122.323438, 47.63684 ], [ -122.323499, 47.636949 ], [ -122.323516, 47.636799 ], [ -122.324116, 47.636794 ], [ -122.324229, 47.636767 ], [ -122.324684, 47.636765 ], [ -122.325815, 47.636767 ], [ -122.325893, 47.636785 ], [ -122.325996, 47.636802 ], [ -122.327114, 47.63681 ], [ -122.328354, 47.636814 ], [ -122.329101, 47.636811 ], [ -122.329535, 47.636773 ], [ -122.330945, 47.636765 ], [ -122.334603, 47.636745 ], [ -122.335002, 47.636742 ], [ -122.338386, 47.636725 ], [ -122.338438, 47.63802 ], [ -122.338338, 47.63952 ] ] ] } },
{ "type": "Feature", "properties": { "GEOID": "530330069002", "population": 1620, "pop_in_seattle": 1620.0000000000007, "area_in_seattle": 318293.55527219491 }, "geometry": { "type": "Polygon", "coordinates": [ [ [ -122.372673, 47.635973 ], [ -122.371657, 47.635984 ], [ -122.371659, 47.635928 ], [ -122.370357, 47.635932 ], [ -122.370024, 47.635932 ], [ -122.369692, 47.635933 ], [ -122.369019, 47.635933 ], [ -122.368344, 47.635933 ], [ -122.368322, 47.637758 ], [ -122.367654, 47.637758 ], [ -122.366985, 47.637757 ], [ -122.366316, 47.637757 ], [ -122.364976, 47.637757 ], [ -122.363635, 47.637758 ], [ -122.362297, 47.637758 ], [ -122.36232, 47.635933 ], [ -122.362336, 47.63474 ], [ -122.362352, 47.633527 ], [ -122.363694, 47.633527 ], [ -122.365035, 47.633526 ], [ -122.366376, 47.633526 ], [ -122.367035, 47.633528 ], [ -122.367668, 47.633524 ], [ -122.367809, 47.633524 ], [ -122.368375, 47.633525 ], [ -122.368561, 47.633526 ], [ -122.368975, 47.633527 ], [ -122.368993, 47.632423 ], [ -122.369072, 47.632311 ], [ -122.369731, 47.632311 ], [ -122.370409, 47.632311 ], [ -122.371077, 47.632311 ], [ -122.37171, 47.632311 ], [ -122.371681, 47.633518 ], [ -122.371683, 47.633547 ], [ -122.371669, 47.634741 ], [ -122.372657, 47.63472 ], [ -122.372705, 47.634727 ], [ -122.372734, 47.634738 ], [ -122.372739, 47.634748 ], [ -122.372773, 47.634817 ], [ -122.372778, 47.635894 ], [ -122.372673, 47.635973 ] ] ] } },
{ "type": "Feature", "properties": { "GEOID": "530330088003", "population": 1093, "pop_in_seattle": 1092.9999999999998, "area_in_seattle": 214230.85935286217 }, "geometry": { "type": "Polygon", "coordinates": [ [ [ -122.302429, 47.604325 ], [ -122.301085, 47.604322 ], [ -122.299959, 47.604319 ], [ -122.298905, 47.604294 ], [ -122.29785, 47.604267 ], [ -122.2968, 47.60424 ], [ -122.295863, 47.604218 ], [ -122.294926, 47.604194 ], [ -122.293704, 47.604193 ], [ -122.292654, 47.604184 ], [ -122.292674, 47.603266 ], [ -122.292675, 47.60319 ], [ -122.292503, 47.60319 ], [ -122.292502, 47.603108 ], [ -122.292519, 47.601646 ], [ -122.293737, 47.601648 ], [ -122.294935, 47.60165 ], [ -122.295821, 47.601652 ], [ -122.295989, 47.601653 ], [ -122.29677, 47.601654 ], [ -122.297866, 47.601657 ], [ -122.298033, 47.601657 ], [ -122.298919, 47.601659 ], [ -122.299973, 47.601661 ], [ -122.301098, 47.601663 ], [ -122.302335, 47.601665 ], [ -122.302377, 47.601809 ], [ -122.30243, 47.602035 ], [ -122.302436, 47.602666 ], [ -122.302435, 47.603505 ], [ -122.302429, 47.604325 ] ] ] } },
{ "type": "Feature", "properties": { "GEOID": "530330089001", "population": 1280, "pop_in_seattle": 1280.0000000000002, "area_in_seattle": 2235111.47792737 }, "geometry": { "type": "Polygon", "coordinates": [ [ [ -122.292578, 47.600719 ], [ -122.292546, 47.600858 ], [ -122.292519, 47.601646 ], [ -122.291302, 47.601644 ], [ -122.29133, 47.600856 ], [ -122.290496, 47.600855 ], [ -122.290392, 47.600852 ], [ -122.29031, 47.60085 ], [ -122.290196, 47.600824 ], [ -122.290163, 47.60081 ], [ -122.289691, 47.600613 ], [ -122.289572, 47.600541 ], [ -122.289494, 47.600445 ], [ -122.289466, 47.600338 ], [ -122.28948, 47.600257 ], [ -122.289593, 47.600029 ], [ -122.289651, 47.599889 ], [ -122.289703, 47.599649 ], [ -122.289695, 47.599578 ], [ -122.28966, 47.599511 ], [ -122.289601, 47.599452 ], [ -122.289521, 47.599405 ], [ -122.288997, 47.599201 ], [ -122.288934, 47.599118 ], [ -122.288621, 47.599152 ], [ -122.288486, 47.599241 ], [ -122.288419, 47.599369 ], [ -122.288439, 47.599816 ], [ -122.288447, 47.600018 ], [ -122.288463, 47.600358 ], [ -122.288424, 47.600457 ], [ -122.288371, 47.600508 ], [ -122.288289, 47.600554 ], [ -122.28819, 47.600589 ], [ -122.287842, 47.600653 ], [ -122.287757, 47.600671 ], [ -122.287695, 47.600711 ], [ -122.287637, 47.600814 ], [ -122.287625, 47.600863 ], [ -122.287617, 47.600895 ], [ -122.287631, 47.600951 ], [ -122.287687, 47.601007 ], [ -122.287798, 47.601048 ], [ -122.288103, 47.601106 ], [ -122.288176, 47.60115 ], [ -122.288209, 47.601195 ], [ -122.288235, 47.601255 ], [ -122.288237, 47.60133 ], [ -122.288194, 47.601384 ], [ -122.288123, 47.601445 ], [ -122.2877, 47.601645 ], [ -122.286677, 47.601707 ], [ -122.286009, 47.601745 ], [ -122.285316, 47.60174 ], [ -122.284445, 47.601705 ], [ -122.283631, 47.601662 ], [ -122.281211, 47.60152 ], [ -122.275916, 47.60152 ], [ -122.265147, 47.601321 ], [ -122.265407, 47.59921 ], [ -122.265672, 47.597061 ], [ -122.265917, 47.595094 ], [ -122.266327, 47.591805 ], [ -122.273032, 47.590848 ], [ -122.28534, 47.590916 ], [ -122.285935, 47.59092 ], [ -122.286603, 47.591105 ], [ -122.287007, 47.591103 ], [ -122.288003, 47.591124 ], [ -122.288027, 47.59112 ], [ -122.288633, 47.591126 ], [ -122.288876, 47.59113 ], [ -122.28912, 47.591133 ], [ -122.289191, 47.591133 ], [ -122.290426, 47.591151 ], [ -122.290386, 47.592298 ], [ -122.290554, 47.592297 ], [ -122.290718, 47.592272 ], [ -122.291034, 47.592146 ], [ -122.291147, 47.592129 ], [ -122.291445, 47.592132 ], [ -122.291557, 47.592182 ], [ -122.291587, 47.592252 ], [ -122.291549, 47.593465 ], [ -122.29149, 47.593524 ], [ -122.291479, 47.593562 ], [ -122.29146, 47.594556 ], [ -122.291433, 47.595663 ], [ -122.291437, 47.595699 ], [ -122.29149, 47.595743 ], [ -122.291462, 47.596647 ], [ -122.29142, 47.597873 ], [ -122.291429, 47.597897 ], [ -122.291441, 47.597912 ], [ -122.291463, 47.597937 ], [ -122.291538, 47.597955 ], [ -122.291619, 47.597959 ], [ -122.292588, 47.597956 ], [ -122.292574, 47.597987 ], [ -122.292518, 47.598066 ], [ -122.29245, 47.598253 ], [ -122.292429, 47.598352 ], [ -122.29251, 47.598991 ], [ -122.292511, 47.599056 ], [ -122.292523, 47.599091 ], [ -122.292566, 47.599136 ], [ -122.292619, 47.59917 ], [ -122.292601, 47.599851 ], [ -122.292578, 47.600719 ] ] ] } },
{ "type": "Feature", "properties": { "GEOID": "530330062001", "population": 1516, "pop_in_seattle": 1516.0000000000023, "area_in_seattle": 1429113.1890894624 }, "geometry": { "type": "Polygon", "coordinates": [ [ [ -122.30468, 47.646395 ], [ -122.304675, 47.646912 ], [ -122.304698, 47.647415 ], [ -122.304566, 47.647379 ], [ -122.300813, 47.647363 ], [ -122.300269, 47.647366 ], [ -122.290427, 47.647478 ], [ -122.286736, 47.64752 ], [ -122.285036, 47.64752 ], [ -122.285075, 47.64458 ], [ -122.285076, 47.644513 ], [ -122.285391, 47.644533 ], [ -122.288385, 47.644729 ], [ -122.289704, 47.644815 ], [ -122.291661, 47.644866 ], [ -122.29194, 47.64484 ], [ -122.292101, 47.644808 ], [ -122.29226, 47.644761 ], [ -122.292413, 47.6447 ], [ -122.292548, 47.644623 ], [ -122.293294, 47.644097 ], [ -122.293751, 47.643738 ], [ -122.294081, 47.643515 ], [ -122.294373, 47.643352 ], [ -122.294675, 47.643203 ], [ -122.295316, 47.642967 ], [ -122.295764, 47.642808 ], [ -122.296047, 47.6427 ], [ -122.296239, 47.64261 ], [ -122.29656, 47.642416 ], [ -122.296852, 47.642204 ], [ -122.297179, 47.64191 ], [ -122.297407, 47.641657 ], [ -122.297418, 47.64164 ], [ -122.297582, 47.641389 ], [ -122.297667, 47.641214 ], [ -122.297737, 47.64104 ], [ -122.297475, 47.640793 ], [ -122.297197, 47.6406 ], [ -122.29698, 47.640504 ], [ -122.29684, 47.640418 ], [ -122.296772, 47.640334 ], [ -122.296558, 47.640468 ], [ -122.296435, 47.64067 ], [ -122.296135, 47.640942 ], [ -122.295687, 47.641142 ], [ -122.295477, 47.641197 ], [ -122.295247, 47.641227 ], [ -122.295219, 47.641224 ], [ -122.295101, 47.641215 ], [ -122.294932, 47.64117 ], [ -122.29464, 47.641046 ], [ -122.294538, 47.640987 ], [ -122.294445, 47.640908 ], [ -122.294313, 47.640733 ], [ -122.294554, 47.640297 ], [ -122.294648, 47.640147 ], [ -122.294684, 47.64006 ], [ -122.294712, 47.639955 ], [ -122.294737, 47.639543 ], [ -122.294782, 47.639065 ], [ -122.294744, 47.638924 ], [ -122.294636, 47.638794 ], [ -122.294482, 47.638633 ], [ -122.294289, 47.638472 ], [ -122.294112, 47.638339 ], [ -122.294025, 47.638267 ], [ -122.294005, 47.638195 ], [ -122.294059, 47.638094 ], [ -122.294582, 47.63727 ], [ -122.294599, 47.637181 ], [ -122.29459, 47.637073 ], [ -122.294565, 47.636977 ], [ -122.29442, 47.636592 ], [ -122.294391, 47.636419 ], [ -122.29438, 47.636295 ], [ -122.294408, 47.636165 ], [ -122.294468, 47.636041 ], [ -122.294829, 47.635455 ], [ -122.294877, 47.635361 ], [ -122.294909, 47.635267 ], [ -122.295011, 47.634866 ], [ -122.295113, 47.634587 ], [ -122.295103, 47.634449 ], [ -122.295053, 47.634343 ], [ -122.294664, 47.633775 ], [ -122.294557, 47.633643 ], [ -122.294413, 47.633519 ], [ -122.29414, 47.633259 ], [ -122.293983, 47.633064 ], [ -122.293701, 47.632867 ], [ -122.293335, 47.632754 ], [ -122.293208, 47.632646 ], [ -122.29305, 47.632417 ], [ -122.293029, 47.632368 ], [ -122.292967, 47.632218 ], [ -122.292956, 47.63212 ], [ -122.292988, 47.632021 ], [ -122.293152, 47.63186 ], [ -122.293322, 47.631705 ], [ -122.293406, 47.631667 ], [ -122.293541, 47.631621 ], [ -122.293966, 47.631528 ], [ -122.294127, 47.631477 ], [ -122.294271, 47.631409 ], [ -122.294406, 47.631305 ], [ -122.294523, 47.631199 ], [ -122.294608, 47.631068 ], [ -122.294618, 47.631 ], [ -122.294625, 47.630862 ], [ -122.294617, 47.630594 ], [ -122.294586, 47.630504 ], [ -122.29452, 47.630404 ], [ -122.294331, 47.630229 ], [ -122.294274, 47.630166 ], [ -122.294225, 47.630069 ], [ -122.294191, 47.629925 ], [ -122.294142, 47.629788 ], [ -122.293995, 47.629441 ], [ -122.293971, 47.629314 ], [ -122.293976, 47.629226 ], [ -122.293994, 47.629125 ], [ -122.294017, 47.628877 ], [ -122.294057, 47.628691 ], [ -122.294082, 47.628513 ], [ -122.294087, 47.628408 ], [ -122.294061, 47.628287 ], [ -122.294003, 47.628109 ], [ -122.293786, 47.628025 ], [ -122.293383, 47.627824 ], [ -122.293259, 47.627727 ], [ -122.293187, 47.627639 ], [ -122.29306, 47.627428 ], [ -122.293019, 47.62736 ], [ -122.292982, 47.627177 ], [ -122.292975, 47.627008 ], [ -122.29295, 47.626839 ], [ -122.29289, 47.626713 ], [ -122.292783, 47.626582 ], [ -122.292576, 47.626383 ], [ -122.292513, 47.62631 ], [ -122.292477, 47.626253 ], [ -122.292466, 47.626199 ], [ -122.292463, 47.62612 ], [ -122.2925, 47.625977 ], [ -122.292906, 47.625702 ], [ -122.294013, 47.624954 ], [ -122.295119, 47.624205 ], [ -122.295161, 47.624235 ], [ -122.295531, 47.624497 ], [ -122.295529, 47.625139 ], [ -122.295316, 47.625148 ], [ -122.295276, 47.625157 ], [ -122.295181, 47.625195 ], [ -122.295108, 47.625266 ], [ -122.295091, 47.62531 ], [ -122.295083, 47.625361 ], [ -122.29507, 47.62588 ], [ -122.295052, 47.626499 ], [ -122.295068, 47.626566 ], [ -122.295096, 47.626628 ], [ -122.295117, 47.626668 ], [ -122.296349, 47.627413 ], [ -122.296744, 47.628133 ], [ -122.296828, 47.628379 ], [ -122.29688, 47.628501 ], [ -122.29694, 47.62861 ], [ -122.297012, 47.628698 ], [ -122.297125, 47.628814 ], [ -122.297165, 47.628841 ], [ -122.297205, 47.628867 ], [ -122.29732, 47.628921 ], [ -122.298062, 47.62917 ], [ -122.298813, 47.629433 ], [ -122.2989, 47.629497 ], [ -122.298954, 47.62955 ], [ -122.298987, 47.629606 ], [ -122.29901, 47.629644 ], [ -122.299039, 47.629819 ], [ -122.299021, 47.630255 ], [ -122.299003, 47.631258 ], [ -122.29899, 47.631965 ], [ -122.299007, 47.632049 ], [ -122.299077, 47.632144 ], [ -122.299165, 47.632204 ], [ -122.299275, 47.632245 ], [ -122.299428, 47.632264 ], [ -122.299637, 47.632265 ], [ -122.30029, 47.632269 ], [ -122.301561, 47.632276 ], [ -122.301615, 47.632277 ], [ -122.301593, 47.633592 ], [ -122.301578, 47.634571 ], [ -122.301567, 47.635242 ], [ -122.301532, 47.637063 ], [ -122.301516, 47.637911 ], [ -122.301795, 47.638712 ], [ -122.302082, 47.639528 ], [ -122.302074, 47.640257 ], [ -122.302067, 47.640986 ], [ -122.30206, 47.641716 ], [ -122.302055, 47.642266 ], [ -122.302078, 47.642348 ], [ -122.302125, 47.642446 ], [ -122.30217, 47.642506 ], [ -122.302272, 47.642602 ], [ -122.303092, 47.643163 ], [ -122.303333, 47.643321 ], [ -122.303531, 47.643467 ], [ -122.303786, 47.643669 ], [ -122.30393, 47.64379 ], [ -122.304149, 47.644011 ], [ -122.304212, 47.64409 ], [ -122.304249, 47.644138 ], [ -122.304269, 47.64417 ], [ -122.304328, 47.644265 ], [ -122.304388, 47.64436 ], [ -122.304431, 47.64443 ], [ -122.304511, 47.644613 ], [ -122.304578, 47.644731 ], [ -122.304634, 47.644832 ], [ -122.30471, 47.64491 ], [ -122.304759, 47.645188 ], [ -122.304711, 47.645555 ], [ -122.30468, 47.646395 ] ] ] } },
{ "type": "Feature", "properties": { "GEOID": "530330062003", "population": 1023, "pop_in_seattle": 1022.9999999999994, "area_in_seattle": 606458.0716864604 }, "geometry": { "type": "Polygon", "coordinates": [ [ [ -122.317951, 47.64257 ], [ -122.31751, 47.642269 ], [ -122.317301, 47.642149 ], [ -122.31712, 47.642064 ], [ -122.316998, 47.642026 ], [ -122.316485, 47.641906 ], [ -122.316038, 47.641811 ], [ -122.31588, 47.641754 ], [ -122.315775, 47.641695 ], [ -122.315694, 47.641626 ], [ -122.315635, 47.641555 ], [ -122.315594, 47.641471 ], [ -122.31552, 47.641218 ], [ -122.315433, 47.641027 ], [ -122.315376, 47.640932 ], [ -122.315264, 47.640853 ], [ -122.315131, 47.640797 ], [ -122.314996, 47.640753 ], [ -122.31481, 47.640705 ], [ -122.31465, 47.640655 ], [ -122.314502, 47.640597 ], [ -122.314362, 47.640523 ], [ -122.314267, 47.640446 ], [ -122.314166, 47.640317 ], [ -122.314017, 47.640072 ], [ -122.313851, 47.63982 ], [ -122.313766, 47.639736 ], [ -122.313669, 47.639678 ], [ -122.313491, 47.639605 ], [ -122.313287, 47.639569 ], [ -122.312344, 47.639563 ], [ -122.312291, 47.639563 ], [ -122.311962, 47.639563 ], [ -122.310773, 47.63956 ], [ -122.310309, 47.639342 ], [ -122.308697, 47.638586 ], [ -122.307279, 47.637922 ], [ -122.30682, 47.637706 ], [ -122.306037, 47.637339 ], [ -122.305353, 47.637018 ], [ -122.302927, 47.63588 ], [ -122.302281, 47.635577 ], [ -122.301567, 47.635242 ], [ -122.301578, 47.634571 ], [ -122.301593, 47.633592 ], [ -122.301615, 47.632277 ], [ -122.302295, 47.632284 ], [ -122.303507, 47.632285 ], [ -122.304711, 47.632291 ], [ -122.305985, 47.632298 ], [ -122.307229, 47.632304 ], [ -122.308574, 47.632311 ], [ -122.309895, 47.632318 ], [ -122.310556, 47.632322 ], [ -122.311217, 47.632325 ], [ -122.311926, 47.632329 ], [ -122.312498, 47.632332 ], [ -122.312483, 47.633764 ], [ -122.312552, 47.634026 ], [ -122.312626, 47.634131 ], [ -122.312723, 47.634247 ], [ -122.313039, 47.634552 ], [ -122.313213, 47.634766 ], [ -122.313388, 47.635047 ], [ -122.313507, 47.635321 ], [ -122.313582, 47.635606 ], [ -122.31361, 47.635944 ], [ -122.313609, 47.635984 ], [ -122.313588, 47.637411 ], [ -122.313612, 47.637474 ], [ -122.313644, 47.637511 ], [ -122.313837, 47.63764 ], [ -122.314687, 47.638188 ], [ -122.314798, 47.638223 ], [ -122.314908, 47.638259 ], [ -122.314992, 47.638265 ], [ -122.315214, 47.638262 ], [ -122.315206, 47.639208 ], [ -122.315252, 47.639315 ], [ -122.315333, 47.639407 ], [ -122.315426, 47.639467 ], [ -122.315463, 47.639491 ], [ -122.315624, 47.639545 ], [ -122.315696, 47.639558 ], [ -122.316037, 47.639557 ], [ -122.316044, 47.640738 ], [ -122.316051, 47.640775 ], [ -122.316085, 47.64082 ], [ -122.316114, 47.640833 ], [ -122.316163, 47.640853 ], [ -122.316238, 47.640859 ], [ -122.316976, 47.640852 ], [ -122.317952, 47.640849 ], [ -122.317951, 47.641353 ], [ -122.317951, 47.64257 ] ] ] } },
{ "type": "Feature", "properties": { "GEOID": "530330062002", "population": 1536, "pop_in_seattle": 1536.0000000000005, "area_in_seattle": 639252.69471387507 }, "geometry": { "type": "Polygon", "coordinates": [ [ [ -122.310848, 47.643316 ], [ -122.310826, 47.643929 ], [ -122.310807, 47.644082 ], [ -122.310675, 47.645158 ], [ -122.310497, 47.646622 ], [ -122.310437, 47.64712 ], [ -122.308979, 47.647241 ], [ -122.305172, 47.647558 ], [ -122.304698, 47.647415 ], [ -122.304675, 47.646912 ], [ -122.30468, 47.646395 ], [ -122.304711, 47.645555 ], [ -122.304759, 47.645188 ], [ -122.30471, 47.64491 ], [ -122.304634, 47.644832 ], [ -122.304578, 47.644731 ], [ -122.304511, 47.644613 ], [ -122.304431, 47.64443 ], [ -122.304388, 47.64436 ], [ -122.304328, 47.644265 ], [ -122.304269, 47.64417 ], [ -122.304249, 47.644138 ], [ -122.304212, 47.64409 ], [ -122.304149, 47.644011 ], [ -122.30393, 47.64379 ], [ -122.303786, 47.643669 ], [ -122.303531, 47.643467 ], [ -122.303333, 47.643321 ], [ -122.303092, 47.643163 ], [ -122.302272, 47.642602 ], [ -122.30217, 47.642506 ], [ -122.302125, 47.642446 ], [ -122.302078, 47.642348 ], [ -122.302055, 47.642266 ], [ -122.30206, 47.641716 ], [ -122.302067, 47.640986 ], [ -122.302074, 47.640257 ], [ -122.302082, 47.639528 ], [ -122.301795, 47.638712 ], [ -122.301516, 47.637911 ], [ -122.301532, 47.637063 ], [ -122.301567, 47.635242 ], [ -122.302281, 47.635577 ], [ -122.302927, 47.63588 ], [ -122.305353, 47.637018 ], [ -122.306037, 47.637339 ], [ -122.30682, 47.637706 ], [ -122.307279, 47.637922 ], [ -122.308697, 47.638586 ], [ -122.310309, 47.639342 ], [ -122.310773, 47.63956 ], [ -122.310715, 47.640291 ], [ -122.310709, 47.641021 ], [ -122.31085, 47.643123 ], [ -122.310852, 47.64316 ], [ -122.310852, 47.643202 ], [ -122.310848, 47.643316 ] ] ] } },
{ "type": "Feature", "properties": { "GEOID": "530330063001", "population": 1343, "pop_in_seattle": 1343.0, "area_in_seattle": 775885.88392332487 }, "geometry": { "type": "Polygon", "coordinates": [ [ [ -122.285366, 47.632691 ], [ -122.285368, 47.633352 ], [ -122.285347, 47.633376 ], [ -122.285297, 47.63339 ], [ -122.284746, 47.633385 ], [ -122.284057, 47.633382 ], [ -122.284042, 47.634589 ], [ -122.284457, 47.634591 ], [ -122.284601, 47.634591 ], [ -122.284688, 47.634591 ], [ -122.284731, 47.634591 ], [ -122.284716, 47.635799 ], [ -122.284717, 47.636987 ], [ -122.285391, 47.636991 ], [ -122.285385, 47.637445 ], [ -122.285359, 47.640778 ], [ -122.285344, 47.641266 ], [ -122.285326, 47.642459 ], [ -122.285191, 47.642829 ], [ -122.285036, 47.64326 ], [ -122.284982, 47.643599 ], [ -122.285125, 47.644266 ], [ -122.285118, 47.644298 ], [ -122.285076, 47.644513 ], [ -122.285075, 47.64458 ], [ -122.285036, 47.64752 ], [ -122.27702, 47.64741 ], [ -122.275836, 47.647394 ], [ -122.276818, 47.643187 ], [ -122.276833, 47.643122 ], [ -122.276838, 47.6431 ], [ -122.277057, 47.642208 ], [ -122.277122, 47.641948 ], [ -122.278404, 47.642034 ], [ -122.278442, 47.64204 ], [ -122.279306, 47.642047 ], [ -122.279357, 47.642038 ], [ -122.279397, 47.642025 ], [ -122.27943, 47.641991 ], [ -122.279442, 47.641956 ], [ -122.279456, 47.641411 ], [ -122.279459, 47.641092 ], [ -122.279461, 47.640709 ], [ -122.279591, 47.64071 ], [ -122.280767, 47.640716 ], [ -122.28078, 47.639121 ], [ -122.280811, 47.636965 ], [ -122.27963, 47.636959 ], [ -122.279658, 47.634823 ], [ -122.27958, 47.634724 ], [ -122.279861, 47.634527 ], [ -122.281296, 47.633563 ], [ -122.28158, 47.63337 ], [ -122.282686, 47.63262 ], [ -122.283347, 47.632172 ], [ -122.284081, 47.63168 ], [ -122.284788, 47.631203 ], [ -122.285121, 47.630978 ], [ -122.285402, 47.630787 ], [ -122.285385, 47.632199 ], [ -122.285366, 47.632691 ] ] ] } },
{ "type": "Feature", "properties": { "GEOID": "530330069003", "population": 1551, "pop_in_seattle": 1550.9999999999991, "area_in_seattle": 341922.67312211759 }, "geometry": { "type": "Polygon", "coordinates": [ [ [ -122.369731, 47.632311 ], [ -122.369072, 47.632311 ], [ -122.368993, 47.632423 ], [ -122.368975, 47.633527 ], [ -122.368561, 47.633526 ], [ -122.368375, 47.633525 ], [ -122.367809, 47.633524 ], [ -122.367668, 47.633524 ], [ -122.367035, 47.633528 ], [ -122.366376, 47.633526 ], [ -122.365035, 47.633526 ], [ -122.363694, 47.633527 ], [ -122.362352, 47.633527 ], [ -122.362367, 47.632323 ], [ -122.361801, 47.632322 ], [ -122.361805, 47.631327 ], [ -122.361808, 47.630458 ], [ -122.361815, 47.62959 ], [ -122.363121, 47.629594 ], [ -122.363158, 47.628806 ], [ -122.363188, 47.628734 ], [ -122.363217, 47.628666 ], [ -122.363204, 47.627837 ], [ -122.363219, 47.627618 ], [ -122.363219, 47.626739 ], [ -122.363807, 47.626801 ], [ -122.364359, 47.627014 ], [ -122.364529, 47.627079 ], [ -122.364572, 47.627096 ], [ -122.36501, 47.627264 ], [ -122.366126, 47.62769 ], [ -122.367606, 47.628257 ], [ -122.368833, 47.628738 ], [ -122.368954, 47.628798 ], [ -122.369013, 47.628845 ], [ -122.369041, 47.628901 ], [ -122.369031, 47.630017 ], [ -122.370077, 47.631113 ], [ -122.370412, 47.63146 ], [ -122.370409, 47.632311 ], [ -122.369731, 47.632311 ] ] ] } },
{ "type": "Feature", "properties": { "GEOID": "530330085002", "population": 1973, "pop_in_seattle": 1972.9999999999989, "area_in_seattle": 151250.4925016397 }, "geometry": { "type": "Polygon", "coordinates": [ [ [ -122.323836, 47.607909 ], [ -122.322726, 47.608373 ], [ -122.322074, 47.607659 ], [ -122.321152, 47.608049 ], [ -122.320989, 47.608107 ], [ -122.320951, 47.608114 ], [ -122.320901, 47.608123 ], [ -122.32076, 47.608098 ], [ -122.320754, 47.607217 ], [ -122.320752, 47.606453 ], [ -122.320751, 47.606211 ], [ -122.320751, 47.605246 ], [ -122.32075, 47.6052 ], [ -122.320747, 47.604529 ], [ -122.320746, 47.604269 ], [ -122.320744, 47.603577 ], [ -122.320744, 47.60352 ], [ -122.320743, 47.603284 ], [ -122.320742, 47.602841 ], [ -122.320741, 47.602691 ], [ -122.320739, 47.601699 ], [ -122.321088, 47.601699 ], [ -122.321577, 47.6017 ], [ -122.322449, 47.601702 ], [ -122.322496, 47.602355 ], [ -122.322485, 47.602441 ], [ -122.32244, 47.602522 ], [ -122.322365, 47.602593 ], [ -122.322145, 47.602698 ], [ -122.322793, 47.603413 ], [ -122.323378, 47.604052 ], [ -122.324099, 47.604839 ], [ -122.324751, 47.605553 ], [ -122.323643, 47.606017 ], [ -122.324295, 47.606731 ], [ -122.324948, 47.607444 ], [ -122.323836, 47.607909 ] ] ] } },
{ "type": "Feature", "properties": { "GEOID": "530330085003", "population": 1186, "pop_in_seattle": 1185.9999999999998, "area_in_seattle": 143796.19977928634 }, "geometry": { "type": "Polygon", "coordinates": [ [ [ -122.32808, 47.604159 ], [ -122.32786, 47.604253 ], [ -122.327706, 47.604316 ], [ -122.327583, 47.604367 ], [ -122.327438, 47.604428 ], [ -122.327267, 47.604499 ], [ -122.327136, 47.604554 ], [ -122.326972, 47.604623 ], [ -122.325861, 47.605088 ], [ -122.324751, 47.605553 ], [ -122.324099, 47.604839 ], [ -122.323378, 47.604052 ], [ -122.322793, 47.603413 ], [ -122.322145, 47.602698 ], [ -122.322365, 47.602593 ], [ -122.32244, 47.602522 ], [ -122.322485, 47.602441 ], [ -122.322496, 47.602355 ], [ -122.322449, 47.601702 ], [ -122.324123, 47.601705 ], [ -122.324244, 47.601705 ], [ -122.324516, 47.601705 ], [ -122.32484, 47.601706 ], [ -122.325043, 47.601706 ], [ -122.325144, 47.601706 ], [ -122.325299, 47.601706 ], [ -122.326367, 47.601708 ], [ -122.327658, 47.601715 ], [ -122.327702, 47.601963 ], [ -122.32782, 47.60216 ], [ -122.327885, 47.602271 ], [ -122.328536, 47.602983 ], [ -122.329189, 47.603696 ], [ -122.32808, 47.604159 ] ] ] } },
{ "type": "Feature", "properties": { "GEOID": "530330086003", "population": 2405, "pop_in_seattle": 2404.9999999999995, "area_in_seattle": 192629.86801249711 }, "geometry": { "type": "Polygon", "coordinates": [ [ [ -122.319868, 47.61154 ], [ -122.31935, 47.611756 ], [ -122.31833, 47.612181 ], [ -122.318102, 47.612276 ], [ -122.317912, 47.612356 ], [ -122.317721, 47.612435 ], [ -122.316786, 47.612891 ], [ -122.316783, 47.61222 ], [ -122.316782, 47.611979 ], [ -122.31678, 47.611561 ], [ -122.316781, 47.610393 ], [ -122.316781, 47.609953 ], [ -122.316782, 47.609225 ], [ -122.316782, 47.608057 ], [ -122.316782, 47.607425 ], [ -122.316782, 47.606836 ], [ -122.316782, 47.606201 ], [ -122.318112, 47.606204 ], [ -122.319418, 47.606207 ], [ -122.320751, 47.606211 ], [ -122.320752, 47.606453 ], [ -122.320754, 47.607217 ], [ -122.32076, 47.608098 ], [ -122.320758, 47.60924 ], [ -122.320759, 47.609575 ], [ -122.32076, 47.610182 ], [ -122.32076, 47.61041 ], [ -122.320762, 47.611167 ], [ -122.319868, 47.61154 ] ] ] } },
{ "type": "Feature", "properties": { "GEOID": "530330087003", "population": 1533, "pop_in_seattle": 1532.9999999999995, "area_in_seattle": 224876.69002261705 }, "geometry": { "type": "Polygon", "coordinates": [ [ [ -122.312872, 47.603519 ], [ -122.312867, 47.604342 ], [ -122.312862, 47.606185 ], [ -122.311556, 47.606179 ], [ -122.310251, 47.606174 ], [ -122.308943, 47.606168 ], [ -122.307637, 47.606162 ], [ -122.307651, 47.60432 ], [ -122.306346, 47.604331 ], [ -122.306352, 47.603511 ], [ -122.306352, 47.602672 ], [ -122.306354, 47.601672 ], [ -122.307659, 47.601674 ], [ -122.308961, 47.601676 ], [ -122.310267, 47.601679 ], [ -122.311571, 47.601681 ], [ -122.312879, 47.601685 ], [ -122.312875, 47.602677 ], [ -122.312872, 47.603519 ] ] ] } },
{ "type": "Feature", "properties": { "GEOID": "530330088002", "population": 1301, "pop_in_seattle": 1301.0000000000002, "area_in_seattle": 403620.53726457455 }, "geometry": { "type": "Polygon", "coordinates": [ [ [ -122.302777, 47.606547 ], [ -122.302767, 47.606887 ], [ -122.302776, 47.607005 ], [ -122.302772, 47.608007 ], [ -122.302765, 47.609017 ], [ -122.302729, 47.609017 ], [ -122.301466, 47.609014 ], [ -122.300162, 47.609012 ], [ -122.298858, 47.60901 ], [ -122.297552, 47.609008 ], [ -122.296248, 47.609005 ], [ -122.294936, 47.609002 ], [ -122.293721, 47.609 ], [ -122.293746, 47.60929 ], [ -122.292619, 47.609281 ], [ -122.292596, 47.608467 ], [ -122.292582, 47.607974 ], [ -122.292616, 47.606158 ], [ -122.292635, 47.605171 ], [ -122.292654, 47.604184 ], [ -122.293704, 47.604193 ], [ -122.294926, 47.604194 ], [ -122.295863, 47.604218 ], [ -122.2968, 47.60424 ], [ -122.29785, 47.604267 ], [ -122.298905, 47.604294 ], [ -122.299959, 47.604319 ], [ -122.301085, 47.604322 ], [ -122.302429, 47.604325 ], [ -122.302447, 47.604496 ], [ -122.302484, 47.604664 ], [ -122.302604, 47.605033 ], [ -122.302676, 47.605222 ], [ -122.302745, 47.605502 ], [ -122.302767, 47.605633 ], [ -122.302781, 47.605824 ], [ -122.302779, 47.606174 ], [ -122.302777, 47.606547 ] ] ] } },
{ "type": "Feature", "properties": { "GEOID": "530330085001", "population": 1305, "pop_in_seattle": 1305.0000000000002, "area_in_seattle": 155601.88995821268 }, "geometry": { "type": "Polygon", "coordinates": [ [ [ -122.330041, 47.6063 ], [ -122.329936, 47.606342 ], [ -122.329868, 47.606409 ], [ -122.329717, 47.606433 ], [ -122.329604, 47.606482 ], [ -122.329471, 47.606539 ], [ -122.329427, 47.606557 ], [ -122.329269, 47.606626 ], [ -122.329159, 47.606673 ], [ -122.329057, 47.606717 ], [ -122.328958, 47.60676 ], [ -122.328902, 47.606785 ], [ -122.32782, 47.607229 ], [ -122.32671, 47.607694 ], [ -122.3256, 47.608158 ], [ -122.324489, 47.608623 ], [ -122.323378, 47.609087 ], [ -122.322726, 47.608373 ], [ -122.323836, 47.607909 ], [ -122.324948, 47.607444 ], [ -122.324295, 47.606731 ], [ -122.323643, 47.606017 ], [ -122.324751, 47.605553 ], [ -122.325861, 47.605088 ], [ -122.326972, 47.604623 ], [ -122.327136, 47.604554 ], [ -122.327267, 47.604499 ], [ -122.327438, 47.604428 ], [ -122.327583, 47.604367 ], [ -122.327706, 47.604316 ], [ -122.32786, 47.604253 ], [ -122.32808, 47.604159 ], [ -122.329189, 47.603696 ], [ -122.329843, 47.604411 ], [ -122.330198, 47.604797 ], [ -122.330346, 47.604961 ], [ -122.330495, 47.605124 ], [ -122.331148, 47.605837 ], [ -122.330041, 47.6063 ] ] ] } },
{ "type": "Feature", "properties": { "GEOID": "530330089004", "population": 1455, "pop_in_seattle": 1455.0000000000002, "area_in_seattle": 232403.46722907989 }, "geometry": { "type": "Polygon", "coordinates": [ [ [ -122.302585, 47.592714 ], [ -122.302439, 47.59306 ], [ -122.302427, 47.593073 ], [ -122.302243, 47.593278 ], [ -122.302214, 47.593403 ], [ -122.30222, 47.594582 ], [ -122.302224, 47.595569 ], [ -122.302227, 47.596475 ], [ -122.302231, 47.597876 ], [ -122.302165, 47.597875 ], [ -122.301156, 47.597868 ], [ -122.301145, 47.598067 ], [ -122.301072, 47.598097 ], [ -122.301011, 47.598101 ], [ -122.29992, 47.598095 ], [ -122.298706, 47.598076 ], [ -122.297451, 47.598058 ], [ -122.29749, 47.596726 ], [ -122.297517, 47.595876 ], [ -122.297573, 47.595525 ], [ -122.297835, 47.594713 ], [ -122.29785, 47.594637 ], [ -122.297867, 47.594555 ], [ -122.297853, 47.593319 ], [ -122.297825, 47.592946 ], [ -122.297821, 47.592927 ], [ -122.297766, 47.592629 ], [ -122.297631, 47.592027 ], [ -122.298473, 47.592039 ], [ -122.299057, 47.592065 ], [ -122.301294, 47.592089 ], [ -122.301293, 47.591893 ], [ -122.302502, 47.591891 ], [ -122.302597, 47.592187 ], [ -122.302623, 47.592467 ], [ -122.302585, 47.592714 ] ] ] } },
{ "type": "Feature", "properties": { "GEOID": "530330089003", "population": 1441, "pop_in_seattle": 1441.0000000000007, "area_in_seattle": 293820.38545780967 }, "geometry": { "type": "Polygon", "coordinates": [ [ [ -122.301098, 47.601663 ], [ -122.299973, 47.601661 ], [ -122.298919, 47.601659 ], [ -122.298033, 47.601657 ], [ -122.297866, 47.601657 ], [ -122.29677, 47.601654 ], [ -122.295989, 47.601653 ], [ -122.295821, 47.601652 ], [ -122.294935, 47.60165 ], [ -122.293737, 47.601648 ], [ -122.292519, 47.601646 ], [ -122.292546, 47.600858 ], [ -122.292578, 47.600719 ], [ -122.292601, 47.599851 ], [ -122.292619, 47.59917 ], [ -122.292566, 47.599136 ], [ -122.292523, 47.599091 ], [ -122.292511, 47.599056 ], [ -122.29251, 47.598991 ], [ -122.292429, 47.598352 ], [ -122.29245, 47.598253 ], [ -122.292518, 47.598066 ], [ -122.292574, 47.597987 ], [ -122.292588, 47.597956 ], [ -122.292909, 47.597995 ], [ -122.293603, 47.598004 ], [ -122.293853, 47.598006 ], [ -122.294463, 47.598015 ], [ -122.295065, 47.598023 ], [ -122.296277, 47.59804 ], [ -122.297451, 47.598058 ], [ -122.298706, 47.598076 ], [ -122.29992, 47.598095 ], [ -122.301011, 47.598101 ], [ -122.301072, 47.598097 ], [ -122.301145, 47.598067 ], [ -122.301156, 47.597868 ], [ -122.302165, 47.597875 ], [ -122.302231, 47.597876 ], [ -122.302235, 47.599279 ], [ -122.302238, 47.600319 ], [ -122.302239, 47.601145 ], [ -122.302267, 47.60141 ], [ -122.302335, 47.601665 ], [ -122.301098, 47.601663 ] ] ] } },
{ "type": "Feature", "properties": { "GEOID": "530330090001", "population": 1533, "pop_in_seattle": 1533.0000000000002, "area_in_seattle": 400580.84937658359 }, "geometry": { "type": "Polygon", "coordinates": [ [ [ -122.317228, 47.597498 ], [ -122.31723, 47.598336 ], [ -122.317225, 47.599187 ], [ -122.317194, 47.600013 ], [ -122.317194, 47.600264 ], [ -122.316967, 47.600851 ], [ -122.316783, 47.601692 ], [ -122.31493, 47.601688 ], [ -122.314124, 47.601687 ], [ -122.312879, 47.601685 ], [ -122.311571, 47.601681 ], [ -122.310267, 47.601679 ], [ -122.308961, 47.601676 ], [ -122.308965, 47.600837 ], [ -122.308968, 47.599999 ], [ -122.308969, 47.599237 ], [ -122.308971, 47.598793 ], [ -122.308972, 47.598558 ], [ -122.308972, 47.598322 ], [ -122.308975, 47.597482 ], [ -122.308977, 47.596644 ], [ -122.308959, 47.59587 ], [ -122.31022, 47.595872 ], [ -122.311359, 47.595869 ], [ -122.311513, 47.595854 ], [ -122.31171, 47.595821 ], [ -122.312205, 47.595811 ], [ -122.312823, 47.595813 ], [ -122.314036, 47.595813 ], [ -122.315924, 47.595818 ], [ -122.317257, 47.595819 ], [ -122.317243, 47.596627 ], [ -122.317228, 47.597498 ] ] ] } },
{ "type": "Feature", "properties": { "GEOID": "530330091001", "population": 1292, "pop_in_seattle": 1292.0000000000007, "area_in_seattle": 300319.9737363818 }, "geometry": { "type": "Polygon", "coordinates": [ [ [ -122.322449, 47.601702 ], [ -122.321577, 47.6017 ], [ -122.321088, 47.601699 ], [ -122.320739, 47.601699 ], [ -122.319583, 47.601696 ], [ -122.317825, 47.601693 ], [ -122.316783, 47.601692 ], [ -122.316967, 47.600851 ], [ -122.317194, 47.600264 ], [ -122.317194, 47.600013 ], [ -122.317225, 47.599187 ], [ -122.31723, 47.598336 ], [ -122.317228, 47.597498 ], [ -122.317243, 47.596627 ], [ -122.317257, 47.595819 ], [ -122.31877, 47.595821 ], [ -122.319253, 47.595823 ], [ -122.319533, 47.595823 ], [ -122.319731, 47.595824 ], [ -122.319942, 47.595824 ], [ -122.320251, 47.595826 ], [ -122.320482, 47.595828 ], [ -122.320737, 47.595828 ], [ -122.320935, 47.595829 ], [ -122.32105, 47.595829 ], [ -122.321193, 47.595829 ], [ -122.321474, 47.59583 ], [ -122.32246, 47.595829 ], [ -122.323766, 47.595831 ], [ -122.323762, 47.59667 ], [ -122.323761, 47.597037 ], [ -122.323758, 47.597509 ], [ -122.323756, 47.598348 ], [ -122.323752, 47.599187 ], [ -122.322446, 47.599184 ], [ -122.322177, 47.599184 ], [ -122.321804, 47.599183 ], [ -122.321512, 47.599186 ], [ -122.321162, 47.599186 ], [ -122.321407, 47.599422 ], [ -122.321558, 47.599576 ], [ -122.321752, 47.599745 ], [ -122.322091, 47.600012 ], [ -122.323656, 47.601247 ], [ -122.324244, 47.601705 ], [ -122.324123, 47.601705 ], [ -122.322449, 47.601702 ] ] ] } },
{ "type": "Feature", "properties": { "GEOID": "530330091002", "population": 1643, "pop_in_seattle": 1642.9999999999998, "area_in_seattle": 109995.67490791746 }, "geometry": { "type": "Polygon", "coordinates": [ [ [ -122.327682, 47.596668 ], [ -122.327677, 47.597515 ], [ -122.327672, 47.598354 ], [ -122.327669, 47.599193 ], [ -122.326362, 47.599191 ], [ -122.325057, 47.599189 ], [ -122.323752, 47.599187 ], [ -122.323756, 47.598348 ], [ -122.323758, 47.597509 ], [ -122.323761, 47.597037 ], [ -122.323762, 47.59667 ], [ -122.323766, 47.595831 ], [ -122.32507, 47.595833 ], [ -122.326376, 47.595835 ], [ -122.327362, 47.595835 ], [ -122.327718, 47.59581 ], [ -122.327698, 47.596092 ], [ -122.327682, 47.596668 ] ] ] } },
{ "type": "Feature", "properties": { "GEOID": "530330092001", "population": 1760, "pop_in_seattle": 1760.0000000000005, "area_in_seattle": 133347.45382501397 }, "geometry": { "type": "Polygon", "coordinates": [ [ [ -122.327658, 47.601715 ], [ -122.326367, 47.601708 ], [ -122.325299, 47.601706 ], [ -122.325144, 47.601706 ], [ -122.325043, 47.601706 ], [ -122.32484, 47.601706 ], [ -122.324516, 47.601705 ], [ -122.324244, 47.601705 ], [ -122.323656, 47.601247 ], [ -122.322091, 47.600012 ], [ -122.321752, 47.599745 ], [ -122.321558, 47.599576 ], [ -122.321407, 47.599422 ], [ -122.321162, 47.599186 ], [ -122.321512, 47.599186 ], [ -122.321804, 47.599183 ], [ -122.322177, 47.599184 ], [ -122.322446, 47.599184 ], [ -122.323752, 47.599187 ], [ -122.325057, 47.599189 ], [ -122.326362, 47.599191 ], [ -122.327669, 47.599193 ], [ -122.32793, 47.599194 ], [ -122.328068, 47.599194 ], [ -122.328989, 47.599195 ], [ -122.328977, 47.600034 ], [ -122.328984, 47.600708 ], [ -122.328985, 47.60085 ], [ -122.328986, 47.600873 ], [ -122.32899, 47.601732 ], [ -122.327658, 47.601715 ] ] ] } },
{ "type": "Feature", "properties": { "GEOID": "530330092002", "population": 1614, "pop_in_seattle": 1614.0, "area_in_seattle": 359605.01374863921 }, "geometry": { "type": "Polygon", "coordinates": [ [ [ -122.340119, 47.602126 ], [ -122.338057, 47.602142 ], [ -122.337759, 47.60196 ], [ -122.337458, 47.601822 ], [ -122.336584, 47.601716 ], [ -122.336465, 47.601718 ], [ -122.336329, 47.601722 ], [ -122.336196, 47.601724 ], [ -122.336036, 47.601723 ], [ -122.335522, 47.601725 ], [ -122.334881, 47.601721 ], [ -122.334181, 47.601721 ], [ -122.333901, 47.60172 ], [ -122.332876, 47.601719 ], [ -122.331985, 47.601717 ], [ -122.331418, 47.601716 ], [ -122.330459, 47.601714 ], [ -122.330267, 47.601714 ], [ -122.329985, 47.601714 ], [ -122.329386, 47.601712 ], [ -122.32899, 47.601732 ], [ -122.328986, 47.600873 ], [ -122.328985, 47.60085 ], [ -122.328984, 47.600708 ], [ -122.328977, 47.600034 ], [ -122.328989, 47.599195 ], [ -122.329168, 47.599195 ], [ -122.329357, 47.599196 ], [ -122.32968, 47.599196 ], [ -122.330278, 47.599197 ], [ -122.331579, 47.599199 ], [ -122.332884, 47.599201 ], [ -122.33419, 47.599203 ], [ -122.335441, 47.599205 ], [ -122.335557, 47.599205 ], [ -122.335669, 47.599205 ], [ -122.335911, 47.599206 ], [ -122.337237, 47.59922 ], [ -122.339516, 47.59922 ], [ -122.344837, 47.59922 ], [ -122.344737, 47.60232 ], [ -122.340119, 47.602126 ] ] ] } },
{ "type": "Feature", "properties": { "GEOID": "530330093001", "population": 917, "pop_in_seattle": 917.00000000000023, "area_in_seattle": 756256.31757613318 }, "geometry": { "type": "Polygon", "coordinates": [ [ [ -122.326376, 47.595835 ], [ -122.32507, 47.595833 ], [ -122.323766, 47.595831 ], [ -122.32246, 47.595829 ], [ -122.321474, 47.59583 ], [ -122.321193, 47.595829 ], [ -122.32105, 47.595829 ], [ -122.320935, 47.595829 ], [ -122.320737, 47.595828 ], [ -122.320482, 47.595828 ], [ -122.320251, 47.595826 ], [ -122.319942, 47.595824 ], [ -122.319731, 47.595824 ], [ -122.319533, 47.595823 ], [ -122.319253, 47.595823 ], [ -122.31877, 47.595821 ], [ -122.317257, 47.595819 ], [ -122.317278, 47.595125 ], [ -122.317271, 47.595031 ], [ -122.317268, 47.594982 ], [ -122.317254, 47.59493 ], [ -122.317228, 47.594863 ], [ -122.317187, 47.594779 ], [ -122.317169, 47.594749 ], [ -122.317129, 47.594697 ], [ -122.31707, 47.594622 ], [ -122.317025, 47.594578 ], [ -122.316951, 47.59452 ], [ -122.3168, 47.594404 ], [ -122.316579, 47.59428 ], [ -122.317109, 47.594073 ], [ -122.317181, 47.594031 ], [ -122.317225, 47.593987 ], [ -122.31726, 47.593933 ], [ -122.317282, 47.593832 ], [ -122.317282, 47.591538 ], [ -122.317282, 47.590559 ], [ -122.317282, 47.589986 ], [ -122.317281, 47.589728 ], [ -122.317281, 47.589607 ], [ -122.317278, 47.588435 ], [ -122.317279, 47.586936 ], [ -122.31728, 47.586374 ], [ -122.317287, 47.585543 ], [ -122.317285, 47.585317 ], [ -122.317265, 47.584982 ], [ -122.317249, 47.584859 ], [ -122.317226, 47.584764 ], [ -122.317224, 47.584752 ], [ -122.317174, 47.584625 ], [ -122.317176, 47.584551 ], [ -122.316652, 47.584551 ], [ -122.315991, 47.584551 ], [ -122.315999, 47.5837 ], [ -122.316005, 47.582987 ], [ -122.316014, 47.582047 ], [ -122.317051, 47.583381 ], [ -122.317303, 47.583705 ], [ -122.318421, 47.584839 ], [ -122.318466, 47.584885 ], [ -122.318598, 47.585082 ], [ -122.318792, 47.585395 ], [ -122.318896, 47.585546 ], [ -122.319009, 47.585657 ], [ -122.319151, 47.585763 ], [ -122.319306, 47.585865 ], [ -122.319493, 47.585951 ], [ -122.319649, 47.58601 ], [ -122.319847, 47.586059 ], [ -122.32006, 47.586087 ], [ -122.320348, 47.586105 ], [ -122.320696, 47.586104 ], [ -122.321395, 47.586107 ], [ -122.323502, 47.586099 ], [ -122.324446, 47.586127 ], [ -122.325977, 47.586173 ], [ -122.325972, 47.588225 ], [ -122.325972, 47.590308 ], [ -122.32597, 47.592319 ], [ -122.32597, 47.592349 ], [ -122.32597, 47.592391 ], [ -122.32597, 47.592409 ], [ -122.32597, 47.592553 ], [ -122.32597, 47.592606 ], [ -122.325969, 47.594431 ], [ -122.325973, 47.594786 ], [ -122.325936, 47.594906 ], [ -122.326467, 47.595177 ], [ -122.327718, 47.59581 ], [ -122.327362, 47.595835 ], [ -122.326376, 47.595835 ] ] ] } },
{ "type": "Feature", "properties": { "GEOID": "530330093002", "population": 1435, "pop_in_seattle": 1434.9999999999998, "area_in_seattle": 2613548.9757949421 }, "geometry": { "type": "Polygon", "coordinates": [ [ [ -122.339516, 47.59922 ], [ -122.337237, 47.59922 ], [ -122.335911, 47.599206 ], [ -122.335669, 47.599205 ], [ -122.335557, 47.599205 ], [ -122.335441, 47.599205 ], [ -122.33419, 47.599203 ], [ -122.332884, 47.599201 ], [ -122.331579, 47.599199 ], [ -122.330278, 47.599197 ], [ -122.32968, 47.599196 ], [ -122.329357, 47.599196 ], [ -122.329168, 47.599195 ], [ -122.328989, 47.599195 ], [ -122.328068, 47.599194 ], [ -122.32793, 47.599194 ], [ -122.327669, 47.599193 ], [ -122.327672, 47.598354 ], [ -122.327677, 47.597515 ], [ -122.327682, 47.596668 ], [ -122.327698, 47.596092 ], [ -122.327718, 47.59581 ], [ -122.326467, 47.595177 ], [ -122.325936, 47.594906 ], [ -122.325973, 47.594786 ], [ -122.325969, 47.594431 ], [ -122.32597, 47.592606 ], [ -122.32597, 47.592553 ], [ -122.32597, 47.592409 ], [ -122.32597, 47.592391 ], [ -122.32597, 47.592349 ], [ -122.32597, 47.592319 ], [ -122.325972, 47.590308 ], [ -122.325972, 47.588225 ], [ -122.325977, 47.586173 ], [ -122.327543, 47.586174 ], [ -122.327684, 47.586173 ], [ -122.329064, 47.586168 ], [ -122.329981, 47.586169 ], [ -122.330182, 47.586215 ], [ -122.331999, 47.586219 ], [ -122.332034, 47.586218 ], [ -122.332488, 47.586208 ], [ -122.333267, 47.586101 ], [ -122.334199, 47.586102 ], [ -122.335124, 47.586102 ], [ -122.335126, 47.583982 ], [ -122.335127, 47.581894 ], [ -122.335127, 47.57981 ], [ -122.335129, 47.577726 ], [ -122.335129, 47.575574 ], [ -122.33679, 47.575574 ], [ -122.336862, 47.575574 ], [ -122.337065, 47.575574 ], [ -122.337331, 47.575574 ], [ -122.338096, 47.575574 ], [ -122.339304, 47.575575 ], [ -122.339383, 47.575576 ], [ -122.339463, 47.575576 ], [ -122.340037, 47.575578 ], [ -122.340057, 47.576131 ], [ -122.340049, 47.577255 ], [ -122.340053, 47.578505 ], [ -122.342734, 47.580338 ], [ -122.342906, 47.580503 ], [ -122.343516, 47.580866 ], [ -122.344127, 47.581228 ], [ -122.344198, 47.584484 ], [ -122.344328, 47.590423 ], [ -122.344336, 47.590818 ], [ -122.34434, 47.590978 ], [ -122.344837, 47.59922 ], [ -122.339516, 47.59922 ] ] ] } },
{ "type": "Feature", "properties": { "GEOID": "530330093003", "population": 1259, "pop_in_seattle": 1258.9999999999995, "area_in_seattle": 6705904.8822894385 }, "geometry": { "type": "Polygon", "coordinates": [ [ [ -122.346721, 47.567219 ], [ -122.345959, 47.56929 ], [ -122.345425, 47.570739 ], [ -122.345397, 47.570814 ], [ -122.345306, 47.571061 ], [ -122.345253, 47.571206 ], [ -122.345148, 47.571491 ], [ -122.34453, 47.573168 ], [ -122.343984, 47.574649 ], [ -122.344127, 47.581228 ], [ -122.343516, 47.580866 ], [ -122.342906, 47.580503 ], [ -122.342734, 47.580338 ], [ -122.340053, 47.578505 ], [ -122.340049, 47.577255 ], [ -122.340057, 47.576131 ], [ -122.340037, 47.575578 ], [ -122.339463, 47.575576 ], [ -122.339383, 47.575576 ], [ -122.339304, 47.575575 ], [ -122.338096, 47.575574 ], [ -122.337331, 47.575574 ], [ -122.337065, 47.575574 ], [ -122.336862, 47.575574 ], [ -122.33679, 47.575574 ], [ -122.335129, 47.575574 ], [ -122.335129, 47.577726 ], [ -122.335127, 47.57981 ], [ -122.335127, 47.581894 ], [ -122.335126, 47.583982 ], [ -122.335124, 47.586102 ], [ -122.334199, 47.586102 ], [ -122.333267, 47.586101 ], [ -122.332488, 47.586208 ], [ -122.332034, 47.586218 ], [ -122.331999, 47.586219 ], [ -122.330182, 47.586215 ], [ -122.329981, 47.586169 ], [ -122.329064, 47.586168 ], [ -122.327684, 47.586173 ], [ -122.327543, 47.586174 ], [ -122.325977, 47.586173 ], [ -122.324446, 47.586127 ], [ -122.323502, 47.586099 ], [ -122.321395, 47.586107 ], [ -122.320696, 47.586104 ], [ -122.320348, 47.586105 ], [ -122.32006, 47.586087 ], [ -122.319847, 47.586059 ], [ -122.319649, 47.58601 ], [ -122.319493, 47.585951 ], [ -122.319306, 47.585865 ], [ -122.319151, 47.585763 ], [ -122.319009, 47.585657 ], [ -122.318896, 47.585546 ], [ -122.318792, 47.585395 ], [ -122.318598, 47.585082 ], [ -122.318466, 47.584885 ], [ -122.318421, 47.584839 ], [ -122.317303, 47.583705 ], [ -122.317051, 47.583381 ], [ -122.316014, 47.582047 ], [ -122.316004, 47.581911 ], [ -122.315992, 47.581276 ], [ -122.316059, 47.581021 ], [ -122.316076, 47.58094 ], [ -122.316101, 47.579482 ], [ -122.315985, 47.579482 ], [ -122.315994, 47.578641 ], [ -122.316, 47.577759 ], [ -122.316007, 47.576875 ], [ -122.316013, 47.575999 ], [ -122.316025, 47.575188 ], [ -122.316023, 47.575123 ], [ -122.314745, 47.57512 ], [ -122.31483, 47.575054 ], [ -122.314858, 47.575002 ], [ -122.314845, 47.57425 ], [ -122.314838, 47.573965 ], [ -122.314797, 47.572143 ], [ -122.314784, 47.571558 ], [ -122.314766, 47.570742 ], [ -122.316046, 47.570736 ], [ -122.316034, 47.570196 ], [ -122.316027, 47.569859 ], [ -122.316007, 47.568981 ], [ -122.315988, 47.568107 ], [ -122.31597, 47.56723 ], [ -122.317229, 47.567225 ], [ -122.317278, 47.565312 ], [ -122.317327, 47.563495 ], [ -122.317358, 47.56243 ], [ -122.317381, 47.561691 ], [ -122.316866, 47.561693 ], [ -122.317127, 47.560892 ], [ -122.317136, 47.560839 ], [ -122.317136, 47.56078 ], [ -122.317342, 47.56016 ], [ -122.317377, 47.560127 ], [ -122.317615, 47.559382 ], [ -122.317849, 47.558654 ], [ -122.3181, 47.557901 ], [ -122.318331, 47.557136 ], [ -122.318574, 47.556385 ], [ -122.318765, 47.555812 ], [ -122.318763, 47.555749 ], [ -122.318748, 47.555712 ], [ -122.318717, 47.555673 ], [ -122.318671, 47.555646 ], [ -122.318629, 47.555634 ], [ -122.31861, 47.555629 ], [ -122.317174, 47.555628 ], [ -122.31718, 47.554913 ], [ -122.317191, 47.553455 ], [ -122.317712, 47.553457 ], [ -122.318203, 47.55346 ], [ -122.318637, 47.553462 ], [ -122.319085, 47.553465 ], [ -122.319226, 47.553454 ], [ -122.319362, 47.553436 ], [ -122.319481, 47.553385 ], [ -122.319529, 47.553353 ], [ -122.319548, 47.55334 ], [ -122.319645, 47.553259 ], [ -122.319695, 47.553166 ], [ -122.31971, 47.553114 ], [ -122.319714, 47.553102 ], [ -122.319716, 47.553042 ], [ -122.319701, 47.55296 ], [ -122.319667, 47.552886 ], [ -122.319657, 47.552872 ], [ -122.319622, 47.552823 ], [ -122.319452, 47.552654 ], [ -122.319407, 47.5526 ], [ -122.319394, 47.552517 ], [ -122.319419, 47.552444 ], [ -122.319488, 47.55236 ], [ -122.319566, 47.552286 ], [ -122.31981, 47.552132 ], [ -122.32083, 47.553182 ], [ -122.320974, 47.55331 ], [ -122.321078, 47.553378 ], [ -122.321186, 47.553434 ], [ -122.321372, 47.553387 ], [ -122.321535, 47.55336 ], [ -122.321679, 47.553354 ], [ -122.321977, 47.553356 ], [ -122.323623, 47.553365 ], [ -122.324718, 47.55411 ], [ -122.325408, 47.554577 ], [ -122.325673, 47.554767 ], [ -122.325814, 47.554852 ], [ -122.326516, 47.555339 ], [ -122.326712, 47.555464 ], [ -122.326901, 47.555563 ], [ -122.326979, 47.555593 ], [ -122.327114, 47.555626 ], [ -122.327187, 47.555637 ], [ -122.327641, 47.555652 ], [ -122.328366, 47.555648 ], [ -122.329533, 47.555651 ], [ -122.33091, 47.555668 ], [ -122.332367, 47.555681 ], [ -122.334217, 47.555678 ], [ -122.335287, 47.555692 ], [ -122.33678, 47.555705 ], [ -122.338131, 47.555743 ], [ -122.338277, 47.555751 ], [ -122.33839, 47.555758 ], [ -122.339611, 47.555826 ], [ -122.34166, 47.555884 ], [ -122.341704, 47.555904 ], [ -122.341709, 47.556052 ], [ -122.342737, 47.55622 ], [ -122.343288, 47.55603 ], [ -122.345057, 47.559182 ], [ -122.345351, 47.560169 ], [ -122.346271, 47.563267 ], [ -122.346488, 47.563996 ], [ -122.346634, 47.564486 ], [ -122.346689, 47.565224 ], [ -122.346796, 47.566647 ], [ -122.346819, 47.566956 ], [ -122.346721, 47.567219 ] ] ] } },
{ "type": "Feature", "properties": { "GEOID": "530330094002", "population": 1471, "pop_in_seattle": 1470.9999999999998, "area_in_seattle": 490925.00842203933 }, "geometry": { "type": "Polygon", "coordinates": [ [ [ -122.310779, 47.583683 ], [ -122.310771, 47.584533 ], [ -122.310763, 47.58552 ], [ -122.310755, 47.586352 ], [ -122.310759, 47.586675 ], [ -122.310743, 47.586745 ], [ -122.310679, 47.586903 ], [ -122.310604, 47.58704 ], [ -122.310572, 47.587154 ], [ -122.310543, 47.587752 ], [ -122.309465, 47.587746 ], [ -122.308386, 47.587741 ], [ -122.307308, 47.587736 ], [ -122.30623, 47.587731 ], [ -122.305251, 47.587737 ], [ -122.305153, 47.587736 ], [ -122.30512, 47.587736 ], [ -122.30386, 47.587722 ], [ -122.303873, 47.588398 ], [ -122.302675, 47.588374 ], [ -122.302596, 47.588373 ], [ -122.302621, 47.587204 ], [ -122.302644, 47.587057 ], [ -122.302691, 47.586917 ], [ -122.302926, 47.586324 ], [ -122.302934, 47.585494 ], [ -122.302912, 47.584499 ], [ -122.302201, 47.583655 ], [ -122.301812, 47.583143 ], [ -122.30152, 47.582761 ], [ -122.300358, 47.58124 ], [ -122.300194, 47.581026 ], [ -122.301215, 47.581015 ], [ -122.301527, 47.581011 ], [ -122.301621, 47.581024 ], [ -122.302237, 47.581021 ], [ -122.302486, 47.581021 ], [ -122.303205, 47.581002 ], [ -122.303226, 47.581003 ], [ -122.304276, 47.581007 ], [ -122.30433, 47.581007 ], [ -122.305492, 47.581008 ], [ -122.305553, 47.580998 ], [ -122.305614, 47.580989 ], [ -122.306565, 47.580987 ], [ -122.306884, 47.580988 ], [ -122.308188, 47.580992 ], [ -122.30873, 47.580994 ], [ -122.309493, 47.580997 ], [ -122.309783, 47.580998 ], [ -122.310796, 47.581001 ], [ -122.310786, 47.58297 ], [ -122.310779, 47.583683 ] ] ] } },
{ "type": "Feature", "properties": { "GEOID": "530330056005", "population": 1405, "pop_in_seattle": 1404.9999999999998, "area_in_seattle": 505264.63725314348 }, "geometry": { "type": "Polygon", "coordinates": [ [ [ -122.399632, 47.639555 ], [ -122.398338, 47.639556 ], [ -122.396989, 47.639557 ], [ -122.395672, 47.639558 ], [ -122.394209, 47.639561 ], [ -122.392999, 47.639563 ], [ -122.393, 47.639508 ], [ -122.393007, 47.639114 ], [ -122.391728, 47.639117 ], [ -122.391679, 47.639117 ], [ -122.390374, 47.63912 ], [ -122.390371, 47.638407 ], [ -122.390369, 47.637693 ], [ -122.390366, 47.63698 ], [ -122.390363, 47.636267 ], [ -122.390356, 47.635982 ], [ -122.390363, 47.635958 ], [ -122.390395, 47.635923 ], [ -122.389894, 47.635919 ], [ -122.389664, 47.635911 ], [ -122.389711, 47.635428 ], [ -122.389725, 47.635301 ], [ -122.389882, 47.634991 ], [ -122.39018, 47.634538 ], [ -122.390224, 47.634448 ], [ -122.390244, 47.634409 ], [ -122.390274, 47.634265 ], [ -122.390287, 47.63411 ], [ -122.390259, 47.633905 ], [ -122.390227, 47.633798 ], [ -122.390205, 47.633649 ], [ -122.390219, 47.633379 ], [ -122.390247, 47.632963 ], [ -122.390322, 47.632767 ], [ -122.390373, 47.632695 ], [ -122.390464, 47.632612 ], [ -122.390845, 47.632327 ], [ -122.391159, 47.632323 ], [ -122.39125, 47.632321 ], [ -122.391881, 47.632314 ], [ -122.393103, 47.632302 ], [ -122.39375, 47.632295 ], [ -122.394267, 47.632291 ], [ -122.394392, 47.632297 ], [ -122.394672, 47.632351 ], [ -122.395371, 47.632596 ], [ -122.396648, 47.633045 ], [ -122.396903, 47.633138 ], [ -122.397096, 47.633286 ], [ -122.397156, 47.633377 ], [ -122.397397, 47.633746 ], [ -122.397819, 47.634458 ], [ -122.397891, 47.635909 ], [ -122.398385, 47.635907 ], [ -122.398902, 47.635906 ], [ -122.399512, 47.635905 ], [ -122.399943, 47.635904 ], [ -122.399962, 47.636635 ], [ -122.400006, 47.636871 ], [ -122.400081, 47.637103 ], [ -122.400274, 47.637528 ], [ -122.40034, 47.63773 ], [ -122.400402, 47.638086 ], [ -122.400392, 47.639108 ], [ -122.400482, 47.639106 ], [ -122.400585, 47.639136 ], [ -122.400698, 47.639197 ], [ -122.400832, 47.63925 ], [ -122.400965, 47.639274 ], [ -122.401001, 47.639554 ], [ -122.399632, 47.639555 ] ] ] } },
{ "type": "Feature", "properties": { "GEOID": "530330104013", "population": 1560, "pop_in_seattle": 1559.9999999999989, "area_in_seattle": 527859.72785384103 }, "geometry": { "type": "Polygon", "coordinates": [ [ [ -122.300574, 47.550983 ], [ -122.298256, 47.550923 ], [ -122.297529, 47.550905 ], [ -122.297216, 47.550896 ], [ -122.296883, 47.550888 ], [ -122.294153, 47.550817 ], [ -122.293458, 47.550798 ], [ -122.292288, 47.550893 ], [ -122.292146, 47.550905 ], [ -122.291558, 47.550953 ], [ -122.291557, 47.549795 ], [ -122.291422, 47.549802 ], [ -122.290825, 47.549801 ], [ -122.290549, 47.549799 ], [ -122.290402, 47.549799 ], [ -122.289707, 47.549794 ], [ -122.288852, 47.549788 ], [ -122.288185, 47.549783 ], [ -122.288116, 47.549788 ], [ -122.287502, 47.549803 ], [ -122.287282, 47.549808 ], [ -122.287259, 47.549759 ], [ -122.287239, 47.549717 ], [ -122.287219, 47.549676 ], [ -122.28719, 47.549615 ], [ -122.286463, 47.548113 ], [ -122.286434, 47.548049 ], [ -122.286402, 47.547985 ], [ -122.286257, 47.547695 ], [ -122.285432, 47.546048 ], [ -122.285554, 47.54605 ], [ -122.285724, 47.546052 ], [ -122.286617, 47.546065 ], [ -122.288733, 47.546095 ], [ -122.288897, 47.546097 ], [ -122.289058, 47.546099 ], [ -122.290264, 47.546116 ], [ -122.290353, 47.546117 ], [ -122.291553, 47.546134 ], [ -122.292596, 47.546163 ], [ -122.293635, 47.546191 ], [ -122.293908, 47.546198 ], [ -122.294754, 47.546222 ], [ -122.295822, 47.54625 ], [ -122.296889, 47.546279 ], [ -122.300334, 47.54637 ], [ -122.300772, 47.547783 ], [ -122.301034, 47.548655 ], [ -122.301452, 47.550052 ], [ -122.301742, 47.551013 ], [ -122.300574, 47.550983 ] ] ] } },
{ "type": "Feature", "properties": { "GEOID": "530330115003", "population": 1540, "pop_in_seattle": 1539.9999999999998, "area_in_seattle": 451898.14010891173 }, "geometry": { "type": "Polygon", "coordinates": [ [ [ -122.382006, 47.530621 ], [ -122.382001, 47.531358 ], [ -122.381995, 47.532096 ], [ -122.381988, 47.532819 ], [ -122.38198, 47.533543 ], [ -122.381974, 47.534266 ], [ -122.381966, 47.53499 ], [ -122.381961, 47.535696 ], [ -122.379284, 47.535631 ], [ -122.378381, 47.535609 ], [ -122.378374, 47.536816 ], [ -122.37837, 47.537436 ], [ -122.378363, 47.538668 ], [ -122.37836, 47.539244 ], [ -122.376577, 47.539218 ], [ -122.375241, 47.539212 ], [ -122.37524, 47.537387 ], [ -122.37524, 47.535561 ], [ -122.375254, 47.533736 ], [ -122.375268, 47.53191 ], [ -122.375278, 47.530097 ], [ -122.37664, 47.530097 ], [ -122.37664, 47.529734 ], [ -122.376639, 47.529008 ], [ -122.376681, 47.529009 ], [ -122.379327, 47.529079 ], [ -122.382014, 47.529147 ], [ -122.38201, 47.529884 ], [ -122.382006, 47.530621 ] ] ] } },
{ "type": "Feature", "properties": { "GEOID": "530330026002", "population": 1465, "pop_in_seattle": 1464.9999999999993, "area_in_seattle": 406419.95940179646 }, "geometry": { "type": "Polygon", "coordinates": [ [ [ -122.317, 47.683059 ], [ -122.31695, 47.683059 ], [ -122.316773, 47.683058 ], [ -122.31643, 47.683057 ], [ -122.315284, 47.683053 ], [ -122.31422, 47.683055 ], [ -122.313172, 47.683048 ], [ -122.31208, 47.683044 ], [ -122.3121, 47.683955 ], [ -122.312118, 47.684858 ], [ -122.312015, 47.684859 ], [ -122.311041, 47.684863 ], [ -122.309963, 47.68486 ], [ -122.309485, 47.684858 ], [ -122.308886, 47.684858 ], [ -122.307808, 47.684858 ], [ -122.306731, 47.684858 ], [ -122.306702, 47.683107 ], [ -122.306711, 47.683045 ], [ -122.306721, 47.682986 ], [ -122.306683, 47.681256 ], [ -122.306645, 47.679431 ], [ -122.307719, 47.679441 ], [ -122.30879, 47.67943 ], [ -122.309862, 47.67942 ], [ -122.310934, 47.679409 ], [ -122.311919, 47.679407 ], [ -122.312005, 47.679406 ], [ -122.312094, 47.679408 ], [ -122.313204, 47.679425 ], [ -122.314418, 47.679438 ], [ -122.315669, 47.67945 ], [ -122.317415, 47.679468 ], [ -122.317429, 47.68017 ], [ -122.317444, 47.680861 ], [ -122.317459, 47.681552 ], [ -122.317473, 47.682233 ], [ -122.317482, 47.68272 ], [ -122.317483, 47.682802 ], [ -122.317489, 47.683061 ], [ -122.317, 47.683059 ] ] ] } },
{ "type": "Feature", "properties": { "GEOID": "530330090002", "population": 1613, "pop_in_seattle": 1613.0, "area_in_seattle": 171294.25117896669 }, "geometry": { "type": "Polygon", "coordinates": [ [ [ -122.308972, 47.598322 ], [ -122.308972, 47.598558 ], [ -122.308971, 47.598793 ], [ -122.308969, 47.599237 ], [ -122.308968, 47.599999 ], [ -122.308965, 47.600837 ], [ -122.308961, 47.601676 ], [ -122.307659, 47.601674 ], [ -122.306354, 47.601672 ], [ -122.305046, 47.60167 ], [ -122.303741, 47.601667 ], [ -122.303745, 47.601361 ], [ -122.303712, 47.601248 ], [ -122.303851, 47.601156 ], [ -122.304344, 47.600829 ], [ -122.304343, 47.600314 ], [ -122.304341, 47.599992 ], [ -122.304267, 47.599689 ], [ -122.304226, 47.599267 ], [ -122.30468, 47.599263 ], [ -122.306359, 47.599253 ], [ -122.30636, 47.59879 ], [ -122.306362, 47.598318 ], [ -122.306364, 47.597478 ], [ -122.306366, 47.596639 ], [ -122.306346, 47.596412 ], [ -122.306196, 47.596117 ], [ -122.306195, 47.596088 ], [ -122.306186, 47.595919 ], [ -122.306184, 47.59589 ], [ -122.306525, 47.595891 ], [ -122.306657, 47.595891 ], [ -122.306861, 47.595866 ], [ -122.307277, 47.595867 ], [ -122.308959, 47.59587 ], [ -122.308977, 47.596644 ], [ -122.308975, 47.597482 ], [ -122.308972, 47.598322 ] ] ] } },
{ "type": "Feature", "properties": { "GEOID": "530330102004", "population": 1168, "pop_in_seattle": 1167.9999999999995, "area_in_seattle": 388709.02910290967 }, "geometry": { "type": "Polygon", "coordinates": [ [ [ -122.274472, 47.56057 ], [ -122.273217, 47.560575 ], [ -122.27196, 47.560582 ], [ -122.27195, 47.559404 ], [ -122.27194, 47.558232 ], [ -122.270687, 47.558238 ], [ -122.270694, 47.557073 ], [ -122.270703, 47.556995 ], [ -122.270343, 47.555917 ], [ -122.270183, 47.555566 ], [ -122.269845, 47.554848 ], [ -122.269749, 47.554694 ], [ -122.269619, 47.554499 ], [ -122.269181, 47.554111 ], [ -122.268356, 47.553364 ], [ -122.268164, 47.553194 ], [ -122.267988, 47.553038 ], [ -122.267514, 47.552611 ], [ -122.267361, 47.552473 ], [ -122.267274, 47.552394 ], [ -122.267273, 47.551874 ], [ -122.267637, 47.551876 ], [ -122.269919, 47.551885 ], [ -122.27265, 47.551903 ], [ -122.274137, 47.551907 ], [ -122.275382, 47.551911 ], [ -122.275379, 47.552646 ], [ -122.275374, 47.553382 ], [ -122.275374, 47.554457 ], [ -122.275372, 47.55521 ], [ -122.275369, 47.556104 ], [ -122.275369, 47.556124 ], [ -122.275362, 47.557049 ], [ -122.275698, 47.557047 ], [ -122.275708, 47.558212 ], [ -122.275725, 47.558491 ], [ -122.275714, 47.558984 ], [ -122.275717, 47.559385 ], [ -122.275727, 47.560565 ], [ -122.274472, 47.56057 ] ] ] } },
{ "type": "Feature", "properties": { "GEOID": "530330043022", "population": 1371, "pop_in_seattle": 1370.9999999999993, "area_in_seattle": 72037.929907189857 }, "geometry": { "type": "Polygon", "coordinates": [ [ [ -122.306519, 47.663053 ], [ -122.306448, 47.663058 ], [ -122.305464, 47.663073 ], [ -122.304469, 47.66307 ], [ -122.304006, 47.663069 ], [ -122.303973, 47.663398 ], [ -122.304, 47.663649 ], [ -122.30405, 47.663807 ], [ -122.304368, 47.664561 ], [ -122.304431, 47.6649 ], [ -122.304055, 47.664897 ], [ -122.30345, 47.664852 ], [ -122.303409, 47.664961 ], [ -122.303408, 47.664847 ], [ -122.30342, 47.66469 ], [ -122.303441, 47.664431 ], [ -122.303222, 47.663678 ], [ -122.303187, 47.663557 ], [ -122.303027, 47.663068 ], [ -122.303011, 47.663019 ], [ -122.30273, 47.662281 ], [ -122.302479, 47.661753 ], [ -122.302451, 47.661516 ], [ -122.302486, 47.661341 ], [ -122.302508, 47.661251 ], [ -122.304627, 47.661195 ], [ -122.304813, 47.661208 ], [ -122.305475, 47.661254 ], [ -122.30653, 47.661255 ], [ -122.306529, 47.661323 ], [ -122.306519, 47.663053 ] ] ] } },
{ "type": "Feature", "properties": { "GEOID": "530330021002", "population": 1365, "pop_in_seattle": 1364.9999999999998, "area_in_seattle": 482438.87852053408 }, "geometry": { "type": "Polygon", "coordinates": [ [ [ -122.305692, 47.69689 ], [ -122.3056, 47.697241 ], [ -122.305468, 47.697567 ], [ -122.305209, 47.698018 ], [ -122.304853, 47.698468 ], [ -122.304131, 47.699315 ], [ -122.303319, 47.70027 ], [ -122.302553, 47.70117 ], [ -122.301155, 47.70116 ], [ -122.299923, 47.701155 ], [ -122.30132, 47.700255 ], [ -122.298847, 47.700243 ], [ -122.29883, 47.699334 ], [ -122.298812, 47.698426 ], [ -122.296066, 47.698409 ], [ -122.29602, 47.697497 ], [ -122.29599, 47.696589 ], [ -122.295978, 47.695681 ], [ -122.295964, 47.694772 ], [ -122.295951, 47.693864 ], [ -122.295981, 47.693103 ], [ -122.29601, 47.692383 ], [ -122.298761, 47.692407 ], [ -122.29877, 47.692268 ], [ -122.298771, 47.692166 ], [ -122.298715, 47.692146 ], [ -122.29869, 47.692068 ], [ -122.298686, 47.691947 ], [ -122.298674, 47.691709 ], [ -122.298706, 47.691709 ], [ -122.299138, 47.691711 ], [ -122.299286, 47.691722 ], [ -122.299459, 47.691765 ], [ -122.299636, 47.691853 ], [ -122.299748, 47.691952 ], [ -122.299826, 47.692091 ], [ -122.300094, 47.692122 ], [ -122.300121, 47.692125 ], [ -122.300233, 47.692154 ], [ -122.300343, 47.692204 ], [ -122.300412, 47.692261 ], [ -122.300471, 47.692385 ], [ -122.300476, 47.692833 ], [ -122.30055, 47.692986 ], [ -122.300722, 47.69314 ], [ -122.300816, 47.69326 ], [ -122.300853, 47.69334 ], [ -122.300879, 47.693457 ], [ -122.300881, 47.693896 ], [ -122.301514, 47.693901 ], [ -122.301523, 47.69481 ], [ -122.304068, 47.694824 ], [ -122.304177, 47.695235 ], [ -122.304178, 47.695738 ], [ -122.305363, 47.695747 ], [ -122.305695, 47.695749 ], [ -122.305715, 47.695992 ], [ -122.305748, 47.696392 ], [ -122.305737, 47.696547 ], [ -122.305692, 47.69689 ] ] ] } },
{ "type": "Feature", "properties": { "GEOID": "530330017021", "population": 1337, "pop_in_seattle": 1337.0000000000002, "area_in_seattle": 222077.60964707343 }, "geometry": { "type": "Polygon", "coordinates": [ [ [ -122.359602, 47.702977 ], [ -122.358275, 47.703651 ], [ -122.358066, 47.703756 ], [ -122.357784, 47.7039 ], [ -122.356863, 47.704367 ], [ -122.355454, 47.705082 ], [ -122.355446, 47.704357 ], [ -122.355439, 47.703633 ], [ -122.355431, 47.702908 ], [ -122.355424, 47.702184 ], [ -122.355416, 47.701459 ], [ -122.355402, 47.70011 ], [ -122.355397, 47.699648 ], [ -122.355378, 47.697837 ], [ -122.356719, 47.69784 ], [ -122.357398, 47.697842 ], [ -122.35764, 47.697842 ], [ -122.358059, 47.697844 ], [ -122.359399, 47.697847 ], [ -122.359417, 47.699663 ], [ -122.359436, 47.701479 ], [ -122.360675, 47.701498 ], [ -122.360735, 47.701512 ], [ -122.360742, 47.702212 ], [ -122.360744, 47.702398 ], [ -122.359602, 47.702977 ] ] ] } },
{ "type": "Feature", "properties": { "GEOID": "530330050003", "population": 1685, "pop_in_seattle": 1684.9999999999995, "area_in_seattle": 154918.98117918344 }, "geometry": { "type": "Polygon", "coordinates": [ [ [ -122.347267, 47.660997 ], [ -122.347272, 47.661102 ], [ -122.347271, 47.661392 ], [ -122.34727, 47.662059 ], [ -122.34727, 47.66218 ], [ -122.346556, 47.662174 ], [ -122.346355, 47.66216 ], [ -122.34609, 47.662126 ], [ -122.345632, 47.662136 ], [ -122.344578, 47.662123 ], [ -122.344461, 47.662109 ], [ -122.344348, 47.662065 ], [ -122.343775, 47.661793 ], [ -122.343, 47.661383 ], [ -122.342147, 47.661384 ], [ -122.340664, 47.661384 ], [ -122.340673, 47.660671 ], [ -122.340682, 47.659958 ], [ -122.340693, 47.659174 ], [ -122.340763, 47.659174 ], [ -122.342135, 47.659181 ], [ -122.342258, 47.659181 ], [ -122.343782, 47.659189 ], [ -122.344585, 47.659195 ], [ -122.344591, 47.658668 ], [ -122.345646, 47.658672 ], [ -122.346701, 47.658673 ], [ -122.347269, 47.658666 ], [ -122.347267, 47.659368 ], [ -122.347266, 47.659577 ], [ -122.347267, 47.660028 ], [ -122.347268, 47.660565 ], [ -122.347271, 47.660818 ], [ -122.347272, 47.660921 ], [ -122.347267, 47.660997 ] ] ] } },
{ "type": "Feature", "properties": { "GEOID": "530330050002", "population": 1084, "pop_in_seattle": 1084.0000000000002, "area_in_seattle": 211785.39488737809 }, "geometry": { "type": "Polygon", "coordinates": [ [ [ -122.346701, 47.658673 ], [ -122.345646, 47.658672 ], [ -122.344591, 47.658668 ], [ -122.344585, 47.659195 ], [ -122.343782, 47.659189 ], [ -122.342258, 47.659181 ], [ -122.342135, 47.659181 ], [ -122.340763, 47.659174 ], [ -122.340693, 47.659174 ], [ -122.339714, 47.659169 ], [ -122.338597, 47.659163 ], [ -122.337404, 47.659157 ], [ -122.33621, 47.65915 ], [ -122.336226, 47.657983 ], [ -122.336243, 47.656815 ], [ -122.337437, 47.656821 ], [ -122.33863, 47.656827 ], [ -122.339742, 47.656833 ], [ -122.340796, 47.656838 ], [ -122.342369, 47.656846 ], [ -122.342379, 47.656642 ], [ -122.343558, 47.656644 ], [ -122.344085, 47.656645 ], [ -122.344647, 47.656647 ], [ -122.345272, 47.656649 ], [ -122.345953, 47.656652 ], [ -122.346584, 47.656654 ], [ -122.346713, 47.656654 ], [ -122.346911, 47.656654 ], [ -122.347249, 47.656655 ], [ -122.347249, 47.657739 ], [ -122.347269, 47.658666 ], [ -122.346701, 47.658673 ] ] ] } },
{ "type": "Feature", "properties": { "GEOID": "530330115002", "population": 1540, "pop_in_seattle": 1540.0, "area_in_seattle": 531747.72070574225 }, "geometry": { "type": "Polygon", "coordinates": [ [ [ -122.382022, 47.52841 ], [ -122.382014, 47.529147 ], [ -122.379327, 47.529079 ], [ -122.376681, 47.529009 ], [ -122.376639, 47.529008 ], [ -122.37664, 47.529734 ], [ -122.37664, 47.530097 ], [ -122.375278, 47.530097 ], [ -122.375284, 47.528283 ], [ -122.37529, 47.526469 ], [ -122.373944, 47.52647 ], [ -122.372599, 47.526472 ], [ -122.371254, 47.526473 ], [ -122.371259, 47.524665 ], [ -122.371294, 47.522854 ], [ -122.371329, 47.521044 ], [ -122.372688, 47.52105 ], [ -122.374047, 47.521056 ], [ -122.375405, 47.521062 ], [ -122.376764, 47.521068 ], [ -122.378103, 47.521077 ], [ -122.379442, 47.521087 ], [ -122.37939, 47.522886 ], [ -122.379341, 47.524687 ], [ -122.379339, 47.525411 ], [ -122.379337, 47.526135 ], [ -122.381901, 47.526168 ], [ -122.381977, 47.526302 ], [ -122.382016, 47.52643 ], [ -122.382029, 47.526962 ], [ -122.382025, 47.527686 ], [ -122.382022, 47.52841 ] ] ] } },
{ "type": "Feature", "properties": { "GEOID": "530330102003", "population": 1205, "pop_in_seattle": 1205.0000000000005, "area_in_seattle": 320043.31363993388 }, "geometry": { "type": "Polygon", "coordinates": [ [ [ -122.275389, 47.549705 ], [ -122.275387, 47.550415 ], [ -122.275384, 47.551163 ], [ -122.275382, 47.551911 ], [ -122.274137, 47.551907 ], [ -122.27265, 47.551903 ], [ -122.269919, 47.551885 ], [ -122.267637, 47.551876 ], [ -122.267273, 47.551874 ], [ -122.267271, 47.551125 ], [ -122.267266, 47.550377 ], [ -122.267261, 47.549708 ], [ -122.269907, 47.549713 ], [ -122.269904, 47.549103 ], [ -122.269903, 47.548876 ], [ -122.2699, 47.548462 ], [ -122.269897, 47.547753 ], [ -122.272646, 47.547732 ], [ -122.272645, 47.546964 ], [ -122.272645, 47.54605 ], [ -122.272898, 47.546048 ], [ -122.273717, 47.546042 ], [ -122.274811, 47.546032 ], [ -122.27542, 47.546029 ], [ -122.275991, 47.546025 ], [ -122.276188, 47.546195 ], [ -122.276317, 47.546331 ], [ -122.276533, 47.546644 ], [ -122.276658, 47.546958 ], [ -122.276741, 47.547422 ], [ -122.276844, 47.548048 ], [ -122.276877, 47.548248 ], [ -122.276965, 47.548783 ], [ -122.277011, 47.548944 ], [ -122.277136, 47.549702 ], [ -122.275389, 47.549705 ] ] ] } },
{ "type": "Feature", "properties": { "GEOID": "530330051001", "population": 1470, "pop_in_seattle": 1470.0000000000002, "area_in_seattle": 320319.06037530483 }, "geometry": { "type": "Polygon", "coordinates": [ [ [ -122.336424, 47.662865 ], [ -122.336419, 47.663578 ], [ -122.336415, 47.664291 ], [ -122.336411, 47.665033 ], [ -122.335153, 47.665034 ], [ -122.33372, 47.665034 ], [ -122.332092, 47.665024 ], [ -122.331014, 47.665018 ], [ -122.330584, 47.665016 ], [ -122.329064, 47.665007 ], [ -122.328269, 47.665001 ], [ -122.328267, 47.664831 ], [ -122.328253, 47.662607 ], [ -122.328254, 47.662413 ], [ -122.32826, 47.661593 ], [ -122.328262, 47.661358 ], [ -122.328279, 47.660251 ], [ -122.328986, 47.660274 ], [ -122.330179, 47.660279 ], [ -122.331372, 47.660284 ], [ -122.332565, 47.66029 ], [ -122.333745, 47.660295 ], [ -122.334999, 47.660304 ], [ -122.336193, 47.66031 ], [ -122.336185, 47.661384 ], [ -122.336443, 47.661384 ], [ -122.336428, 47.662125 ], [ -122.336424, 47.662865 ] ] ] } },
{ "type": "Feature", "properties": { "GEOID": "530330064003", "population": 1300, "pop_in_seattle": 1299.9999999999998, "area_in_seattle": 370135.24508278316 }, "geometry": { "type": "Polygon", "coordinates": [ [ [ -122.308619, 47.628674 ], [ -122.3086, 47.630534 ], [ -122.308546, 47.630591 ], [ -122.308517, 47.630603 ], [ -122.308638, 47.630662 ], [ -122.308596, 47.630714 ], [ -122.308574, 47.632311 ], [ -122.307229, 47.632304 ], [ -122.305985, 47.632298 ], [ -122.304711, 47.632291 ], [ -122.303507, 47.632285 ], [ -122.302295, 47.632284 ], [ -122.302305, 47.63175 ], [ -122.302334, 47.629904 ], [ -122.302357, 47.628643 ], [ -122.302379, 47.627433 ], [ -122.302383, 47.626814 ], [ -122.302385, 47.626692 ], [ -122.302407, 47.625944 ], [ -122.302421, 47.625198 ], [ -122.303545, 47.625206 ], [ -122.303599, 47.625206 ], [ -122.304669, 47.625213 ], [ -122.30481, 47.625214 ], [ -122.306027, 47.625224 ], [ -122.307321, 47.625232 ], [ -122.308665, 47.625239 ], [ -122.308644, 47.626857 ], [ -122.308619, 47.628674 ] ] ] } },
{ "type": "Feature", "properties": { "GEOID": "530330017022", "population": 1132, "pop_in_seattle": 1132.0000000000005, "area_in_seattle": 324671.15324812947 }, "geometry": { "type": "Polygon", "coordinates": [ [ [ -122.372757, 47.694251 ], [ -122.371461, 47.694251 ], [ -122.371407, 47.694251 ], [ -122.370059, 47.694253 ], [ -122.368711, 47.694255 ], [ -122.36863, 47.694255 ], [ -122.367322, 47.694257 ], [ -122.366015, 47.694258 ], [ -122.364681, 47.694253 ], [ -122.363347, 47.694248 ], [ -122.363342, 47.693524 ], [ -122.363337, 47.6928 ], [ -122.363332, 47.692064 ], [ -122.363327, 47.691363 ], [ -122.363322, 47.690639 ], [ -122.365994, 47.690654 ], [ -122.367269, 47.690648 ], [ -122.368325, 47.690644 ], [ -122.369347, 47.690639 ], [ -122.370404, 47.690635 ], [ -122.371442, 47.690631 ], [ -122.372764, 47.690625 ], [ -122.374104, 47.690619 ], [ -122.374106, 47.69425 ], [ -122.372757, 47.694251 ] ] ] } },
{ "type": "Feature", "properties": { "GEOID": "530330100022", "population": 1541, "pop_in_seattle": 1540.9999999999995, "area_in_seattle": 284042.59998407948 }, "geometry": { "type": "Polygon", "coordinates": [ [ [ -122.316059, 47.581021 ], [ -122.315992, 47.581276 ], [ -122.316004, 47.581911 ], [ -122.316014, 47.582047 ], [ -122.315872, 47.581977 ], [ -122.31577, 47.581944 ], [ -122.315631, 47.581907 ], [ -122.31546, 47.581885 ], [ -122.314708, 47.581879 ], [ -122.314714, 47.58102 ], [ -122.313805, 47.581015 ], [ -122.313414, 47.580591 ], [ -122.312379, 47.579469 ], [ -122.312047, 47.579109 ], [ -122.311599, 47.578624 ], [ -122.310822, 47.577783 ], [ -122.310139, 47.577049 ], [ -122.310086, 47.576992 ], [ -122.3098, 47.576665 ], [ -122.309621, 47.576362 ], [ -122.309218, 47.575085 ], [ -122.310374, 47.575085 ], [ -122.31078, 47.575094 ], [ -122.311176, 47.575101 ], [ -122.312075, 47.575117 ], [ -122.312398, 47.575114 ], [ -122.312433, 47.574048 ], [ -122.312465, 47.573092 ], [ -122.313398, 47.573092 ], [ -122.313687, 47.573095 ], [ -122.313836, 47.573136 ], [ -122.313948, 47.573215 ], [ -122.314028, 47.573358 ], [ -122.31422, 47.573774 ], [ -122.314309, 47.573884 ], [ -122.314443, 47.573948 ], [ -122.314571, 47.573968 ], [ -122.314838, 47.573965 ], [ -122.314845, 47.57425 ], [ -122.314858, 47.575002 ], [ -122.31483, 47.575054 ], [ -122.314745, 47.57512 ], [ -122.316023, 47.575123 ], [ -122.316025, 47.575188 ], [ -122.316013, 47.575999 ], [ -122.316007, 47.576875 ], [ -122.316, 47.577759 ], [ -122.315994, 47.578641 ], [ -122.315985, 47.579482 ], [ -122.316101, 47.579482 ], [ -122.316076, 47.58094 ], [ -122.316059, 47.581021 ] ] ] } },
{ "type": "Feature", "properties": { "GEOID": "530330026003", "population": 1710, "pop_in_seattle": 1710.0, "area_in_seattle": 326612.7514479435 }, "geometry": { "type": "Polygon", "coordinates": [ [ [ -122.315669, 47.67945 ], [ -122.314418, 47.679438 ], [ -122.313204, 47.679425 ], [ -122.312094, 47.679408 ], [ -122.312005, 47.679406 ], [ -122.311919, 47.679407 ], [ -122.310934, 47.679409 ], [ -122.309862, 47.67942 ], [ -122.30879, 47.67943 ], [ -122.307719, 47.679441 ], [ -122.306645, 47.679431 ], [ -122.306611, 47.677632 ], [ -122.306568, 47.675877 ], [ -122.30652, 47.675777 ], [ -122.30668, 47.675815 ], [ -122.307645, 47.675819 ], [ -122.308716, 47.675807 ], [ -122.309787, 47.67578 ], [ -122.310859, 47.675781 ], [ -122.311931, 47.675782 ], [ -122.313133, 47.675792 ], [ -122.31435, 47.675802 ], [ -122.31566, 47.675813 ], [ -122.317365, 47.675828 ], [ -122.317375, 47.676553 ], [ -122.317385, 47.677282 ], [ -122.317395, 47.678011 ], [ -122.317405, 47.678739 ], [ -122.317415, 47.679468 ], [ -122.315669, 47.67945 ] ] ] } },
{ "type": "Feature", "properties": { "GEOID": "530330111014", "population": 1529, "pop_in_seattle": 1529.0, "area_in_seattle": 386738.16613594576 }, "geometry": { "type": "Polygon", "coordinates": [ [ [ -122.284865, 47.546041 ], [ -122.283343, 47.546019 ], [ -122.28085, 47.545986 ], [ -122.278155, 47.546008 ], [ -122.277061, 47.546017 ], [ -122.275991, 47.546025 ], [ -122.275558, 47.545696 ], [ -122.275119, 47.545363 ], [ -122.27451, 47.544901 ], [ -122.274052, 47.544258 ], [ -122.273405, 47.543329 ], [ -122.27281, 47.542474 ], [ -122.273462, 47.542471 ], [ -122.275376, 47.542463 ], [ -122.27647, 47.542457 ], [ -122.27811, 47.542449 ], [ -122.278098, 47.541559 ], [ -122.278087, 47.54067 ], [ -122.280807, 47.540661 ], [ -122.282604, 47.540673 ], [ -122.282828, 47.540674 ], [ -122.283692, 47.542452 ], [ -122.284043, 47.543192 ], [ -122.284416, 47.5439 ], [ -122.284584, 47.544257 ], [ -122.284764, 47.54463 ], [ -122.284851, 47.54481 ], [ -122.284971, 47.545062 ], [ -122.285102, 47.545326 ], [ -122.285432, 47.546048 ], [ -122.284865, 47.546041 ] ] ] } },
{ "type": "Feature", "properties": { "GEOID": "530330051002", "population": 1375, "pop_in_seattle": 1375.0, "area_in_seattle": 318623.31254074286 }, "geometry": { "type": "Polygon", "coordinates": [ [ [ -122.336226, 47.657983 ], [ -122.33621, 47.65915 ], [ -122.336193, 47.66031 ], [ -122.334999, 47.660304 ], [ -122.333745, 47.660295 ], [ -122.332565, 47.66029 ], [ -122.331372, 47.660284 ], [ -122.330179, 47.660279 ], [ -122.328986, 47.660274 ], [ -122.328279, 47.660251 ], [ -122.328282, 47.660098 ], [ -122.328298, 47.659038 ], [ -122.328317, 47.657782 ], [ -122.328162, 47.657706 ], [ -122.328087, 47.657705 ], [ -122.327848, 47.657705 ], [ -122.32785, 47.657514 ], [ -122.327879, 47.655548 ], [ -122.328053, 47.655549 ], [ -122.328406, 47.655551 ], [ -122.329052, 47.655556 ], [ -122.330245, 47.655565 ], [ -122.331438, 47.655573 ], [ -122.332631, 47.655582 ], [ -122.333823, 47.655612 ], [ -122.335064, 47.655641 ], [ -122.336259, 47.655647 ], [ -122.336243, 47.656815 ], [ -122.336226, 47.657983 ] ] ] } },
{ "type": "Feature", "properties": { "GEOID": "530330017013", "population": 1164, "pop_in_seattle": 1164.0, "area_in_seattle": 263935.05469977384 }, "geometry": { "type": "Polygon", "coordinates": [ [ [ -122.354113, 47.705078 ], [ -122.352765, 47.705074 ], [ -122.351425, 47.70507 ], [ -122.350806, 47.705064 ], [ -122.350075, 47.705066 ], [ -122.350067, 47.704341 ], [ -122.350059, 47.703617 ], [ -122.350051, 47.702893 ], [ -122.350043, 47.702168 ], [ -122.350041, 47.701444 ], [ -122.350035, 47.700987 ], [ -122.350031, 47.700538 ], [ -122.35002, 47.699633 ], [ -122.351255, 47.699637 ], [ -122.352709, 47.699641 ], [ -122.354053, 47.699644 ], [ -122.354034, 47.697833 ], [ -122.355378, 47.697837 ], [ -122.355397, 47.699648 ], [ -122.355402, 47.70011 ], [ -122.355416, 47.701459 ], [ -122.355424, 47.702184 ], [ -122.355431, 47.702908 ], [ -122.355439, 47.703633 ], [ -122.355446, 47.704357 ], [ -122.355454, 47.705082 ], [ -122.354113, 47.705078 ] ] ] } },
{ "type": "Feature", "properties": { "GEOID": "530330051003", "population": 1167, "pop_in_seattle": 1166.9999999999998, "area_in_seattle": 242138.58394420161 }, "geometry": { "type": "Polygon", "coordinates": [ [ [ -122.336277, 47.654314 ], [ -122.336259, 47.655647 ], [ -122.335064, 47.655641 ], [ -122.333823, 47.655612 ], [ -122.332631, 47.655582 ], [ -122.331438, 47.655573 ], [ -122.330245, 47.655565 ], [ -122.329052, 47.655556 ], [ -122.328406, 47.655551 ], [ -122.328053, 47.655549 ], [ -122.327879, 47.655548 ], [ -122.32788, 47.655459 ], [ -122.327895, 47.654305 ], [ -122.327901, 47.653825 ], [ -122.327902, 47.653759 ], [ -122.327904, 47.65365 ], [ -122.32851, 47.653039 ], [ -122.329085, 47.652452 ], [ -122.329267, 47.6523 ], [ -122.32973, 47.651936 ], [ -122.330292, 47.651944 ], [ -122.331487, 47.651951 ], [ -122.332679, 47.651958 ], [ -122.33387, 47.651965 ], [ -122.335114, 47.651972 ], [ -122.336309, 47.651977 ], [ -122.336296, 47.653145 ], [ -122.336277, 47.654314 ] ] ] } },
{ "type": "Feature", "properties": { "GEOID": "530330096004", "population": 1437, "pop_in_seattle": 1437.0, "area_in_seattle": 320941.28297904762 }, "geometry": { "type": "Polygon", "coordinates": [ [ [ -122.393024, 47.586688 ], [ -122.392843, 47.586866 ], [ -122.391663, 47.588132 ], [ -122.391629, 47.589129 ], [ -122.391365, 47.58941 ], [ -122.391233, 47.589552 ], [ -122.391081, 47.589685 ], [ -122.390801, 47.589891 ], [ -122.390292, 47.590277 ], [ -122.39008, 47.590435 ], [ -122.389938, 47.590543 ], [ -122.389845, 47.590657 ], [ -122.388899, 47.59064 ], [ -122.388596, 47.590635 ], [ -122.387528, 47.590617 ], [ -122.387333, 47.590614 ], [ -122.386185, 47.590595 ], [ -122.385516, 47.590585 ], [ -122.385382, 47.590582 ], [ -122.384934, 47.590456 ], [ -122.384975, 47.589298 ], [ -122.385016, 47.588108 ], [ -122.385017, 47.588061 ], [ -122.385032, 47.588017 ], [ -122.385299, 47.587213 ], [ -122.386323, 47.586766 ], [ -122.386346, 47.586165 ], [ -122.386373, 47.585369 ], [ -122.386425, 47.583999 ], [ -122.387761, 47.58402 ], [ -122.388697, 47.584033 ], [ -122.389072, 47.584039 ], [ -122.389137, 47.584025 ], [ -122.389087, 47.585413 ], [ -122.390464, 47.585434 ], [ -122.39176, 47.585455 ], [ -122.392328, 47.585463 ], [ -122.392894, 47.585472 ], [ -122.394028, 47.585494 ], [ -122.394595, 47.585503 ], [ -122.393024, 47.586688 ] ] ] } },
{ "type": "Feature", "properties": { "GEOID": "530330117001", "population": 1634, "pop_in_seattle": 1634.0000000000007, "area_in_seattle": 547871.10060793918 }, "geometry": { "type": "Polygon", "coordinates": [ [ [ -122.283679, 47.528965 ], [ -122.283684, 47.52927 ], [ -122.283689, 47.529637 ], [ -122.283669, 47.529718 ], [ -122.283669, 47.530635 ], [ -122.283675, 47.530931 ], [ -122.283647, 47.531532 ], [ -122.283192, 47.531527 ], [ -122.283038, 47.53152 ], [ -122.282854, 47.531529 ], [ -122.282754, 47.531539 ], [ -122.282486, 47.531538 ], [ -122.281541, 47.531534 ], [ -122.280808, 47.531531 ], [ -122.280689, 47.53153 ], [ -122.280563, 47.531531 ], [ -122.278305, 47.531541 ], [ -122.278166, 47.53106 ], [ -122.278095, 47.530815 ], [ -122.278098, 47.529699 ], [ -122.278099, 47.529562 ], [ -122.278098, 47.529218 ], [ -122.278083, 47.528902 ], [ -122.277944, 47.528551 ], [ -122.277671, 47.527923 ], [ -122.277442, 47.5274 ], [ -122.277164, 47.526749 ], [ -122.276943, 47.526117 ], [ -122.276709, 47.525189 ], [ -122.276653, 47.524782 ], [ -122.276579, 47.524252 ], [ -122.276557, 47.523972 ], [ -122.276405, 47.52331 ], [ -122.276254, 47.523036 ], [ -122.276045, 47.522811 ], [ -122.274327, 47.521504 ], [ -122.273823, 47.521121 ], [ -122.272929, 47.520438 ], [ -122.272679, 47.520247 ], [ -122.272343, 47.519965 ], [ -122.271892, 47.519519 ], [ -122.271506, 47.519046 ], [ -122.271668, 47.519048 ], [ -122.272247, 47.519052 ], [ -122.272734, 47.519059 ], [ -122.273111, 47.519065 ], [ -122.274233, 47.519066 ], [ -122.274922, 47.51906 ], [ -122.275572, 47.519055 ], [ -122.276346, 47.519049 ], [ -122.276541, 47.519061 ], [ -122.276688, 47.519026 ], [ -122.276838, 47.519083 ], [ -122.27747, 47.519519 ], [ -122.277643, 47.519679 ], [ -122.277985, 47.519832 ], [ -122.278428, 47.520085 ], [ -122.278617, 47.520267 ], [ -122.279338, 47.520495 ], [ -122.279716, 47.520626 ], [ -122.279568, 47.521224 ], [ -122.27936, 47.521936 ], [ -122.279182, 47.522563 ], [ -122.279535, 47.522602 ], [ -122.280695, 47.52273 ], [ -122.280908, 47.522757 ], [ -122.280897, 47.522786 ], [ -122.280785, 47.522912 ], [ -122.280683, 47.523025 ], [ -122.280699, 47.52372 ], [ -122.280708, 47.524149 ], [ -122.280735, 47.524198 ], [ -122.280808, 47.52426 ], [ -122.28082, 47.524328 ], [ -122.280844, 47.525195 ], [ -122.28085, 47.526102 ], [ -122.282485, 47.526104 ], [ -122.283672, 47.526107 ], [ -122.28367, 47.526941 ], [ -122.283604, 47.526967 ], [ -122.283581, 47.527004 ], [ -122.283567, 47.52715 ], [ -122.283579, 47.52742 ], [ -122.283606, 47.527755 ], [ -122.28367, 47.527869 ], [ -122.283695, 47.527944 ], [ -122.283697, 47.528834 ], [ -122.283679, 47.528965 ] ] ] } },
{ "type": "Feature", "properties": { "GEOID": "530330068002", "population": 1070, "pop_in_seattle": 1070.0000000000002, "area_in_seattle": 214640.08705342453 }, "geometry": { "type": "Polygon", "coordinates": [ [ [ -122.362336, 47.63474 ], [ -122.360995, 47.634741 ], [ -122.359653, 47.634741 ], [ -122.358313, 47.634741 ], [ -122.358297, 47.635954 ], [ -122.35766, 47.635954 ], [ -122.356957, 47.635954 ], [ -122.355616, 47.635954 ], [ -122.355619, 47.635715 ], [ -122.355629, 47.634864 ], [ -122.354412, 47.634863 ], [ -122.353195, 47.634861 ], [ -122.353206, 47.634011 ], [ -122.353215, 47.633161 ], [ -122.353225, 47.632311 ], [ -122.353717, 47.632312 ], [ -122.354442, 47.632313 ], [ -122.354645, 47.632313 ], [ -122.355659, 47.632315 ], [ -122.35624, 47.632315 ], [ -122.35631, 47.632315 ], [ -122.356779, 47.632315 ], [ -122.357017, 47.632315 ], [ -122.35714, 47.632315 ], [ -122.357635, 47.632315 ], [ -122.357888, 47.632316 ], [ -122.358342, 47.632318 ], [ -122.359194, 47.632318 ], [ -122.359684, 47.632319 ], [ -122.3605, 47.63232 ], [ -122.361025, 47.632322 ], [ -122.361801, 47.632322 ], [ -122.362367, 47.632323 ], [ -122.362352, 47.633527 ], [ -122.362336, 47.63474 ] ] ] } },
{ "type": "Feature", "properties": { "GEOID": "530330117002", "population": 1442, "pop_in_seattle": 1441.9999999999977, "area_in_seattle": 1600602.2395685727 }, "geometry": { "type": "Polygon", "coordinates": [ [ [ -122.295931, 47.530009 ], [ -122.295864, 47.530023 ], [ -122.295542, 47.530087 ], [ -122.295397, 47.530116 ], [ -122.29485, 47.530224 ], [ -122.294458, 47.530309 ], [ -122.294195, 47.53036 ], [ -122.293971, 47.530415 ], [ -122.293727, 47.53049 ], [ -122.293596, 47.530555 ], [ -122.293488, 47.530626 ], [ -122.293427, 47.530695 ], [ -122.293371, 47.530811 ], [ -122.293343, 47.530933 ], [ -122.293358, 47.531033 ], [ -122.293407, 47.531163 ], [ -122.294103, 47.532147 ], [ -122.294265, 47.532406 ], [ -122.294476, 47.532809 ], [ -122.294595, 47.533112 ], [ -122.294195, 47.533082 ], [ -122.293424, 47.533079 ], [ -122.290793, 47.533066 ], [ -122.290688, 47.533065 ], [ -122.289183, 47.533058 ], [ -122.288831, 47.53237 ], [ -122.288471, 47.531683 ], [ -122.288345, 47.531419 ], [ -122.288255, 47.531174 ], [ -122.288177, 47.530997 ], [ -122.288147, 47.530803 ], [ -122.288094, 47.529686 ], [ -122.288029, 47.528139 ], [ -122.288018, 47.527884 ], [ -122.287943, 47.526119 ], [ -122.28792, 47.525845 ], [ -122.287849, 47.525548 ], [ -122.287773, 47.525348 ], [ -122.287656, 47.525125 ], [ -122.287498, 47.524887 ], [ -122.287323, 47.524679 ], [ -122.287229, 47.524592 ], [ -122.28695, 47.524336 ], [ -122.286249, 47.523734 ], [ -122.287161, 47.523246 ], [ -122.287174, 47.521388 ], [ -122.285956, 47.521385 ], [ -122.284843, 47.521383 ], [ -122.283759, 47.521373 ], [ -122.283664, 47.521369 ], [ -122.283666, 47.519713 ], [ -122.283668, 47.518242 ], [ -122.283673, 47.51802 ], [ -122.283643, 47.517405 ], [ -122.283614, 47.517302 ], [ -122.283541, 47.517188 ], [ -122.283467, 47.517119 ], [ -122.283323, 47.51703 ], [ -122.283147, 47.516974 ], [ -122.283058, 47.516961 ], [ -122.283029, 47.516957 ], [ -122.282914, 47.516959 ], [ -122.282769, 47.516973 ], [ -122.282674, 47.516998 ], [ -122.282498, 47.517068 ], [ -122.281517, 47.517036 ], [ -122.280757, 47.517067 ], [ -122.279561, 47.517125 ], [ -122.27945, 47.517113 ], [ -122.279234, 47.517143 ], [ -122.279103, 47.516665 ], [ -122.279025, 47.516247 ], [ -122.278893, 47.515476 ], [ -122.278764, 47.514338 ], [ -122.278673, 47.513382 ], [ -122.278505, 47.512262 ], [ -122.278471, 47.512034 ], [ -122.278235, 47.509852 ], [ -122.278547, 47.509855 ], [ -122.278645, 47.509856 ], [ -122.278721, 47.509858 ], [ -122.27985, 47.509883 ], [ -122.280761, 47.509904 ], [ -122.281278, 47.509916 ], [ -122.282464, 47.509943 ], [ -122.282557, 47.509945 ], [ -122.282967, 47.509953 ], [ -122.283365, 47.509962 ], [ -122.283686, 47.509974 ], [ -122.28387, 47.509975 ], [ -122.284424, 47.509988 ], [ -122.284673, 47.509993 ], [ -122.284798, 47.509996 ], [ -122.284885, 47.509998 ], [ -122.285248, 47.510006 ], [ -122.285645, 47.510015 ], [ -122.285757, 47.510018 ], [ -122.285928, 47.510022 ], [ -122.286147, 47.510028 ], [ -122.286235, 47.51003 ], [ -122.286518, 47.510037 ], [ -122.287504, 47.510059 ], [ -122.287646, 47.510063 ], [ -122.287825, 47.510067 ], [ -122.289847, 47.510112 ], [ -122.290052, 47.510117 ], [ -122.290168, 47.510119 ], [ -122.290257, 47.510121 ], [ -122.290795, 47.510133 ], [ -122.29134, 47.510146 ], [ -122.291339, 47.510247 ], [ -122.291338, 47.510399 ], [ -122.291336, 47.510629 ], [ -122.291334, 47.510695 ], [ -122.291334, 47.510766 ], [ -122.291334, 47.51083 ], [ -122.291334, 47.510883 ], [ -122.291325, 47.511627 ], [ -122.291312, 47.513415 ], [ -122.291306, 47.513592 ], [ -122.291305, 47.513673 ], [ -122.291305, 47.513744 ], [ -122.291303, 47.513885 ], [ -122.291287, 47.51489 ], [ -122.291282, 47.516414 ], [ -122.29128, 47.516751 ], [ -122.29128, 47.51698 ], [ -122.291281, 47.517682 ], [ -122.291281, 47.517825 ], [ -122.291282, 47.518567 ], [ -122.291283, 47.518838 ], [ -122.291283, 47.519301 ], [ -122.291283, 47.519524 ], [ -122.291284, 47.51969 ], [ -122.291284, 47.519737 ], [ -122.291284, 47.519998 ], [ -122.291285, 47.52049 ], [ -122.291285, 47.520553 ], [ -122.291285, 47.520669 ], [ -122.291285, 47.520897 ], [ -122.291286, 47.521258 ], [ -122.291286, 47.521315 ], [ -122.291287, 47.522313 ], [ -122.291287, 47.522362 ], [ -122.291288, 47.522843 ], [ -122.291288, 47.522948 ], [ -122.291289, 47.523339 ], [ -122.291289, 47.523379 ], [ -122.29129, 47.524199 ], [ -122.29129, 47.52428 ], [ -122.291293, 47.524381 ], [ -122.291296, 47.524463 ], [ -122.291372, 47.524462 ], [ -122.291801, 47.524462 ], [ -122.292939, 47.524461 ], [ -122.293357, 47.524461 ], [ -122.29365, 47.52446 ], [ -122.293694, 47.524568 ], [ -122.29454, 47.526384 ], [ -122.296187, 47.52996 ], [ -122.296106, 47.529972 ], [ -122.295931, 47.530009 ] ] ] } },
{ "type": "Feature", "properties": { "GEOID": "530330117003", "population": 1401, "pop_in_seattle": 1401.0000000000002, "area_in_seattle": 508064.84757174307 }, "geometry": { "type": "Polygon", "coordinates": [ [ [ -122.288174, 47.531683 ], [ -122.285956, 47.531553 ], [ -122.285911, 47.531553 ], [ -122.284241, 47.531545 ], [ -122.284205, 47.531541 ], [ -122.284062, 47.531538 ], [ -122.283647, 47.531532 ], [ -122.283675, 47.530931 ], [ -122.283669, 47.530635 ], [ -122.283669, 47.529718 ], [ -122.283689, 47.529637 ], [ -122.283684, 47.52927 ], [ -122.283679, 47.528965 ], [ -122.283697, 47.528834 ], [ -122.283695, 47.527944 ], [ -122.28367, 47.527869 ], [ -122.283606, 47.527755 ], [ -122.283579, 47.52742 ], [ -122.283567, 47.52715 ], [ -122.283581, 47.527004 ], [ -122.283604, 47.526967 ], [ -122.28367, 47.526941 ], [ -122.283672, 47.526107 ], [ -122.282485, 47.526104 ], [ -122.28085, 47.526102 ], [ -122.280844, 47.525195 ], [ -122.28082, 47.524328 ], [ -122.280808, 47.52426 ], [ -122.280735, 47.524198 ], [ -122.280708, 47.524149 ], [ -122.280699, 47.52372 ], [ -122.280683, 47.523025 ], [ -122.280785, 47.522912 ], [ -122.280897, 47.522786 ], [ -122.280908, 47.522757 ], [ -122.280951, 47.522639 ], [ -122.281038, 47.522399 ], [ -122.281349, 47.52154 ], [ -122.281613, 47.52095 ], [ -122.281796, 47.520588 ], [ -122.282327, 47.519201 ], [ -122.282409, 47.519098 ], [ -122.282545, 47.518867 ], [ -122.282567, 47.518776 ], [ -122.282562, 47.518688 ], [ -122.282557, 47.518576 ], [ -122.282504, 47.518463 ], [ -122.282295, 47.518199 ], [ -122.282254, 47.518123 ], [ -122.282226, 47.518024 ], [ -122.282209, 47.5178 ], [ -122.282224, 47.517423 ], [ -122.282266, 47.517316 ], [ -122.282312, 47.517222 ], [ -122.282403, 47.517124 ], [ -122.282498, 47.517068 ], [ -122.282674, 47.516998 ], [ -122.282769, 47.516973 ], [ -122.282914, 47.516959 ], [ -122.283029, 47.516957 ], [ -122.283058, 47.516961 ], [ -122.283147, 47.516974 ], [ -122.283323, 47.51703 ], [ -122.283467, 47.517119 ], [ -122.283541, 47.517188 ], [ -122.283614, 47.517302 ], [ -122.283643, 47.517405 ], [ -122.283673, 47.51802 ], [ -122.283668, 47.518242 ], [ -122.283666, 47.519713 ], [ -122.283664, 47.521369 ], [ -122.283759, 47.521373 ], [ -122.284843, 47.521383 ], [ -122.285956, 47.521385 ], [ -122.287174, 47.521388 ], [ -122.287161, 47.523246 ], [ -122.286249, 47.523734 ], [ -122.28695, 47.524336 ], [ -122.287229, 47.524592 ], [ -122.287323, 47.524679 ], [ -122.287498, 47.524887 ], [ -122.287656, 47.525125 ], [ -122.287773, 47.525348 ], [ -122.287849, 47.525548 ], [ -122.28792, 47.525845 ], [ -122.287943, 47.526119 ], [ -122.288018, 47.527884 ], [ -122.288029, 47.528139 ], [ -122.288094, 47.529686 ], [ -122.288147, 47.530803 ], [ -122.288177, 47.530997 ], [ -122.288255, 47.531174 ], [ -122.288345, 47.531419 ], [ -122.288471, 47.531683 ], [ -122.288174, 47.531683 ] ] ] } },
{ "type": "Feature", "properties": { "GEOID": "530330120001", "population": 1184, "pop_in_seattle": 1184.0000000000002, "area_in_seattle": 465754.86510549422 }, "geometry": { "type": "Polygon", "coordinates": [ [ [ -122.379635, 47.513738 ], [ -122.379447, 47.513737 ], [ -122.379117, 47.513736 ], [ -122.379167, 47.514184 ], [ -122.379223, 47.514675 ], [ -122.379336, 47.515612 ], [ -122.379448, 47.51655 ], [ -122.379531, 47.517348 ], [ -122.379526, 47.517482 ], [ -122.378188, 47.517487 ], [ -122.376887, 47.517486 ], [ -122.375515, 47.517471 ], [ -122.374454, 47.517458 ], [ -122.373445, 47.517447 ], [ -122.3714, 47.517424 ], [ -122.371316, 47.516653 ], [ -122.371272, 47.516076 ], [ -122.371274, 47.516024 ], [ -122.371263, 47.515745 ], [ -122.371152, 47.514459 ], [ -122.371104, 47.513705 ], [ -122.37108, 47.513335 ], [ -122.37102, 47.512548 ], [ -122.371, 47.51229 ], [ -122.370984, 47.512047 ], [ -122.371047, 47.511987 ], [ -122.371129, 47.511955 ], [ -122.371235, 47.511935 ], [ -122.371512, 47.511904 ], [ -122.371574, 47.511879 ], [ -122.371586, 47.511874 ], [ -122.371669, 47.511807 ], [ -122.371709, 47.511732 ], [ -122.371675, 47.511265 ], [ -122.371581, 47.509995 ], [ -122.372614, 47.509992 ], [ -122.373326, 47.509984 ], [ -122.373676, 47.509988 ], [ -122.374641, 47.509988 ], [ -122.374772, 47.509985 ], [ -122.375025, 47.511853 ], [ -122.376019, 47.511856 ], [ -122.376123, 47.511913 ], [ -122.376198, 47.511964 ], [ -122.377309, 47.511965 ], [ -122.378383, 47.511982 ], [ -122.378914, 47.511985 ], [ -122.379505, 47.511989 ], [ -122.380628, 47.511996 ], [ -122.381699, 47.512027 ], [ -122.381858, 47.513751 ], [ -122.379635, 47.513738 ] ] ] } },
{ "type": "Feature", "properties": { "GEOID": "530330120003", "population": 1155, "pop_in_seattle": 1155.0, "area_in_seattle": 461888.44020120433 }, "geometry": { "type": "Polygon", "coordinates": [ [ [ -122.391462, 47.516144 ], [ -122.391332, 47.516882 ], [ -122.391223, 47.517121 ], [ -122.391154, 47.517334 ], [ -122.391166, 47.51755 ], [ -122.389654, 47.517546 ], [ -122.389278, 47.517454 ], [ -122.388968, 47.517517 ], [ -122.388484, 47.51747 ], [ -122.388233, 47.517455 ], [ -122.387814, 47.517461 ], [ -122.38747, 47.517457 ], [ -122.386184, 47.517459 ], [ -122.385641, 47.517462 ], [ -122.38515, 47.517465 ], [ -122.385017, 47.517462 ], [ -122.384925, 47.517431 ], [ -122.38487, 47.517379 ], [ -122.384851, 47.517327 ], [ -122.384793, 47.51656 ], [ -122.384075, 47.516558 ], [ -122.382115, 47.516555 ], [ -122.381962, 47.516554 ], [ -122.379448, 47.51655 ], [ -122.379336, 47.515612 ], [ -122.379223, 47.514675 ], [ -122.379167, 47.514184 ], [ -122.379117, 47.513736 ], [ -122.379447, 47.513737 ], [ -122.379635, 47.513738 ], [ -122.381858, 47.513751 ], [ -122.381699, 47.512027 ], [ -122.38309, 47.512064 ], [ -122.384477, 47.512073 ], [ -122.385864, 47.512082 ], [ -122.387252, 47.512091 ], [ -122.388531, 47.512102 ], [ -122.390491, 47.512118 ], [ -122.390765, 47.512535 ], [ -122.390966, 47.512971 ], [ -122.391067, 47.513305 ], [ -122.391163, 47.513715 ], [ -122.391379, 47.514635 ], [ -122.391452, 47.514983 ], [ -122.391489, 47.515622 ], [ -122.391466, 47.516065 ], [ -122.391462, 47.516144 ] ] ] } },
{ "type": "Feature", "properties": { "GEOID": "530330121001", "population": 1180, "pop_in_seattle": 1179.9999999999989, "area_in_seattle": 2042418.5455912929 }, "geometry": { "type": "Polygon", "coordinates": [ [ [ -122.402417, 47.522008 ], [ -122.401991, 47.521907 ], [ -122.395049, 47.520115 ], [ -122.394748, 47.519976 ], [ -122.394652, 47.519902 ], [ -122.394584, 47.519839 ], [ -122.394505, 47.519778 ], [ -122.394443, 47.519739 ], [ -122.394329, 47.519707 ], [ -122.394153, 47.519674 ], [ -122.393982, 47.519685 ], [ -122.393775, 47.5196 ], [ -122.393084, 47.519457 ], [ -122.392871, 47.519443 ], [ -122.392888, 47.518832 ], [ -122.392891, 47.517712 ], [ -122.392896, 47.517567 ], [ -122.392697, 47.517549 ], [ -122.392667, 47.517537 ], [ -122.39248, 47.517522 ], [ -122.392159, 47.517522 ], [ -122.391976, 47.517522 ], [ -122.391736, 47.517534 ], [ -122.391166, 47.51755 ], [ -122.391154, 47.517334 ], [ -122.391223, 47.517121 ], [ -122.391332, 47.516882 ], [ -122.391462, 47.516144 ], [ -122.391466, 47.516065 ], [ -122.391489, 47.515622 ], [ -122.391452, 47.514983 ], [ -122.391379, 47.514635 ], [ -122.391163, 47.513715 ], [ -122.391067, 47.513305 ], [ -122.390966, 47.512971 ], [ -122.390765, 47.512535 ], [ -122.390491, 47.512118 ], [ -122.390144, 47.511675 ], [ -122.389911, 47.511451 ], [ -122.389672, 47.511276 ], [ -122.388745, 47.510669 ], [ -122.388572, 47.510538 ], [ -122.388418, 47.510397 ], [ -122.388166, 47.510083 ], [ -122.388024, 47.509805 ], [ -122.387947, 47.50952 ], [ -122.387825, 47.508668 ], [ -122.387792, 47.508291 ], [ -122.38706, 47.508285 ], [ -122.385678, 47.508273 ], [ -122.384291, 47.508262 ], [ -122.382905, 47.508249 ], [ -122.3815, 47.508236 ], [ -122.381494, 47.507341 ], [ -122.381501, 47.506372 ], [ -122.381572, 47.506229 ], [ -122.381633, 47.505884 ], [ -122.381842, 47.50431 ], [ -122.381929, 47.504071 ], [ -122.381999, 47.503925 ], [ -122.382124, 47.503665 ], [ -122.382163, 47.503503 ], [ -122.382163, 47.503339 ], [ -122.382125, 47.503176 ], [ -122.382019, 47.502951 ], [ -122.381936, 47.502865 ], [ -122.38185, 47.502721 ], [ -122.381861, 47.502619 ], [ -122.381966, 47.502555 ], [ -122.382121, 47.502527 ], [ -122.382312, 47.502547 ], [ -122.38304, 47.502825 ], [ -122.383321, 47.502949 ], [ -122.383588, 47.503109 ], [ -122.383815, 47.503295 ], [ -122.384264, 47.503795 ], [ -122.384461, 47.504017 ], [ -122.384476, 47.504028 ], [ -122.384561, 47.504084 ], [ -122.384655, 47.504118 ], [ -122.384758, 47.504134 ], [ -122.384864, 47.504132 ], [ -122.384965, 47.504112 ], [ -122.385082, 47.504061 ], [ -122.38515, 47.504006 ], [ -122.385196, 47.503942 ], [ -122.385217, 47.503849 ], [ -122.385202, 47.503778 ], [ -122.384769, 47.502716 ], [ -122.384771, 47.502566 ], [ -122.384812, 47.502485 ], [ -122.384892, 47.502388 ], [ -122.383136, 47.501719 ], [ -122.383018, 47.501667 ], [ -122.382923, 47.50162 ], [ -122.382846, 47.501565 ], [ -122.382787, 47.501512 ], [ -122.382219, 47.500694 ], [ -122.382564, 47.500324 ], [ -122.382333, 47.499672 ], [ -122.382331, 47.499429 ], [ -122.382912, 47.498614 ], [ -122.382608, 47.497126 ], [ -122.38022, 47.493348 ], [ -122.380283, 47.4933 ], [ -122.389268, 47.498959 ], [ -122.39409, 47.504692 ], [ -122.395502, 47.50637 ], [ -122.399741, 47.512349 ], [ -122.399833, 47.512442 ], [ -122.401331, 47.513941 ], [ -122.403607, 47.516222 ], [ -122.402735, 47.519339 ], [ -122.402417, 47.522008 ] ] ] } },
{ "type": "Feature", "properties": { "GEOID": "530330121002", "population": 1613, "pop_in_seattle": 1613.0000000000011, "area_in_seattle": 1076048.1826834094 }, "geometry": { "type": "Polygon", "coordinates": [ [ [ -122.385196, 47.503942 ], [ -122.38515, 47.504006 ], [ -122.385082, 47.504061 ], [ -122.384965, 47.504112 ], [ -122.384864, 47.504132 ], [ -122.384758, 47.504134 ], [ -122.384655, 47.504118 ], [ -122.384561, 47.504084 ], [ -122.384476, 47.504028 ], [ -122.384461, 47.504017 ], [ -122.384264, 47.503795 ], [ -122.383815, 47.503295 ], [ -122.383588, 47.503109 ], [ -122.383321, 47.502949 ], [ -122.38304, 47.502825 ], [ -122.382312, 47.502547 ], [ -122.382121, 47.502527 ], [ -122.381966, 47.502555 ], [ -122.381861, 47.502619 ], [ -122.38185, 47.502721 ], [ -122.381936, 47.502865 ], [ -122.382019, 47.502951 ], [ -122.382125, 47.503176 ], [ -122.382163, 47.503339 ], [ -122.382163, 47.503503 ], [ -122.382124, 47.503665 ], [ -122.381999, 47.503925 ], [ -122.381929, 47.504071 ], [ -122.381842, 47.50431 ], [ -122.381633, 47.505884 ], [ -122.381572, 47.506229 ], [ -122.381501, 47.506372 ], [ -122.381494, 47.507341 ], [ -122.3815, 47.508236 ], [ -122.375935, 47.508187 ], [ -122.374693, 47.508188 ], [ -122.373407, 47.508193 ], [ -122.372117, 47.508189 ], [ -122.370877, 47.508199 ], [ -122.370862, 47.508017 ], [ -122.370714, 47.507259 ], [ -122.37053, 47.506664 ], [ -122.370465, 47.506409 ], [ -122.370464, 47.506398 ], [ -122.370394, 47.505821 ], [ -122.370404, 47.505686 ], [ -122.370449, 47.505503 ], [ -122.370474, 47.505402 ], [ -122.37054, 47.505135 ], [ -122.37055, 47.50452 ], [ -122.370561, 47.503866 ], [ -122.370596, 47.503683 ], [ -122.370694, 47.503511 ], [ -122.370919, 47.503241 ], [ -122.371413, 47.502778 ], [ -122.372051, 47.502182 ], [ -122.372257, 47.502014 ], [ -122.373121, 47.501378 ], [ -122.3738, 47.500834 ], [ -122.373923, 47.500697 ], [ -122.373972, 47.500581 ], [ -122.374059, 47.499917 ], [ -122.374133, 47.499617 ], [ -122.374278, 47.499221 ], [ -122.37485, 47.497659 ], [ -122.37492, 47.497497 ], [ -122.375024, 47.49732 ], [ -122.375068, 47.497248 ], [ -122.375208, 47.497032 ], [ -122.375312, 47.496869 ], [ -122.375652, 47.496434 ], [ -122.380128, 47.493203 ], [ -122.380283, 47.4933 ], [ -122.38022, 47.493348 ], [ -122.382608, 47.497126 ], [ -122.382912, 47.498614 ], [ -122.382331, 47.499429 ], [ -122.382333, 47.499672 ], [ -122.382564, 47.500324 ], [ -122.382219, 47.500694 ], [ -122.382787, 47.501512 ], [ -122.382846, 47.501565 ], [ -122.382923, 47.50162 ], [ -122.383018, 47.501667 ], [ -122.383136, 47.501719 ], [ -122.384892, 47.502388 ], [ -122.384812, 47.502485 ], [ -122.384771, 47.502566 ], [ -122.384769, 47.502716 ], [ -122.385202, 47.503778 ], [ -122.385217, 47.503849 ], [ -122.385196, 47.503942 ] ] ] } },
{ "type": "Feature", "properties": { "GEOID": "530330117004", "population": 1180, "pop_in_seattle": 1180.0, "area_in_seattle": 856711.75085573085 }, "geometry": { "type": "Polygon", "coordinates": [ [ [ -122.282545, 47.518867 ], [ -122.282409, 47.519098 ], [ -122.282327, 47.519201 ], [ -122.281796, 47.520588 ], [ -122.281613, 47.52095 ], [ -122.281349, 47.52154 ], [ -122.281038, 47.522399 ], [ -122.280951, 47.522639 ], [ -122.280908, 47.522757 ], [ -122.280695, 47.52273 ], [ -122.279535, 47.522602 ], [ -122.279182, 47.522563 ], [ -122.27936, 47.521936 ], [ -122.279568, 47.521224 ], [ -122.279716, 47.520626 ], [ -122.279338, 47.520495 ], [ -122.278617, 47.520267 ], [ -122.278428, 47.520085 ], [ -122.277985, 47.519832 ], [ -122.277643, 47.519679 ], [ -122.27747, 47.519519 ], [ -122.276838, 47.519083 ], [ -122.276688, 47.519026 ], [ -122.276541, 47.519061 ], [ -122.276346, 47.519049 ], [ -122.275572, 47.519055 ], [ -122.274922, 47.51906 ], [ -122.274233, 47.519066 ], [ -122.273111, 47.519065 ], [ -122.272734, 47.519059 ], [ -122.272247, 47.519052 ], [ -122.271668, 47.519048 ], [ -122.271506, 47.519046 ], [ -122.271288, 47.518723 ], [ -122.271027, 47.518269 ], [ -122.270882, 47.518051 ], [ -122.270716, 47.51785 ], [ -122.270504, 47.517594 ], [ -122.270253, 47.517347 ], [ -122.270023, 47.517149 ], [ -122.270027, 47.51685 ], [ -122.270034, 47.515643 ], [ -122.270042, 47.514242 ], [ -122.270035, 47.513265 ], [ -122.270039, 47.513018 ], [ -122.270052, 47.51244 ], [ -122.270053, 47.512163 ], [ -122.270061, 47.510963 ], [ -122.270062, 47.510807 ], [ -122.270069, 47.509663 ], [ -122.271549, 47.509696 ], [ -122.274076, 47.509753 ], [ -122.275411, 47.509784 ], [ -122.275412, 47.509633 ], [ -122.275418, 47.50893 ], [ -122.27543, 47.507142 ], [ -122.275636, 47.50715 ], [ -122.275975, 47.507221 ], [ -122.276241, 47.507231 ], [ -122.277078, 47.507773 ], [ -122.277225, 47.507839 ], [ -122.277387, 47.507892 ], [ -122.277542, 47.507936 ], [ -122.277703, 47.507967 ], [ -122.277889, 47.507992 ], [ -122.278229, 47.507991 ], [ -122.278238, 47.508915 ], [ -122.278229, 47.509794 ], [ -122.278235, 47.509852 ], [ -122.278471, 47.512034 ], [ -122.278505, 47.512262 ], [ -122.278673, 47.513382 ], [ -122.278764, 47.514338 ], [ -122.278893, 47.515476 ], [ -122.279025, 47.516247 ], [ -122.279103, 47.516665 ], [ -122.279234, 47.517143 ], [ -122.27945, 47.517113 ], [ -122.279561, 47.517125 ], [ -122.280757, 47.517067 ], [ -122.281517, 47.517036 ], [ -122.282498, 47.517068 ], [ -122.282403, 47.517124 ], [ -122.282312, 47.517222 ], [ -122.282266, 47.517316 ], [ -122.282224, 47.517423 ], [ -122.282209, 47.5178 ], [ -122.282226, 47.518024 ], [ -122.282254, 47.518123 ], [ -122.282295, 47.518199 ], [ -122.282504, 47.518463 ], [ -122.282557, 47.518576 ], [ -122.282562, 47.518688 ], [ -122.282567, 47.518776 ], [ -122.282545, 47.518867 ] ] ] } },
{ "type": "Feature", "properties": { "GEOID": "530330082001", "population": 1878, "pop_in_seattle": 1878.0000000000009, "area_in_seattle": 241977.30214075508 }, "geometry": { "type": "Polygon", "coordinates": [ [ [ -122.337208, 47.612742 ], [ -122.336284, 47.613128 ], [ -122.335174, 47.613594 ], [ -122.334062, 47.614055 ], [ -122.332952, 47.614519 ], [ -122.332494, 47.61402 ], [ -122.332314, 47.613822 ], [ -122.332288, 47.613796 ], [ -122.332223, 47.61372 ], [ -122.332102, 47.613591 ], [ -122.332043, 47.613526 ], [ -122.331688, 47.613132 ], [ -122.331332, 47.612739 ], [ -122.331234, 47.612636 ], [ -122.331135, 47.612534 ], [ -122.330585, 47.61277 ], [ -122.330819, 47.612188 ], [ -122.330989, 47.611721 ], [ -122.331222, 47.610958 ], [ -122.331283, 47.610677 ], [ -122.331334, 47.610386 ], [ -122.331363, 47.610105 ], [ -122.331343, 47.609719 ], [ -122.331328, 47.609623 ], [ -122.331233, 47.609011 ], [ -122.331169, 47.60879 ], [ -122.33103, 47.608417 ], [ -122.330802, 47.607955 ], [ -122.330574, 47.607604 ], [ -122.330253, 47.607198 ], [ -122.330148, 47.607072 ], [ -122.329721, 47.606609 ], [ -122.329604, 47.606482 ], [ -122.329717, 47.606433 ], [ -122.329868, 47.606409 ], [ -122.329936, 47.606342 ], [ -122.330041, 47.6063 ], [ -122.331148, 47.605837 ], [ -122.3318, 47.606551 ], [ -122.332453, 47.607265 ], [ -122.333106, 47.607978 ], [ -122.333759, 47.608691 ], [ -122.334667, 47.609684 ], [ -122.335147, 47.610207 ], [ -122.335576, 47.610676 ], [ -122.33644, 47.611621 ], [ -122.336486, 47.61167 ], [ -122.33653, 47.61172 ], [ -122.336709, 47.611915 ], [ -122.337049, 47.612286 ], [ -122.337302, 47.612565 ], [ -122.337362, 47.612679 ], [ -122.337208, 47.612742 ] ] ] } },
{ "type": "Feature", "properties": { "GEOID": "530330082002", "population": 1369, "pop_in_seattle": 1369.0000000000002, "area_in_seattle": 69192.210159723269 }, "geometry": { "type": "Polygon", "coordinates": [ [ [ -122.33101, 47.608857 ], [ -122.330813, 47.608941 ], [ -122.330605, 47.609028 ], [ -122.329778, 47.60937 ], [ -122.328667, 47.609834 ], [ -122.328015, 47.609121 ], [ -122.327363, 47.608407 ], [ -122.32671, 47.607694 ], [ -122.32782, 47.607229 ], [ -122.328902, 47.606785 ], [ -122.328958, 47.60676 ], [ -122.329057, 47.606717 ], [ -122.329159, 47.606673 ], [ -122.329269, 47.606626 ], [ -122.329427, 47.606557 ], [ -122.329471, 47.606539 ], [ -122.329604, 47.606482 ], [ -122.329721, 47.606609 ], [ -122.330148, 47.607072 ], [ -122.330253, 47.607198 ], [ -122.330574, 47.607604 ], [ -122.330802, 47.607955 ], [ -122.33103, 47.608417 ], [ -122.331169, 47.60879 ], [ -122.33101, 47.608857 ] ] ] } },
{ "type": "Feature", "properties": { "GEOID": "530330082003", "population": 1555, "pop_in_seattle": 1554.9999999999993, "area_in_seattle": 64340.725366005267 }, "geometry": { "type": "Polygon", "coordinates": [ [ [ -122.331334, 47.610386 ], [ -122.331283, 47.610677 ], [ -122.331222, 47.610958 ], [ -122.330989, 47.611721 ], [ -122.330819, 47.612188 ], [ -122.330585, 47.61277 ], [ -122.330475, 47.612818 ], [ -122.330364, 47.612865 ], [ -122.330166, 47.612951 ], [ -122.329915, 47.613058 ], [ -122.329936, 47.612931 ], [ -122.329791, 47.612742 ], [ -122.329118, 47.612005 ], [ -122.32821, 47.611012 ], [ -122.329215, 47.610591 ], [ -122.329232, 47.610573 ], [ -122.329242, 47.610552 ], [ -122.329255, 47.610494 ], [ -122.329239, 47.610461 ], [ -122.328667, 47.609834 ], [ -122.329778, 47.60937 ], [ -122.330605, 47.609028 ], [ -122.330813, 47.608941 ], [ -122.33101, 47.608857 ], [ -122.331169, 47.60879 ], [ -122.331233, 47.609011 ], [ -122.331328, 47.609623 ], [ -122.331343, 47.609719 ], [ -122.331363, 47.610105 ], [ -122.331334, 47.610386 ] ] ] } },
{ "type": "Feature", "properties": { "GEOID": "530330083001", "population": 2063, "pop_in_seattle": 2063.0000000000005, "area_in_seattle": 122715.17563333607 }, "geometry": { "type": "Polygon", "coordinates": [ [ [ -122.329232, 47.610573 ], [ -122.329215, 47.610591 ], [ -122.32821, 47.611012 ], [ -122.327602, 47.611266 ], [ -122.327099, 47.611477 ], [ -122.328007, 47.612471 ], [ -122.326886, 47.612957 ], [ -122.325988, 47.611941 ], [ -122.325336, 47.611228 ], [ -122.325022, 47.610884 ], [ -122.324683, 47.610514 ], [ -122.324059, 47.609832 ], [ -122.32403, 47.609801 ], [ -122.323999, 47.609766 ], [ -122.323378, 47.609087 ], [ -122.324489, 47.608623 ], [ -122.3256, 47.608158 ], [ -122.32671, 47.607694 ], [ -122.327363, 47.608407 ], [ -122.328015, 47.609121 ], [ -122.328667, 47.609834 ], [ -122.329239, 47.610461 ], [ -122.329255, 47.610494 ], [ -122.329242, 47.610552 ], [ -122.329232, 47.610573 ] ] ] } },
{ "type": "Feature", "properties": { "GEOID": "530330083002", "population": 1354, "pop_in_seattle": 1354.0000000000002, "area_in_seattle": 115069.859831896 }, "geometry": { "type": "Polygon", "coordinates": [ [ [ -122.331813, 47.615006 ], [ -122.33143, 47.615156 ], [ -122.330732, 47.615448 ], [ -122.329638, 47.615925 ], [ -122.329588, 47.615946 ], [ -122.329378, 47.616035 ], [ -122.329243, 47.616092 ], [ -122.329404, 47.615671 ], [ -122.32928, 47.615534 ], [ -122.329172, 47.615419 ], [ -122.329034, 47.615268 ], [ -122.328713, 47.614919 ], [ -122.327923, 47.614056 ], [ -122.327806, 47.613928 ], [ -122.327043, 47.613084 ], [ -122.327017, 47.613062 ], [ -122.326886, 47.612957 ], [ -122.328007, 47.612471 ], [ -122.327099, 47.611477 ], [ -122.327602, 47.611266 ], [ -122.32821, 47.611012 ], [ -122.329118, 47.612005 ], [ -122.329791, 47.612742 ], [ -122.329936, 47.612931 ], [ -122.329915, 47.613058 ], [ -122.330166, 47.612951 ], [ -122.330364, 47.612865 ], [ -122.330475, 47.612818 ], [ -122.330585, 47.61277 ], [ -122.331135, 47.612534 ], [ -122.331234, 47.612636 ], [ -122.331332, 47.612739 ], [ -122.331688, 47.613132 ], [ -122.332043, 47.613526 ], [ -122.332102, 47.613591 ], [ -122.332223, 47.61372 ], [ -122.332288, 47.613796 ], [ -122.332314, 47.613822 ], [ -122.332494, 47.61402 ], [ -122.332952, 47.614519 ], [ -122.332724, 47.614616 ], [ -122.331813, 47.615006 ] ] ] } },
{ "type": "Feature", "properties": { "GEOID": "530330095003", "population": 1435, "pop_in_seattle": 1434.9999999999991, "area_in_seattle": 3447753.314766882 }, "geometry": { "type": "Polygon", "coordinates": [ [ [ -122.29149, 47.573781 ], [ -122.290966, 47.573784 ], [ -122.290936, 47.575219 ], [ -122.290927, 47.575459 ], [ -122.290883, 47.576157 ], [ -122.290873, 47.576503 ], [ -122.290871, 47.578343 ], [ -122.289797, 47.57834 ], [ -122.289133, 47.57834 ], [ -122.288706, 47.578339 ], [ -122.288285, 47.578339 ], [ -122.28817, 47.578338 ], [ -122.287921, 47.578308 ], [ -122.288031, 47.579358 ], [ -122.288161, 47.579715 ], [ -122.288191, 47.579948 ], [ -122.287901, 47.581852 ], [ -122.287885, 47.582004 ], [ -122.287849, 47.582339 ], [ -122.287832, 47.582506 ], [ -122.287824, 47.582599 ], [ -122.287805, 47.582799 ], [ -122.28778, 47.58284 ], [ -122.287639, 47.58294 ], [ -122.287777, 47.583036 ], [ -122.287834, 47.583113 ], [ -122.287868, 47.583186 ], [ -122.287897, 47.583288 ], [ -122.287912, 47.584156 ], [ -122.287902, 47.584599 ], [ -122.287865, 47.584801 ], [ -122.287772, 47.585024 ], [ -122.287727, 47.585107 ], [ -122.287673, 47.585209 ], [ -122.287532, 47.585451 ], [ -122.287487, 47.585508 ], [ -122.287444, 47.585563 ], [ -122.28702, 47.586048 ], [ -122.286921, 47.586189 ], [ -122.286866, 47.586322 ], [ -122.286835, 47.586458 ], [ -122.286174, 47.586431 ], [ -122.286119, 47.586591 ], [ -122.285761, 47.587621 ], [ -122.285514, 47.588785 ], [ -122.285448, 47.589912 ], [ -122.285612, 47.59025 ], [ -122.28567, 47.590372 ], [ -122.284987, 47.590354 ], [ -122.282666, 47.590295 ], [ -122.2785, 47.590194 ], [ -122.268754, 47.589975 ], [ -122.266556, 47.589953 ], [ -122.266573, 47.589794 ], [ -122.26661, 47.589473 ], [ -122.266719, 47.588843 ], [ -122.266832, 47.587369 ], [ -122.266821, 47.586371 ], [ -122.266493, 47.583781 ], [ -122.266241, 47.582742 ], [ -122.265413, 47.580486 ], [ -122.264919, 47.57948 ], [ -122.264851, 47.579372 ], [ -122.264156, 47.578503 ], [ -122.263896, 47.578245 ], [ -122.26328, 47.577637 ], [ -122.262695, 47.577172 ], [ -122.262276, 47.576838 ], [ -122.261153, 47.576115 ], [ -122.266726, 47.574139 ], [ -122.274473, 47.571499 ], [ -122.276635, 47.570762 ], [ -122.276871, 47.570706 ], [ -122.277208, 47.570558 ], [ -122.277326, 47.570398 ], [ -122.277612, 47.570296 ], [ -122.277683, 47.570024 ], [ -122.27901, 47.570018 ], [ -122.279179, 47.570025 ], [ -122.279362, 47.570067 ], [ -122.2795, 47.570121 ], [ -122.279647, 47.570203 ], [ -122.279789, 47.57033 ], [ -122.2799, 47.570484 ], [ -122.280005, 47.570644 ], [ -122.280239, 47.571002 ], [ -122.280316, 47.571147 ], [ -122.280421, 47.571343 ], [ -122.280586, 47.571672 ], [ -122.280682, 47.571916 ], [ -122.280741, 47.57215 ], [ -122.280789, 47.572617 ], [ -122.280799, 47.57285 ], [ -122.280794, 47.573235 ], [ -122.280793, 47.573309 ], [ -122.280805, 47.573433 ], [ -122.280837, 47.573552 ], [ -122.281092, 47.574233 ], [ -122.28113, 47.573598 ], [ -122.281156, 47.573514 ], [ -122.281285, 47.573368 ], [ -122.281943, 47.573324 ], [ -122.282313, 47.573297 ], [ -122.282482, 47.573358 ], [ -122.282631, 47.57344 ], [ -122.282467, 47.572414 ], [ -122.283136, 47.572419 ], [ -122.283804, 47.572424 ], [ -122.284849, 47.572432 ], [ -122.284905, 47.572433 ], [ -122.285135, 47.572434 ], [ -122.285946, 47.572441 ], [ -122.286898, 47.572448 ], [ -122.287757, 47.572455 ], [ -122.288834, 47.572464 ], [ -122.289404, 47.572469 ], [ -122.289912, 47.572473 ], [ -122.290972, 47.572482 ], [ -122.290986, 47.57247 ], [ -122.291335, 47.572476 ], [ -122.292112, 47.573577 ], [ -122.291694, 47.573723 ], [ -122.29149, 47.573781 ] ] ] } },
{ "type": "Feature", "properties": { "GEOID": "530330094003", "population": 1266, "pop_in_seattle": 1266.0000000000002, "area_in_seattle": 255619.72376612545 }, "geometry": { "type": "Polygon", "coordinates": [ [ [ -122.31728, 47.586374 ], [ -122.317279, 47.586936 ], [ -122.315987, 47.58693 ], [ -122.314767, 47.586968 ], [ -122.314698, 47.586886 ], [ -122.314669, 47.586811 ], [ -122.31467, 47.586365 ], [ -122.313365, 47.586361 ], [ -122.312061, 47.586356 ], [ -122.311119, 47.586353 ], [ -122.310755, 47.586352 ], [ -122.310763, 47.58552 ], [ -122.310771, 47.584533 ], [ -122.310779, 47.583683 ], [ -122.310786, 47.58297 ], [ -122.310796, 47.581001 ], [ -122.312101, 47.581007 ], [ -122.313411, 47.581013 ], [ -122.313805, 47.581015 ], [ -122.314714, 47.58102 ], [ -122.314708, 47.581879 ], [ -122.31546, 47.581885 ], [ -122.315631, 47.581907 ], [ -122.31577, 47.581944 ], [ -122.315872, 47.581977 ], [ -122.316014, 47.582047 ], [ -122.316005, 47.582987 ], [ -122.315999, 47.5837 ], [ -122.315991, 47.584551 ], [ -122.316652, 47.584551 ], [ -122.317176, 47.584551 ], [ -122.317174, 47.584625 ], [ -122.317224, 47.584752 ], [ -122.317226, 47.584764 ], [ -122.317249, 47.584859 ], [ -122.317265, 47.584982 ], [ -122.317285, 47.585317 ], [ -122.317287, 47.585543 ], [ -122.31728, 47.586374 ] ] ] } },
{ "type": "Feature", "properties": { "GEOID": "530330096002", "population": 1426, "pop_in_seattle": 1425.9999999999998, "area_in_seattle": 2038942.4099372919 }, "geometry": { "type": "Polygon", "coordinates": [ [ [ -122.399949, 47.590775 ], [ -122.396777, 47.593228 ], [ -122.396221, 47.593885 ], [ -122.393779, 47.596765 ], [ -122.38994, 47.599389 ], [ -122.387784, 47.600639 ], [ -122.383912, 47.599376 ], [ -122.37979, 47.597523 ], [ -122.377916, 47.594659 ], [ -122.375673, 47.591369 ], [ -122.374004, 47.589996 ], [ -122.372415, 47.588688 ], [ -122.37591, 47.585972 ], [ -122.376129, 47.585815 ], [ -122.376229, 47.585775 ], [ -122.376332, 47.585731 ], [ -122.376606, 47.585959 ], [ -122.37698, 47.586228 ], [ -122.378138, 47.587034 ], [ -122.378223, 47.587093 ], [ -122.379033, 47.587674 ], [ -122.380343, 47.588592 ], [ -122.380699, 47.588868 ], [ -122.380995, 47.589098 ], [ -122.381383, 47.58941 ], [ -122.38142, 47.58945 ], [ -122.381809, 47.589632 ], [ -122.381948, 47.589741 ], [ -122.38205, 47.589848 ], [ -122.382527, 47.59057 ], [ -122.382602, 47.590677 ], [ -122.382663, 47.590607 ], [ -122.38268, 47.590512 ], [ -122.382656, 47.590386 ], [ -122.382311, 47.589665 ], [ -122.382143, 47.589238 ], [ -122.38207, 47.58905 ], [ -122.382055, 47.588903 ], [ -122.382068, 47.588868 ], [ -122.382126, 47.588787 ], [ -122.382188, 47.588738 ], [ -122.382567, 47.588523 ], [ -122.382593, 47.588508 ], [ -122.382882, 47.588356 ], [ -122.383299, 47.588136 ], [ -122.383527, 47.588033 ], [ -122.38361, 47.587961 ], [ -122.384052, 47.587575 ], [ -122.384228, 47.587404 ], [ -122.384571, 47.587044 ], [ -122.384693, 47.586909 ], [ -122.384804, 47.586808 ], [ -122.384947, 47.58673 ], [ -122.386283, 47.586191 ], [ -122.386346, 47.586165 ], [ -122.386323, 47.586766 ], [ -122.385299, 47.587213 ], [ -122.385032, 47.588017 ], [ -122.385017, 47.588061 ], [ -122.385016, 47.588108 ], [ -122.384975, 47.589298 ], [ -122.384934, 47.590456 ], [ -122.385382, 47.590582 ], [ -122.385516, 47.590585 ], [ -122.386185, 47.590595 ], [ -122.387333, 47.590614 ], [ -122.387528, 47.590617 ], [ -122.388596, 47.590635 ], [ -122.388899, 47.59064 ], [ -122.389845, 47.590657 ], [ -122.389938, 47.590543 ], [ -122.39008, 47.590435 ], [ -122.390292, 47.590277 ], [ -122.390801, 47.589891 ], [ -122.391081, 47.589685 ], [ -122.391233, 47.589552 ], [ -122.391365, 47.58941 ], [ -122.391629, 47.589129 ], [ -122.391663, 47.588132 ], [ -122.392349, 47.588139 ], [ -122.392429, 47.588125 ], [ -122.392696, 47.587927 ], [ -122.392915, 47.587783 ], [ -122.393169, 47.587674 ], [ -122.393378, 47.587517 ], [ -122.393587, 47.58734 ], [ -122.393771, 47.587195 ], [ -122.393879, 47.587111 ], [ -122.394028, 47.587006 ], [ -122.394183, 47.58691 ], [ -122.39437, 47.586775 ], [ -122.394606, 47.586662 ], [ -122.394866, 47.586567 ], [ -122.395019, 47.586512 ], [ -122.395305, 47.586421 ], [ -122.395783, 47.586235 ], [ -122.396151, 47.586019 ], [ -122.396495, 47.585738 ], [ -122.396927, 47.585461 ], [ -122.39731, 47.585282 ], [ -122.398678, 47.58468 ], [ -122.39883, 47.584638 ], [ -122.398993, 47.584623 ], [ -122.399192, 47.584644 ], [ -122.399562, 47.58481 ], [ -122.400974, 47.583587 ], [ -122.401125, 47.583645 ], [ -122.401839, 47.58392 ], [ -122.404608, 47.587174 ], [ -122.399949, 47.590775 ] ] ] } },
{ "type": "Feature", "properties": { "GEOID": "530330096003", "population": 1461, "pop_in_seattle": 1461.0000000000002, "area_in_seattle": 419039.65209031821 }, "geometry": { "type": "Polygon", "coordinates": [ [ [ -122.399562, 47.58481 ], [ -122.399192, 47.584644 ], [ -122.398993, 47.584623 ], [ -122.39883, 47.584638 ], [ -122.398678, 47.58468 ], [ -122.39731, 47.585282 ], [ -122.396927, 47.585461 ], [ -122.396495, 47.585738 ], [ -122.396151, 47.586019 ], [ -122.395783, 47.586235 ], [ -122.395305, 47.586421 ], [ -122.395019, 47.586512 ], [ -122.394866, 47.586567 ], [ -122.394606, 47.586662 ], [ -122.39437, 47.586775 ], [ -122.394183, 47.58691 ], [ -122.394028, 47.587006 ], [ -122.393879, 47.587111 ], [ -122.393771, 47.587195 ], [ -122.393587, 47.58734 ], [ -122.393378, 47.587517 ], [ -122.393169, 47.587674 ], [ -122.392915, 47.587783 ], [ -122.392696, 47.587927 ], [ -122.392429, 47.588125 ], [ -122.392349, 47.588139 ], [ -122.391663, 47.588132 ], [ -122.392843, 47.586866 ], [ -122.393024, 47.586688 ], [ -122.394595, 47.585503 ], [ -122.394028, 47.585494 ], [ -122.392894, 47.585472 ], [ -122.392328, 47.585463 ], [ -122.39176, 47.585455 ], [ -122.390464, 47.585434 ], [ -122.389087, 47.585413 ], [ -122.389137, 47.584025 ], [ -122.389072, 47.584039 ], [ -122.388697, 47.584033 ], [ -122.387761, 47.58402 ], [ -122.386425, 47.583999 ], [ -122.386481, 47.582994 ], [ -122.386548, 47.581194 ], [ -122.387861, 47.581203 ], [ -122.38924, 47.581215 ], [ -122.390615, 47.581225 ], [ -122.391474, 47.581235 ], [ -122.391613, 47.581219 ], [ -122.391865, 47.581156 ], [ -122.391907, 47.581138 ], [ -122.391905, 47.581212 ], [ -122.392237, 47.581215 ], [ -122.392812, 47.581219 ], [ -122.393863, 47.581228 ], [ -122.39408, 47.58123 ], [ -122.394444, 47.581233 ], [ -122.395296, 47.58124 ], [ -122.395908, 47.581245 ], [ -122.397237, 47.581255 ], [ -122.397212, 47.58196 ], [ -122.397201, 47.582664 ], [ -122.397203, 47.582887 ], [ -122.397213, 47.582975 ], [ -122.397223, 47.583059 ], [ -122.397423, 47.583072 ], [ -122.397644, 47.583056 ], [ -122.397696, 47.583868 ], [ -122.39825, 47.583447 ], [ -122.398364, 47.583386 ], [ -122.398371, 47.583564 ], [ -122.398405, 47.583627 ], [ -122.398464, 47.583696 ], [ -122.398528, 47.583749 ], [ -122.398648, 47.583834 ], [ -122.398821, 47.583944 ], [ -122.398919, 47.583891 ], [ -122.399366, 47.58376 ], [ -122.399481, 47.583701 ], [ -122.399564, 47.583622 ], [ -122.399834, 47.583254 ], [ -122.399926, 47.583182 ], [ -122.400111, 47.583094 ], [ -122.400382, 47.583066 ], [ -122.400463, 47.583137 ], [ -122.400553, 47.583216 ], [ -122.400974, 47.583587 ], [ -122.399562, 47.58481 ] ] ] } },
{ "type": "Feature", "properties": { "GEOID": "530330095004", "population": 1747, "pop_in_seattle": 1747.0000000000007, "area_in_seattle": 457406.71404616418 }, "geometry": { "type": "Polygon", "coordinates": [ [ [ -122.299078, 47.580986 ], [ -122.297928, 47.580979 ], [ -122.297712, 47.581018 ], [ -122.296992, 47.581265 ], [ -122.297152, 47.58153 ], [ -122.297464, 47.582025 ], [ -122.296441, 47.581114 ], [ -122.296408, 47.581061 ], [ -122.296348, 47.581015 ], [ -122.296309, 47.581006 ], [ -122.295141, 47.58099 ], [ -122.294674, 47.580983 ], [ -122.294325, 47.580972 ], [ -122.294154, 47.580963 ], [ -122.293, 47.580962 ], [ -122.291927, 47.580961 ], [ -122.290871, 47.580959 ], [ -122.290865, 47.579646 ], [ -122.290871, 47.578343 ], [ -122.290873, 47.576503 ], [ -122.290883, 47.576157 ], [ -122.290927, 47.575459 ], [ -122.290936, 47.575219 ], [ -122.290966, 47.573784 ], [ -122.29149, 47.573781 ], [ -122.291694, 47.573723 ], [ -122.292112, 47.573577 ], [ -122.292832, 47.573327 ], [ -122.294008, 47.572917 ], [ -122.294078, 47.572892 ], [ -122.295146, 47.57252 ], [ -122.296317, 47.572111 ], [ -122.296735, 47.571987 ], [ -122.29674, 47.572743 ], [ -122.296731, 47.573032 ], [ -122.296724, 47.573267 ], [ -122.29671, 47.574025 ], [ -122.296701, 47.57454 ], [ -122.296687, 47.575067 ], [ -122.296674, 47.57561 ], [ -122.296674, 47.575783 ], [ -122.296667, 47.575899 ], [ -122.296659, 47.576026 ], [ -122.296657, 47.576256 ], [ -122.296632, 47.576357 ], [ -122.297026, 47.576872 ], [ -122.297524, 47.577524 ], [ -122.298153, 47.578348 ], [ -122.299183, 47.579699 ], [ -122.300169, 47.580993 ], [ -122.299078, 47.580986 ] ] ] } },
{ "type": "Feature", "properties": { "GEOID": "530330094005", "population": 1227, "pop_in_seattle": 1227.0000000000005, "area_in_seattle": 272147.10336789797 }, "geometry": { "type": "Polygon", "coordinates": [ [ [ -122.317282, 47.591538 ], [ -122.317282, 47.593832 ], [ -122.31726, 47.593933 ], [ -122.317225, 47.593987 ], [ -122.317181, 47.594031 ], [ -122.317109, 47.594073 ], [ -122.316579, 47.59428 ], [ -122.3168, 47.594404 ], [ -122.316951, 47.59452 ], [ -122.317025, 47.594578 ], [ -122.31707, 47.594622 ], [ -122.317129, 47.594697 ], [ -122.316973, 47.594737 ], [ -122.316749, 47.594785 ], [ -122.31653, 47.594824 ], [ -122.316328, 47.594847 ], [ -122.316105, 47.594862 ], [ -122.315794, 47.594858 ], [ -122.315606, 47.59485 ], [ -122.315424, 47.594836 ], [ -122.315224, 47.594814 ], [ -122.315017, 47.594778 ], [ -122.314835, 47.594741 ], [ -122.314554, 47.594672 ], [ -122.31423, 47.594559 ], [ -122.31391, 47.594431 ], [ -122.313639, 47.594309 ], [ -122.313417, 47.594186 ], [ -122.313227, 47.594057 ], [ -122.313063, 47.593925 ], [ -122.313035, 47.593894 ], [ -122.31288, 47.593725 ], [ -122.311998, 47.592578 ], [ -122.311296, 47.59167 ], [ -122.31113, 47.591461 ], [ -122.31065, 47.591104 ], [ -122.31059, 47.59106 ], [ -122.310525, 47.591012 ], [ -122.310528, 47.590855 ], [ -122.310555, 47.590461 ], [ -122.310348, 47.59031 ], [ -122.310096, 47.590144 ], [ -122.309858, 47.59001 ], [ -122.309701, 47.589934 ], [ -122.309631, 47.5899 ], [ -122.309467, 47.589834 ], [ -122.309425, 47.589571 ], [ -122.309473, 47.589468 ], [ -122.309475, 47.589393 ], [ -122.309477, 47.589083 ], [ -122.309469, 47.588426 ], [ -122.310547, 47.588432 ], [ -122.310997, 47.588434 ], [ -122.311193, 47.588451 ], [ -122.311548, 47.58845 ], [ -122.311573, 47.588553 ], [ -122.311561, 47.589205 ], [ -122.311568, 47.589224 ], [ -122.311633, 47.589393 ], [ -122.31163, 47.589535 ], [ -122.311623, 47.589988 ], [ -122.312166, 47.589985 ], [ -122.312736, 47.589982 ], [ -122.313105, 47.589978 ], [ -122.31383, 47.589987 ], [ -122.314855, 47.589987 ], [ -122.314861, 47.588435 ], [ -122.315983, 47.588435 ], [ -122.317278, 47.588435 ], [ -122.317281, 47.589607 ], [ -122.317281, 47.589728 ], [ -122.317282, 47.589986 ], [ -122.317282, 47.590559 ], [ -122.317282, 47.591538 ] ] ] } },
{ "type": "Feature", "properties": { "GEOID": "530330095001", "population": 1704, "pop_in_seattle": 1704.0000000000016, "area_in_seattle": 831405.63326451008 }, "geometry": { "type": "Polygon", "coordinates": [ [ [ -122.293789, 47.586879 ], [ -122.293801, 47.587175 ], [ -122.29378, 47.587245 ], [ -122.293738, 47.587298 ], [ -122.293643, 47.587357 ], [ -122.293601, 47.587417 ], [ -122.293593, 47.587989 ], [ -122.293579, 47.589347 ], [ -122.293536, 47.589442 ], [ -122.293502, 47.589515 ], [ -122.29349, 47.589611 ], [ -122.293473, 47.589842 ], [ -122.293472, 47.589949 ], [ -122.293465, 47.590082 ], [ -122.293452, 47.590332 ], [ -122.29345, 47.590394 ], [ -122.293447, 47.590488 ], [ -122.293445, 47.590574 ], [ -122.293425, 47.59124 ], [ -122.293411, 47.592139 ], [ -122.292825, 47.592137 ], [ -122.292595, 47.592136 ], [ -122.292356, 47.592135 ], [ -122.291445, 47.592132 ], [ -122.291147, 47.592129 ], [ -122.291034, 47.592146 ], [ -122.290718, 47.592272 ], [ -122.290554, 47.592297 ], [ -122.290386, 47.592298 ], [ -122.290426, 47.591151 ], [ -122.289191, 47.591133 ], [ -122.28912, 47.591133 ], [ -122.288876, 47.59113 ], [ -122.288633, 47.591126 ], [ -122.288027, 47.59112 ], [ -122.288003, 47.591124 ], [ -122.287007, 47.591103 ], [ -122.286603, 47.591105 ], [ -122.285935, 47.59092 ], [ -122.28534, 47.590916 ], [ -122.273032, 47.590848 ], [ -122.266327, 47.591805 ], [ -122.266544, 47.59005 ], [ -122.266556, 47.589953 ], [ -122.268754, 47.589975 ], [ -122.2785, 47.590194 ], [ -122.282666, 47.590295 ], [ -122.284987, 47.590354 ], [ -122.28567, 47.590372 ], [ -122.285612, 47.59025 ], [ -122.285448, 47.589912 ], [ -122.285514, 47.588785 ], [ -122.285761, 47.587621 ], [ -122.286119, 47.586591 ], [ -122.286174, 47.586431 ], [ -122.286835, 47.586458 ], [ -122.286866, 47.586322 ], [ -122.286921, 47.586189 ], [ -122.28702, 47.586048 ], [ -122.287444, 47.585563 ], [ -122.287487, 47.585508 ], [ -122.287532, 47.585451 ], [ -122.287673, 47.585209 ], [ -122.287727, 47.585107 ], [ -122.287772, 47.585024 ], [ -122.287865, 47.584801 ], [ -122.287902, 47.584599 ], [ -122.287912, 47.584156 ], [ -122.287897, 47.583288 ], [ -122.287868, 47.583186 ], [ -122.287834, 47.583113 ], [ -122.287777, 47.583036 ], [ -122.287639, 47.58294 ], [ -122.28778, 47.58284 ], [ -122.287805, 47.582799 ], [ -122.287824, 47.582599 ], [ -122.287832, 47.582506 ], [ -122.287849, 47.582339 ], [ -122.287885, 47.582004 ], [ -122.287901, 47.581852 ], [ -122.288191, 47.579948 ], [ -122.288161, 47.579715 ], [ -122.288031, 47.579358 ], [ -122.287921, 47.578308 ], [ -122.28817, 47.578338 ], [ -122.288285, 47.578339 ], [ -122.288706, 47.578339 ], [ -122.289133, 47.57834 ], [ -122.289797, 47.57834 ], [ -122.290871, 47.578343 ], [ -122.290865, 47.579646 ], [ -122.290871, 47.580959 ], [ -122.291927, 47.580961 ], [ -122.293, 47.580962 ], [ -122.294154, 47.580963 ], [ -122.294112, 47.58291 ], [ -122.29408, 47.583624 ], [ -122.294058, 47.584473 ], [ -122.294052, 47.585165 ], [ -122.294043, 47.585461 ], [ -122.294036, 47.58631 ], [ -122.294257, 47.586311 ], [ -122.294262, 47.586879 ], [ -122.293789, 47.586879 ] ] ] } },
{ "type": "Feature", "properties": { "GEOID": "530330089002", "population": 1449, "pop_in_seattle": 1448.9999999999998, "area_in_seattle": 304527.85259842669 }, "geometry": { "type": "Polygon", "coordinates": [ [ [ -122.29785, 47.594637 ], [ -122.297835, 47.594713 ], [ -122.297573, 47.595525 ], [ -122.297517, 47.595876 ], [ -122.29749, 47.596726 ], [ -122.297451, 47.598058 ], [ -122.296277, 47.59804 ], [ -122.295065, 47.598023 ], [ -122.294463, 47.598015 ], [ -122.293853, 47.598006 ], [ -122.293603, 47.598004 ], [ -122.292909, 47.597995 ], [ -122.292588, 47.597956 ], [ -122.291619, 47.597959 ], [ -122.291538, 47.597955 ], [ -122.291463, 47.597937 ], [ -122.291441, 47.597912 ], [ -122.291429, 47.597897 ], [ -122.29142, 47.597873 ], [ -122.291462, 47.596647 ], [ -122.29149, 47.595743 ], [ -122.291437, 47.595699 ], [ -122.291433, 47.595663 ], [ -122.29146, 47.594556 ], [ -122.291479, 47.593562 ], [ -122.29149, 47.593524 ], [ -122.291549, 47.593465 ], [ -122.291587, 47.592252 ], [ -122.291557, 47.592182 ], [ -122.291445, 47.592132 ], [ -122.292356, 47.592135 ], [ -122.292595, 47.592136 ], [ -122.292825, 47.592137 ], [ -122.293411, 47.592139 ], [ -122.29443, 47.592158 ], [ -122.295471, 47.592172 ], [ -122.296065, 47.592178 ], [ -122.296061, 47.592003 ], [ -122.297631, 47.592027 ], [ -122.297766, 47.592629 ], [ -122.297821, 47.592927 ], [ -122.297825, 47.592946 ], [ -122.297853, 47.593319 ], [ -122.297867, 47.594555 ], [ -122.29785, 47.594637 ] ] ] } },
{ "type": "Feature", "properties": { "GEOID": "530330094004", "population": 1369, "pop_in_seattle": 1369.0000000000009, "area_in_seattle": 514861.05734114134 }, "geometry": { "type": "Polygon", "coordinates": [ [ [ -122.317257, 47.595819 ], [ -122.315924, 47.595818 ], [ -122.314036, 47.595813 ], [ -122.312823, 47.595813 ], [ -122.312205, 47.595811 ], [ -122.31171, 47.595821 ], [ -122.311513, 47.595854 ], [ -122.311359, 47.595869 ], [ -122.31022, 47.595872 ], [ -122.308959, 47.59587 ], [ -122.307277, 47.595867 ], [ -122.306861, 47.595866 ], [ -122.306657, 47.595891 ], [ -122.306525, 47.595891 ], [ -122.306184, 47.59589 ], [ -122.3062, 47.595205 ], [ -122.306216, 47.594493 ], [ -122.306231, 47.59378 ], [ -122.306246, 47.593058 ], [ -122.306245, 47.592568 ], [ -122.306219, 47.592409 ], [ -122.306141, 47.592272 ], [ -122.306125, 47.592244 ], [ -122.305967, 47.592092 ], [ -122.305923, 47.592069 ], [ -122.305743, 47.591977 ], [ -122.305656, 47.591949 ], [ -122.305576, 47.591925 ], [ -122.305405, 47.591892 ], [ -122.305169, 47.591884 ], [ -122.304601, 47.591886 ], [ -122.304271, 47.591886 ], [ -122.30324, 47.591889 ], [ -122.302502, 47.591891 ], [ -122.302296, 47.591336 ], [ -122.302209, 47.591004 ], [ -122.302181, 47.590896 ], [ -122.302154, 47.590738 ], [ -122.302138, 47.590548 ], [ -122.30214, 47.590423 ], [ -122.302143, 47.590319 ], [ -122.302143, 47.590294 ], [ -122.302149, 47.590209 ], [ -122.302164, 47.590057 ], [ -122.302177, 47.589964 ], [ -122.3022, 47.589868 ], [ -122.302264, 47.5896 ], [ -122.302274, 47.589558 ], [ -122.302541, 47.588829 ], [ -122.302585, 47.588623 ], [ -122.302596, 47.588373 ], [ -122.302675, 47.588374 ], [ -122.303873, 47.588398 ], [ -122.30386, 47.587722 ], [ -122.30512, 47.587736 ], [ -122.305153, 47.587736 ], [ -122.305251, 47.587737 ], [ -122.30623, 47.587731 ], [ -122.307308, 47.587736 ], [ -122.308386, 47.587741 ], [ -122.309465, 47.587746 ], [ -122.309469, 47.588426 ], [ -122.309477, 47.589083 ], [ -122.309475, 47.589393 ], [ -122.309473, 47.589468 ], [ -122.309425, 47.589571 ], [ -122.309467, 47.589834 ], [ -122.309631, 47.5899 ], [ -122.309701, 47.589934 ], [ -122.309858, 47.59001 ], [ -122.310096, 47.590144 ], [ -122.310348, 47.59031 ], [ -122.310555, 47.590461 ], [ -122.310528, 47.590855 ], [ -122.310525, 47.591012 ], [ -122.31059, 47.59106 ], [ -122.31065, 47.591104 ], [ -122.31113, 47.591461 ], [ -122.311296, 47.59167 ], [ -122.311998, 47.592578 ], [ -122.31288, 47.593725 ], [ -122.313035, 47.593894 ], [ -122.313063, 47.593925 ], [ -122.313227, 47.594057 ], [ -122.313417, 47.594186 ], [ -122.313639, 47.594309 ], [ -122.31391, 47.594431 ], [ -122.31423, 47.594559 ], [ -122.314554, 47.594672 ], [ -122.314835, 47.594741 ], [ -122.315017, 47.594778 ], [ -122.315224, 47.594814 ], [ -122.315424, 47.594836 ], [ -122.315606, 47.59485 ], [ -122.315794, 47.594858 ], [ -122.316105, 47.594862 ], [ -122.316328, 47.594847 ], [ -122.31653, 47.594824 ], [ -122.316749, 47.594785 ], [ -122.316973, 47.594737 ], [ -122.317129, 47.594697 ], [ -122.317169, 47.594749 ], [ -122.317187, 47.594779 ], [ -122.317228, 47.594863 ], [ -122.317254, 47.59493 ], [ -122.317268, 47.594982 ], [ -122.317271, 47.595031 ], [ -122.317278, 47.595125 ], [ -122.317257, 47.595819 ] ] ] } },
{ "type": "Feature", "properties": { "GEOID": "530330080022", "population": 1393, "pop_in_seattle": 1393.0000000000002, "area_in_seattle": 119104.92403454101 }, "geometry": { "type": "Polygon", "coordinates": [ [ [ -122.350987, 47.612966 ], [ -122.350467, 47.613365 ], [ -122.349608, 47.614029 ], [ -122.348748, 47.614694 ], [ -122.347836, 47.614154 ], [ -122.347807, 47.614137 ], [ -122.347705, 47.614076 ], [ -122.346515, 47.613373 ], [ -122.345215, 47.612605 ], [ -122.346074, 47.61194 ], [ -122.344774, 47.611171 ], [ -122.345326, 47.610741 ], [ -122.345425, 47.610662 ], [ -122.345464, 47.610631 ], [ -122.345626, 47.610503 ], [ -122.345676, 47.610465 ], [ -122.346302, 47.609992 ], [ -122.348837, 47.611483 ], [ -122.350479, 47.612457 ], [ -122.351168, 47.612803 ], [ -122.351056, 47.612911 ], [ -122.350987, 47.612966 ] ] ] } },
{ "type": "Feature", "properties": { "GEOID": "530330097012", "population": 1617, "pop_in_seattle": 1617.0000000000011, "area_in_seattle": 1017568.1407588846 }, "geometry": { "type": "Polygon", "coordinates": [ [ [ -122.410814, 47.567518 ], [ -122.410062, 47.567542 ], [ -122.409516, 47.567521 ], [ -122.409508, 47.568138 ], [ -122.409467, 47.568231 ], [ -122.409162, 47.568532 ], [ -122.409112, 47.568661 ], [ -122.409115, 47.568809 ], [ -122.409152, 47.568916 ], [ -122.409195, 47.569018 ], [ -122.409289, 47.569148 ], [ -122.410099, 47.570148 ], [ -122.409839, 47.570144 ], [ -122.409621, 47.570142 ], [ -122.409254, 47.570137 ], [ -122.408495, 47.570134 ], [ -122.40848, 47.571082 ], [ -122.408479, 47.571212 ], [ -122.408362, 47.572182 ], [ -122.408301, 47.572266 ], [ -122.407358, 47.57225 ], [ -122.40737, 47.571714 ], [ -122.407328, 47.571695 ], [ -122.406047, 47.571102 ], [ -122.405601, 47.571097 ], [ -122.405289, 47.571084 ], [ -122.403874, 47.570811 ], [ -122.40315, 47.570376 ], [ -122.402825, 47.570384 ], [ -122.401488, 47.57037 ], [ -122.40151, 47.568637 ], [ -122.401508, 47.568564 ], [ -122.401773, 47.568567 ], [ -122.401769, 47.568495 ], [ -122.401798, 47.566804 ], [ -122.401796, 47.566741 ], [ -122.401538, 47.566738 ], [ -122.401539, 47.566674 ], [ -122.401529, 47.564904 ], [ -122.400194, 47.564888 ], [ -122.400032, 47.564834 ], [ -122.399531, 47.564829 ], [ -122.398859, 47.564823 ], [ -122.398879, 47.563617 ], [ -122.39889, 47.563014 ], [ -122.398226, 47.563008 ], [ -122.398262, 47.561203 ], [ -122.398299, 47.559419 ], [ -122.397612, 47.559384 ], [ -122.39763, 47.558396 ], [ -122.397645, 47.557574 ], [ -122.397647, 47.557495 ], [ -122.39776, 47.557496 ], [ -122.398559, 47.557504 ], [ -122.398693, 47.557501 ], [ -122.398805, 47.557526 ], [ -122.398877, 47.557552 ], [ -122.398938, 47.557604 ], [ -122.398958, 47.557669 ], [ -122.398986, 47.557976 ], [ -122.399008, 47.558034 ], [ -122.399041, 47.558111 ], [ -122.399095, 47.558206 ], [ -122.399141, 47.558278 ], [ -122.399539, 47.558695 ], [ -122.399797, 47.559136 ], [ -122.399894, 47.559269 ], [ -122.400023, 47.559389 ], [ -122.400291, 47.559564 ], [ -122.40042, 47.559692 ], [ -122.4005, 47.559837 ], [ -122.400557, 47.560062 ], [ -122.400704, 47.560266 ], [ -122.401076, 47.56047 ], [ -122.401137, 47.560503 ], [ -122.402519, 47.561049 ], [ -122.402661, 47.561069 ], [ -122.402936, 47.561047 ], [ -122.40392, 47.560963 ], [ -122.404739, 47.56082 ], [ -122.406516, 47.560625 ], [ -122.409757, 47.560272 ], [ -122.413454, 47.564396 ], [ -122.413704, 47.567091 ], [ -122.414266, 47.567533 ], [ -122.410814, 47.567518 ] ] ] } },
{ "type": "Feature", "properties": { "GEOID": "530330097013", "population": 1458, "pop_in_seattle": 1457.9999999999998, "area_in_seattle": 686607.64980857691 }, "geometry": { "type": "Polygon", "coordinates": [ [ [ -122.411922, 47.583759 ], [ -122.410833, 47.584103 ], [ -122.40681, 47.586086 ], [ -122.405217, 47.586873 ], [ -122.404608, 47.587174 ], [ -122.401839, 47.58392 ], [ -122.401125, 47.583645 ], [ -122.400974, 47.583587 ], [ -122.401742, 47.58293 ], [ -122.401914, 47.582812 ], [ -122.402076, 47.582702 ], [ -122.402268, 47.582593 ], [ -122.402603, 47.582431 ], [ -122.402647, 47.58038 ], [ -122.402657, 47.580371 ], [ -122.403568, 47.579452 ], [ -122.403584, 47.579442 ], [ -122.404016, 47.579443 ], [ -122.404017, 47.579404 ], [ -122.404027, 47.578996 ], [ -122.404027, 47.578956 ], [ -122.404003, 47.57888 ], [ -122.403952, 47.578803 ], [ -122.403899, 47.57876 ], [ -122.403818, 47.578733 ], [ -122.403686, 47.578728 ], [ -122.403579, 47.578742 ], [ -122.403467, 47.578786 ], [ -122.403042, 47.579018 ], [ -122.403009, 47.579036 ], [ -122.402935, 47.579066 ], [ -122.402828, 47.579087 ], [ -122.40199, 47.579083 ], [ -122.401218, 47.579077 ], [ -122.400477, 47.57907 ], [ -122.40019, 47.579084 ], [ -122.400511, 47.578901 ], [ -122.4027, 47.577653 ], [ -122.40341, 47.577255 ], [ -122.403435, 47.577241 ], [ -122.403681, 47.577151 ], [ -122.403969, 47.577099 ], [ -122.404169, 47.577091 ], [ -122.405374, 47.577102 ], [ -122.405382, 47.576679 ], [ -122.405396, 47.575833 ], [ -122.405442, 47.575834 ], [ -122.406788, 47.575852 ], [ -122.407949, 47.575871 ], [ -122.408013, 47.575881 ], [ -122.408062, 47.575913 ], [ -122.408124, 47.575993 ], [ -122.408276, 47.575932 ], [ -122.408443, 47.575891 ], [ -122.408625, 47.575878 ], [ -122.409439, 47.575887 ], [ -122.409385, 47.577723 ], [ -122.410688, 47.57774 ], [ -122.41065, 47.579123 ], [ -122.410877, 47.57904 ], [ -122.41195, 47.578725 ], [ -122.411931, 47.579466 ], [ -122.411922, 47.583759 ] ] ] } },
{ "type": "Feature", "properties": { "GEOID": "530330097014", "population": 1467, "pop_in_seattle": 1467.0000000000002, "area_in_seattle": 712967.70328524639 }, "geometry": { "type": "Polygon", "coordinates": [ [ [ -122.418566, 47.572396 ], [ -122.413539, 47.57232 ], [ -122.413051, 47.572329 ], [ -122.413362, 47.572498 ], [ -122.41345, 47.572555 ], [ -122.413437, 47.572735 ], [ -122.413438, 47.573051 ], [ -122.413431, 47.573287 ], [ -122.413429, 47.573353 ], [ -122.41342, 47.573654 ], [ -122.413406, 47.574135 ], [ -122.413352, 47.575941 ], [ -122.412047, 47.575922 ], [ -122.410741, 47.575904 ], [ -122.409439, 47.575887 ], [ -122.408625, 47.575878 ], [ -122.408443, 47.575891 ], [ -122.408276, 47.575932 ], [ -122.408124, 47.575993 ], [ -122.408062, 47.575913 ], [ -122.408013, 47.575881 ], [ -122.407949, 47.575871 ], [ -122.406788, 47.575852 ], [ -122.405442, 47.575834 ], [ -122.405396, 47.575833 ], [ -122.405382, 47.576679 ], [ -122.405374, 47.577102 ], [ -122.404169, 47.577091 ], [ -122.403969, 47.577099 ], [ -122.403681, 47.577151 ], [ -122.403435, 47.577241 ], [ -122.40341, 47.577255 ], [ -122.403415, 47.57668 ], [ -122.403408, 47.575921 ], [ -122.402939, 47.57592 ], [ -122.402838, 47.57592 ], [ -122.402837, 47.575801 ], [ -122.402807, 47.572214 ], [ -122.403425, 47.572203 ], [ -122.403496, 47.57221 ], [ -122.403622, 47.572238 ], [ -122.403701, 47.572265 ], [ -122.403827, 47.572216 ], [ -122.403845, 47.571305 ], [ -122.403855, 47.570949 ], [ -122.403874, 47.570811 ], [ -122.405289, 47.571084 ], [ -122.405601, 47.571097 ], [ -122.406047, 47.571102 ], [ -122.407328, 47.571695 ], [ -122.40737, 47.571714 ], [ -122.407358, 47.57225 ], [ -122.408301, 47.572266 ], [ -122.408362, 47.572182 ], [ -122.408479, 47.571212 ], [ -122.40848, 47.571082 ], [ -122.408495, 47.570134 ], [ -122.409254, 47.570137 ], [ -122.409621, 47.570142 ], [ -122.409839, 47.570144 ], [ -122.410099, 47.570148 ], [ -122.409289, 47.569148 ], [ -122.409195, 47.569018 ], [ -122.409152, 47.568916 ], [ -122.409115, 47.568809 ], [ -122.409112, 47.568661 ], [ -122.409162, 47.568532 ], [ -122.409467, 47.568231 ], [ -122.409508, 47.568138 ], [ -122.409516, 47.567521 ], [ -122.410062, 47.567542 ], [ -122.410814, 47.567518 ], [ -122.414266, 47.567533 ], [ -122.415951, 47.56886 ], [ -122.419008, 47.570266 ], [ -122.418974, 47.572663 ], [ -122.418566, 47.572396 ] ] ] } },
{ "type": "Feature", "properties": { "GEOID": "530330097022", "population": 1428, "pop_in_seattle": 1427.9999999999998, "area_in_seattle": 762655.87111232639 }, "geometry": { "type": "Polygon", "coordinates": [ [ [ -122.404017, 47.579404 ], [ -122.404016, 47.579443 ], [ -122.403584, 47.579442 ], [ -122.403568, 47.579452 ], [ -122.402657, 47.580371 ], [ -122.402647, 47.58038 ], [ -122.402603, 47.582431 ], [ -122.402268, 47.582593 ], [ -122.402076, 47.582702 ], [ -122.401914, 47.582812 ], [ -122.401742, 47.58293 ], [ -122.400974, 47.583587 ], [ -122.400553, 47.583216 ], [ -122.400463, 47.583137 ], [ -122.400382, 47.583066 ], [ -122.400111, 47.583094 ], [ -122.399926, 47.583182 ], [ -122.399834, 47.583254 ], [ -122.399564, 47.583622 ], [ -122.399481, 47.583701 ], [ -122.399366, 47.58376 ], [ -122.398919, 47.583891 ], [ -122.398821, 47.583944 ], [ -122.398648, 47.583834 ], [ -122.398528, 47.583749 ], [ -122.398464, 47.583696 ], [ -122.398405, 47.583627 ], [ -122.398371, 47.583564 ], [ -122.398364, 47.583386 ], [ -122.39825, 47.583447 ], [ -122.397696, 47.583868 ], [ -122.397644, 47.583056 ], [ -122.397423, 47.583072 ], [ -122.397223, 47.583059 ], [ -122.397213, 47.582975 ], [ -122.397203, 47.582887 ], [ -122.397201, 47.582664 ], [ -122.397212, 47.58196 ], [ -122.397237, 47.581255 ], [ -122.395908, 47.581245 ], [ -122.395296, 47.58124 ], [ -122.394444, 47.581233 ], [ -122.39408, 47.58123 ], [ -122.394149, 47.579371 ], [ -122.394227, 47.577528 ], [ -122.394053, 47.576803 ], [ -122.394026, 47.576582 ], [ -122.394033, 47.576471 ], [ -122.394085, 47.576252 ], [ -122.394189, 47.576042 ], [ -122.394342, 47.575846 ], [ -122.394488, 47.575703 ], [ -122.394622, 47.57557 ], [ -122.394706, 47.575387 ], [ -122.394721, 47.574638 ], [ -122.394729, 47.573899 ], [ -122.394749, 47.572093 ], [ -122.396106, 47.572106 ], [ -122.396567, 47.572111 ], [ -122.396651, 47.572058 ], [ -122.397419, 47.571572 ], [ -122.397426, 47.571053 ], [ -122.398241, 47.571065 ], [ -122.399537, 47.570946 ], [ -122.400253, 47.571098 ], [ -122.400232, 47.571199 ], [ -122.400254, 47.57152 ], [ -122.400261, 47.57175 ], [ -122.400272, 47.571777 ], [ -122.400282, 47.571785 ], [ -122.400267, 47.572121 ], [ -122.402807, 47.572214 ], [ -122.402837, 47.575801 ], [ -122.402838, 47.57592 ], [ -122.402939, 47.57592 ], [ -122.403408, 47.575921 ], [ -122.403415, 47.57668 ], [ -122.40341, 47.577255 ], [ -122.4027, 47.577653 ], [ -122.400511, 47.578901 ], [ -122.40019, 47.579084 ], [ -122.400477, 47.57907 ], [ -122.401218, 47.579077 ], [ -122.40199, 47.579083 ], [ -122.402828, 47.579087 ], [ -122.402935, 47.579066 ], [ -122.403009, 47.579036 ], [ -122.403042, 47.579018 ], [ -122.403467, 47.578786 ], [ -122.403579, 47.578742 ], [ -122.403686, 47.578728 ], [ -122.403818, 47.578733 ], [ -122.403899, 47.57876 ], [ -122.403952, 47.578803 ], [ -122.404003, 47.57888 ], [ -122.404027, 47.578956 ], [ -122.404027, 47.578996 ], [ -122.404017, 47.579404 ] ] ] } },
{ "type": "Feature", "properties": { "GEOID": "530330078001", "population": 1284, "pop_in_seattle": 1284.0000000000002, "area_in_seattle": 4434251.3216430014 }, "geometry": { "type": "Polygon", "coordinates": [ [ [ -122.292503, 47.60319 ], [ -122.29162, 47.603188 ], [ -122.291602, 47.604175 ], [ -122.291595, 47.604504 ], [ -122.290568, 47.6045 ], [ -122.290547, 47.604516 ], [ -122.290522, 47.604535 ], [ -122.290509, 47.605153 ], [ -122.2893, 47.605143 ], [ -122.289238, 47.605142 ], [ -122.289104, 47.605157 ], [ -122.289012, 47.605187 ], [ -122.288914, 47.60525 ], [ -122.288864, 47.605311 ], [ -122.288775, 47.605482 ], [ -122.288688, 47.605568 ], [ -122.288528, 47.605655 ], [ -122.288334, 47.605701 ], [ -122.288129, 47.605701 ], [ -122.287982, 47.60567 ], [ -122.28785, 47.605615 ], [ -122.287636, 47.605484 ], [ -122.287512, 47.605446 ], [ -122.287342, 47.605441 ], [ -122.287244, 47.605461 ], [ -122.287156, 47.605497 ], [ -122.287048, 47.605586 ], [ -122.286871, 47.605903 ], [ -122.28685, 47.606026 ], [ -122.286868, 47.606251 ], [ -122.286925, 47.606349 ], [ -122.287131, 47.606555 ], [ -122.287198, 47.606726 ], [ -122.287215, 47.606769 ], [ -122.287233, 47.60681 ], [ -122.287256, 47.60691 ], [ -122.287262, 47.607108 ], [ -122.287231, 47.607883 ], [ -122.287212, 47.607915 ], [ -122.286136, 47.607904 ], [ -122.286097, 47.609219 ], [ -122.285895, 47.609169 ], [ -122.285405, 47.609163 ], [ -122.284716, 47.609156 ], [ -122.284728, 47.608664 ], [ -122.284725, 47.608417 ], [ -122.284701, 47.608272 ], [ -122.28466, 47.608128 ], [ -122.284526, 47.60785 ], [ -122.284391, 47.607659 ], [ -122.284264, 47.60753 ], [ -122.284223, 47.607498 ], [ -122.284103, 47.607399 ], [ -122.283798, 47.607079 ], [ -122.283554, 47.606833 ], [ -122.283466, 47.606777 ], [ -122.283427, 47.607501 ], [ -122.283388, 47.607994 ], [ -122.28338, 47.608048 ], [ -122.283364, 47.608108 ], [ -122.283349, 47.608142 ], [ -122.282969, 47.60932 ], [ -122.282898, 47.609846 ], [ -122.282811, 47.610933 ], [ -122.28278, 47.611054 ], [ -122.282731, 47.611165 ], [ -122.282721, 47.611188 ], [ -122.282701, 47.611223 ], [ -122.282653, 47.611311 ], [ -122.282509, 47.611489 ], [ -122.281919, 47.612119 ], [ -122.282008, 47.612195 ], [ -122.282067, 47.612276 ], [ -122.282536, 47.613415 ], [ -122.282642, 47.613582 ], [ -122.282807, 47.613765 ], [ -122.283915, 47.615233 ], [ -122.284614, 47.616163 ], [ -122.284606, 47.616458 ], [ -122.283228, 47.616454 ], [ -122.28322, 47.617607 ], [ -122.283038, 47.617622 ], [ -122.283092, 47.617742 ], [ -122.283275, 47.618283 ], [ -122.283594, 47.619033 ], [ -122.283685, 47.61912 ], [ -122.283703, 47.619316 ], [ -122.283723, 47.619379 ], [ -122.283783, 47.619487 ], [ -122.283862, 47.619566 ], [ -122.283943, 47.619632 ], [ -122.284027, 47.619699 ], [ -122.28396, 47.619775 ], [ -122.283948, 47.619795 ], [ -122.283944, 47.619881 ], [ -122.283894, 47.619918 ], [ -122.284151, 47.620368 ], [ -122.284278, 47.620521 ], [ -122.284459, 47.620679 ], [ -122.284725, 47.620858 ], [ -122.285082, 47.621072 ], [ -122.285443, 47.621259 ], [ -122.285708, 47.621398 ], [ -122.285847, 47.621509 ], [ -122.285878, 47.621534 ], [ -122.285932, 47.621599 ], [ -122.285957, 47.621681 ], [ -122.285948, 47.62186 ], [ -122.285921, 47.621943 ], [ -122.285516, 47.622513 ], [ -122.284698, 47.622509 ], [ -122.284631, 47.622611 ], [ -122.284622, 47.622654 ], [ -122.284629, 47.622691 ], [ -122.284678, 47.622769 ], [ -122.285002, 47.62313 ], [ -122.285117, 47.623192 ], [ -122.285363, 47.623341 ], [ -122.28546, 47.623418 ], [ -122.285517, 47.62349 ], [ -122.285556, 47.623573 ], [ -122.28567, 47.624263 ], [ -122.285634, 47.62484 ], [ -122.285574, 47.624949 ], [ -122.285526, 47.625001 ], [ -122.284908, 47.625658 ], [ -122.284476, 47.62613 ], [ -122.284438, 47.626172 ], [ -122.284378, 47.626275 ], [ -122.284155, 47.626625 ], [ -122.284042, 47.626817 ], [ -122.28401, 47.626841 ], [ -122.28291, 47.627238 ], [ -122.282371, 47.626532 ], [ -122.282259, 47.626457 ], [ -122.282729, 47.626206 ], [ -122.282851, 47.626158 ], [ -122.282856, 47.625436 ], [ -122.282897, 47.625292 ], [ -122.282938, 47.62518 ], [ -122.283037, 47.62503 ], [ -122.283101, 47.624853 ], [ -122.283043, 47.624892 ], [ -122.282912, 47.62497 ], [ -122.282632, 47.625234 ], [ -122.282624, 47.625259 ], [ -122.282586, 47.625369 ], [ -122.282548, 47.625485 ], [ -122.281009, 47.626328 ], [ -122.280229, 47.626243 ], [ -122.273794, 47.625547 ], [ -122.262238, 47.624776 ], [ -122.262722, 47.621146 ], [ -122.263651, 47.613115 ], [ -122.264069, 47.609819 ], [ -122.264654, 47.605203 ], [ -122.264845, 47.603695 ], [ -122.265147, 47.601321 ], [ -122.275916, 47.60152 ], [ -122.281211, 47.60152 ], [ -122.283631, 47.601662 ], [ -122.284445, 47.601705 ], [ -122.285316, 47.60174 ], [ -122.286009, 47.601745 ], [ -122.286677, 47.601707 ], [ -122.2877, 47.601645 ], [ -122.288123, 47.601445 ], [ -122.288194, 47.601384 ], [ -122.288237, 47.60133 ], [ -122.288235, 47.601255 ], [ -122.288209, 47.601195 ], [ -122.288176, 47.60115 ], [ -122.288103, 47.601106 ], [ -122.287798, 47.601048 ], [ -122.287687, 47.601007 ], [ -122.287631, 47.600951 ], [ -122.287617, 47.600895 ], [ -122.287625, 47.600863 ], [ -122.287637, 47.600814 ], [ -122.287695, 47.600711 ], [ -122.287757, 47.600671 ], [ -122.287842, 47.600653 ], [ -122.28819, 47.600589 ], [ -122.288289, 47.600554 ], [ -122.288371, 47.600508 ], [ -122.288424, 47.600457 ], [ -122.288463, 47.600358 ], [ -122.288447, 47.600018 ], [ -122.288439, 47.599816 ], [ -122.288419, 47.599369 ], [ -122.288486, 47.599241 ], [ -122.288621, 47.599152 ], [ -122.288934, 47.599118 ], [ -122.288997, 47.599201 ], [ -122.289521, 47.599405 ], [ -122.289601, 47.599452 ], [ -122.28966, 47.599511 ], [ -122.289695, 47.599578 ], [ -122.289703, 47.599649 ], [ -122.289651, 47.599889 ], [ -122.289593, 47.600029 ], [ -122.28948, 47.600257 ], [ -122.289466, 47.600338 ], [ -122.289494, 47.600445 ], [ -122.289572, 47.600541 ], [ -122.289691, 47.600613 ], [ -122.290163, 47.60081 ], [ -122.290196, 47.600824 ], [ -122.29031, 47.60085 ], [ -122.290392, 47.600852 ], [ -122.290496, 47.600855 ], [ -122.29133, 47.600856 ], [ -122.291302, 47.601644 ], [ -122.292519, 47.601646 ], [ -122.292502, 47.603108 ], [ -122.292503, 47.60319 ] ] ] } },
{ "type": "Feature", "properties": { "GEOID": "530330076001", "population": 1358, "pop_in_seattle": 1358.0000000000007, "area_in_seattle": 170509.2022950073 }, "geometry": { "type": "Polygon", "coordinates": [ [ [ -122.312604, 47.624425 ], [ -122.312592, 47.625259 ], [ -122.311772, 47.625254 ], [ -122.311744, 47.625254 ], [ -122.311311, 47.625252 ], [ -122.310889, 47.62525 ], [ -122.309989, 47.625246 ], [ -122.308665, 47.625239 ], [ -122.307321, 47.625232 ], [ -122.306027, 47.625224 ], [ -122.30481, 47.625214 ], [ -122.304669, 47.625213 ], [ -122.303599, 47.625206 ], [ -122.303545, 47.625206 ], [ -122.302421, 47.625198 ], [ -122.302435, 47.62439 ], [ -122.302455, 47.623171 ], [ -122.303572, 47.623188 ], [ -122.30469, 47.623204 ], [ -122.306012, 47.623207 ], [ -122.307307, 47.623211 ], [ -122.308695, 47.623244 ], [ -122.309773, 47.623247 ], [ -122.309899, 47.623236 ], [ -122.309933, 47.623223 ], [ -122.309964, 47.623245 ], [ -122.310068, 47.6233 ], [ -122.310077, 47.623286 ], [ -122.31015, 47.623263 ], [ -122.310257, 47.623251 ], [ -122.311342, 47.623255 ], [ -122.312626, 47.623262 ], [ -122.312609, 47.624247 ], [ -122.312604, 47.624425 ] ] ] } },
{ "type": "Feature", "properties": { "GEOID": "530330076002", "population": 1552, "pop_in_seattle": 1551.9999999999998, "area_in_seattle": 213320.21564772021 }, "geometry": { "type": "Polygon", "coordinates": [ [ [ -122.308822, 47.619667 ], [ -122.308752, 47.619667 ], [ -122.308741, 47.62049 ], [ -122.307892, 47.620487 ], [ -122.307352, 47.620485 ], [ -122.307337, 47.621386 ], [ -122.307326, 47.622064 ], [ -122.307307, 47.623211 ], [ -122.306012, 47.623207 ], [ -122.30469, 47.623204 ], [ -122.303572, 47.623188 ], [ -122.302455, 47.623171 ], [ -122.302463, 47.622656 ], [ -122.302483, 47.621373 ], [ -122.302501, 47.620205 ], [ -122.302523, 47.619325 ], [ -122.302549, 47.619169 ], [ -122.302813, 47.618989 ], [ -122.303652, 47.618418 ], [ -122.304161, 47.618085 ], [ -122.304199, 47.61811 ], [ -122.30461, 47.618387 ], [ -122.304771, 47.618496 ], [ -122.306082, 47.6185 ], [ -122.307386, 47.618504 ], [ -122.307541, 47.618504 ], [ -122.308321, 47.618506 ], [ -122.30852, 47.618507 ], [ -122.308833, 47.618508 ], [ -122.30883, 47.619 ], [ -122.308822, 47.619667 ] ] ] } },
{ "type": "Feature", "properties": { "GEOID": "530330076003", "population": 1434, "pop_in_seattle": 1433.9999999999993, "area_in_seattle": 187631.49091712281 }, "geometry": { "type": "Polygon", "coordinates": [ [ [ -122.312721, 47.619965 ], [ -122.312714, 47.620501 ], [ -122.312673, 47.621133 ], [ -122.312667, 47.621294 ], [ -122.312646, 47.621945 ], [ -122.312644, 47.622087 ], [ -122.312633, 47.6231 ], [ -122.312626, 47.623262 ], [ -122.311342, 47.623255 ], [ -122.310257, 47.623251 ], [ -122.31015, 47.623263 ], [ -122.310077, 47.623286 ], [ -122.310068, 47.6233 ], [ -122.309964, 47.623245 ], [ -122.309933, 47.623223 ], [ -122.309899, 47.623236 ], [ -122.309773, 47.623247 ], [ -122.308695, 47.623244 ], [ -122.307307, 47.623211 ], [ -122.307326, 47.622064 ], [ -122.307337, 47.621386 ], [ -122.307352, 47.620485 ], [ -122.307892, 47.620487 ], [ -122.308741, 47.62049 ], [ -122.308752, 47.619667 ], [ -122.308822, 47.619667 ], [ -122.30883, 47.619 ], [ -122.308833, 47.618508 ], [ -122.30895, 47.618508 ], [ -122.31014, 47.618511 ], [ -122.311445, 47.618515 ], [ -122.312744, 47.618519 ], [ -122.312724, 47.619662 ], [ -122.312721, 47.619965 ] ] ] } },
{ "type": "Feature", "properties": { "GEOID": "530330097024", "population": 1512, "pop_in_seattle": 1512.0000000000002, "area_in_seattle": 478925.15868054907 }, "geometry": { "type": "Polygon", "coordinates": [ [ [ -122.403845, 47.571305 ], [ -122.403827, 47.572216 ], [ -122.403701, 47.572265 ], [ -122.403622, 47.572238 ], [ -122.403496, 47.57221 ], [ -122.403425, 47.572203 ], [ -122.402807, 47.572214 ], [ -122.400267, 47.572121 ], [ -122.400282, 47.571785 ], [ -122.400272, 47.571777 ], [ -122.400261, 47.57175 ], [ -122.400254, 47.57152 ], [ -122.400232, 47.571199 ], [ -122.400253, 47.571098 ], [ -122.399537, 47.570946 ], [ -122.398241, 47.571065 ], [ -122.397426, 47.571053 ], [ -122.397419, 47.571572 ], [ -122.396651, 47.572058 ], [ -122.396567, 47.572111 ], [ -122.396106, 47.572106 ], [ -122.394749, 47.572093 ], [ -122.393419, 47.57208 ], [ -122.393447, 47.570322 ], [ -122.393436, 47.570274 ], [ -122.392103, 47.570261 ], [ -122.39078, 47.570244 ], [ -122.389443, 47.570226 ], [ -122.389445, 47.56843 ], [ -122.390782, 47.568442 ], [ -122.392117, 47.568455 ], [ -122.39344, 47.568468 ], [ -122.394791, 47.568481 ], [ -122.394813, 47.566654 ], [ -122.396154, 47.566666 ], [ -122.397493, 47.566679 ], [ -122.397523, 47.564811 ], [ -122.398859, 47.564823 ], [ -122.399531, 47.564829 ], [ -122.400032, 47.564834 ], [ -122.400194, 47.564888 ], [ -122.401529, 47.564904 ], [ -122.401539, 47.566674 ], [ -122.401538, 47.566738 ], [ -122.401796, 47.566741 ], [ -122.401798, 47.566804 ], [ -122.401769, 47.568495 ], [ -122.401773, 47.568567 ], [ -122.401508, 47.568564 ], [ -122.40151, 47.568637 ], [ -122.401488, 47.57037 ], [ -122.402825, 47.570384 ], [ -122.40315, 47.570376 ], [ -122.403874, 47.570811 ], [ -122.403855, 47.570949 ], [ -122.403845, 47.571305 ] ] ] } },
{ "type": "Feature", "properties": { "GEOID": "530330099001", "population": 1336, "pop_in_seattle": 1336.0000000000002, "area_in_seattle": 426574.81582566403 }, "geometry": { "type": "Polygon", "coordinates": [ [ [ -122.377059, 47.575571 ], [ -122.377034, 47.577423 ], [ -122.377005, 47.579271 ], [ -122.376991, 47.580274 ], [ -122.376683, 47.580273 ], [ -122.376557, 47.579547 ], [ -122.376474, 47.579261 ], [ -122.376354, 47.578846 ], [ -122.37595, 47.577874 ], [ -122.375524, 47.576847 ], [ -122.375102, 47.576087 ], [ -122.37472, 47.575553 ], [ -122.373248, 47.573672 ], [ -122.372548, 47.572778 ], [ -122.372421, 47.572616 ], [ -122.371954, 47.572059 ], [ -122.371842, 47.571934 ], [ -122.371737, 47.571839 ], [ -122.371641, 47.571762 ], [ -122.371472, 47.571684 ], [ -122.371344, 47.571636 ], [ -122.371286, 47.571621 ], [ -122.371215, 47.571602 ], [ -122.371066, 47.571571 ], [ -122.370939, 47.571553 ], [ -122.37078, 47.571551 ], [ -122.370688, 47.571555 ], [ -122.370685, 47.571497 ], [ -122.370684, 47.571453 ], [ -122.370684, 47.571419 ], [ -122.370685, 47.571328 ], [ -122.370692, 47.570744 ], [ -122.370694, 47.570553 ], [ -122.3707, 47.569866 ], [ -122.370731, 47.569226 ], [ -122.370772, 47.568339 ], [ -122.370767, 47.567607 ], [ -122.37101, 47.567622 ], [ -122.371381, 47.567684 ], [ -122.371731, 47.567788 ], [ -122.372049, 47.567932 ], [ -122.372113, 47.567812 ], [ -122.373163, 47.566038 ], [ -122.373798, 47.564977 ], [ -122.375384, 47.564957 ], [ -122.376004, 47.564958 ], [ -122.37606, 47.564889 ], [ -122.37609, 47.564824 ], [ -122.376113, 47.564704 ], [ -122.376191, 47.564535 ], [ -122.37619, 47.565037 ], [ -122.376198, 47.565545 ], [ -122.376188, 47.566485 ], [ -122.376158, 47.567999 ], [ -122.376152, 47.568355 ], [ -122.376122, 47.570225 ], [ -122.376086, 47.571173 ], [ -122.377104, 47.571182 ], [ -122.377083, 47.573121 ], [ -122.377059, 47.575571 ] ] ] } },
{ "type": "Feature", "properties": { "GEOID": "530330097023", "population": 1486, "pop_in_seattle": 1485.9999999999998, "area_in_seattle": 533811.24715184979 }, "geometry": { "type": "Polygon", "coordinates": [ [ [ -122.398859, 47.564823 ], [ -122.397523, 47.564811 ], [ -122.397493, 47.566679 ], [ -122.396154, 47.566666 ], [ -122.394813, 47.566654 ], [ -122.394791, 47.568481 ], [ -122.39344, 47.568468 ], [ -122.392117, 47.568455 ], [ -122.390782, 47.568442 ], [ -122.389445, 47.56843 ], [ -122.389447, 47.566604 ], [ -122.389515, 47.566529 ], [ -122.389552, 47.564835 ], [ -122.389481, 47.564756 ], [ -122.389483, 47.562947 ], [ -122.390836, 47.562949 ], [ -122.392145, 47.562958 ], [ -122.392161, 47.561148 ], [ -122.393518, 47.56116 ], [ -122.394869, 47.561171 ], [ -122.394914, 47.559362 ], [ -122.394948, 47.557564 ], [ -122.395549, 47.557471 ], [ -122.396345, 47.557482 ], [ -122.397647, 47.557495 ], [ -122.397645, 47.557574 ], [ -122.39763, 47.558396 ], [ -122.397612, 47.559384 ], [ -122.398299, 47.559419 ], [ -122.398262, 47.561203 ], [ -122.398226, 47.563008 ], [ -122.39889, 47.563014 ], [ -122.398879, 47.563617 ], [ -122.398859, 47.564823 ] ] ] } },
{ "type": "Feature", "properties": { "GEOID": "530330099004", "population": 1505, "pop_in_seattle": 1505.0000000000009, "area_in_seattle": 6417557.2035012217 }, "geometry": { "type": "Polygon", "coordinates": [ [ [ -122.377623, 47.581808 ], [ -122.377602, 47.582493 ], [ -122.377585, 47.582975 ], [ -122.377584, 47.583363 ], [ -122.377584, 47.58346 ], [ -122.377447, 47.583964 ], [ -122.377543, 47.584724 ], [ -122.376677, 47.584939 ], [ -122.376348, 47.585022 ], [ -122.376937, 47.585426 ], [ -122.376332, 47.585731 ], [ -122.376229, 47.585775 ], [ -122.376129, 47.585815 ], [ -122.37591, 47.585972 ], [ -122.372415, 47.588688 ], [ -122.364466, 47.590528 ], [ -122.360105, 47.591537 ], [ -122.349837, 47.593914 ], [ -122.346513, 47.59567 ], [ -122.344837, 47.59922 ], [ -122.34434, 47.590978 ], [ -122.344336, 47.590818 ], [ -122.344328, 47.590423 ], [ -122.344198, 47.584484 ], [ -122.344127, 47.581228 ], [ -122.343984, 47.574649 ], [ -122.34453, 47.573168 ], [ -122.345148, 47.571491 ], [ -122.345253, 47.571206 ], [ -122.345306, 47.571061 ], [ -122.345397, 47.570814 ], [ -122.345425, 47.570739 ], [ -122.345959, 47.56929 ], [ -122.346721, 47.567219 ], [ -122.346819, 47.566956 ], [ -122.346796, 47.566647 ], [ -122.346689, 47.565224 ], [ -122.346634, 47.564486 ], [ -122.346488, 47.563996 ], [ -122.346271, 47.563267 ], [ -122.347237, 47.56302 ], [ -122.349216, 47.559117 ], [ -122.350151, 47.559125 ], [ -122.35072, 47.559322 ], [ -122.351256, 47.559311 ], [ -122.351381, 47.559322 ], [ -122.351395, 47.559389 ], [ -122.351495, 47.559412 ], [ -122.35165, 47.559412 ], [ -122.351748, 47.559412 ], [ -122.351764, 47.560653 ], [ -122.351761, 47.561166 ], [ -122.35178, 47.561536 ], [ -122.351815, 47.561679 ], [ -122.352059, 47.562357 ], [ -122.352396, 47.563362 ], [ -122.352628, 47.564 ], [ -122.35303, 47.56518 ], [ -122.353044, 47.56522 ], [ -122.353485, 47.566509 ], [ -122.353544, 47.566658 ], [ -122.35356, 47.566722 ], [ -122.353938, 47.567344 ], [ -122.354557, 47.568322 ], [ -122.355024, 47.569115 ], [ -122.35588, 47.569832 ], [ -122.356217, 47.570113 ], [ -122.357239, 47.570952 ], [ -122.35737, 47.571034 ], [ -122.357797, 47.571083 ], [ -122.358481, 47.571206 ], [ -122.358711, 47.571199 ], [ -122.359034, 47.571208 ], [ -122.359368, 47.571253 ], [ -122.35974, 47.571288 ], [ -122.359907, 47.571292 ], [ -122.360073, 47.571287 ], [ -122.360156, 47.571277 ], [ -122.360234, 47.571268 ], [ -122.360396, 47.571241 ], [ -122.360423, 47.571236 ], [ -122.360613, 47.571187 ], [ -122.360806, 47.571111 ], [ -122.361016, 47.571018 ], [ -122.361199, 47.570905 ], [ -122.361422, 47.570727 ], [ -122.361581, 47.570575 ], [ -122.361905, 47.57016 ], [ -122.362064, 47.570149 ], [ -122.36218, 47.569988 ], [ -122.362289, 47.569779 ], [ -122.362218, 47.569627 ], [ -122.362198, 47.569549 ], [ -122.362228, 47.568384 ], [ -122.362244, 47.568347 ], [ -122.363285, 47.568346 ], [ -122.363297, 47.567526 ], [ -122.363312, 47.566536 ], [ -122.364365, 47.566535 ], [ -122.365458, 47.566533 ], [ -122.365463, 47.566171 ], [ -122.365474, 47.565448 ], [ -122.365461, 47.564724 ], [ -122.365945, 47.564723 ], [ -122.366189, 47.564722 ], [ -122.367285, 47.56472 ], [ -122.370809, 47.564712 ], [ -122.3708, 47.565436 ], [ -122.370789, 47.56616 ], [ -122.370777, 47.566883 ], [ -122.370767, 47.567607 ], [ -122.370772, 47.568339 ], [ -122.370731, 47.569226 ], [ -122.3707, 47.569866 ], [ -122.370694, 47.570553 ], [ -122.370692, 47.570744 ], [ -122.370685, 47.571328 ], [ -122.370684, 47.571419 ], [ -122.370684, 47.571453 ], [ -122.370685, 47.571497 ], [ -122.370688, 47.571555 ], [ -122.37078, 47.571551 ], [ -122.370939, 47.571553 ], [ -122.371066, 47.571571 ], [ -122.371215, 47.571602 ], [ -122.371286, 47.571621 ], [ -122.371344, 47.571636 ], [ -122.371472, 47.571684 ], [ -122.371641, 47.571762 ], [ -122.371737, 47.571839 ], [ -122.371842, 47.571934 ], [ -122.371954, 47.572059 ], [ -122.372421, 47.572616 ], [ -122.372548, 47.572778 ], [ -122.373248, 47.573672 ], [ -122.37472, 47.575553 ], [ -122.375102, 47.576087 ], [ -122.375524, 47.576847 ], [ -122.37595, 47.577874 ], [ -122.376354, 47.578846 ], [ -122.376474, 47.579261 ], [ -122.376557, 47.579547 ], [ -122.376683, 47.580273 ], [ -122.376805, 47.580371 ], [ -122.376891, 47.580478 ], [ -122.376989, 47.580581 ], [ -122.377188, 47.580744 ], [ -122.377243, 47.580777 ], [ -122.377405, 47.580866 ], [ -122.377638, 47.580956 ], [ -122.377637, 47.581045 ], [ -122.377623, 47.581808 ] ] ] } },
{ "type": "Feature", "properties": { "GEOID": "530330099003", "population": 1821, "pop_in_seattle": 1821.0, "area_in_seattle": 1063781.4712881751 }, "geometry": { "type": "Polygon", "coordinates": [ [ [ -122.365477, 47.562907 ], [ -122.365461, 47.564724 ], [ -122.365474, 47.565448 ], [ -122.365463, 47.566171 ], [ -122.365458, 47.566533 ], [ -122.364365, 47.566535 ], [ -122.363312, 47.566536 ], [ -122.363297, 47.567526 ], [ -122.363285, 47.568346 ], [ -122.362244, 47.568347 ], [ -122.362228, 47.568384 ], [ -122.362198, 47.569549 ], [ -122.362218, 47.569627 ], [ -122.362289, 47.569779 ], [ -122.36218, 47.569988 ], [ -122.362064, 47.570149 ], [ -122.361905, 47.57016 ], [ -122.361581, 47.570575 ], [ -122.361422, 47.570727 ], [ -122.361199, 47.570905 ], [ -122.361016, 47.571018 ], [ -122.360806, 47.571111 ], [ -122.360613, 47.571187 ], [ -122.360423, 47.571236 ], [ -122.360396, 47.571241 ], [ -122.360234, 47.571268 ], [ -122.360156, 47.571277 ], [ -122.360073, 47.571287 ], [ -122.359907, 47.571292 ], [ -122.35974, 47.571288 ], [ -122.359368, 47.571253 ], [ -122.359034, 47.571208 ], [ -122.358711, 47.571199 ], [ -122.358481, 47.571206 ], [ -122.357797, 47.571083 ], [ -122.35737, 47.571034 ], [ -122.357239, 47.570952 ], [ -122.356217, 47.570113 ], [ -122.35588, 47.569832 ], [ -122.355024, 47.569115 ], [ -122.354557, 47.568322 ], [ -122.353938, 47.567344 ], [ -122.35356, 47.566722 ], [ -122.353544, 47.566658 ], [ -122.353485, 47.566509 ], [ -122.353044, 47.56522 ], [ -122.35303, 47.56518 ], [ -122.352628, 47.564 ], [ -122.352396, 47.563362 ], [ -122.352059, 47.562357 ], [ -122.351815, 47.561679 ], [ -122.35178, 47.561536 ], [ -122.351761, 47.561166 ], [ -122.351764, 47.560653 ], [ -122.351748, 47.559412 ], [ -122.352309, 47.559384 ], [ -122.353272, 47.559337 ], [ -122.354125, 47.559003 ], [ -122.354133, 47.559023 ], [ -122.354193, 47.559111 ], [ -122.354263, 47.559166 ], [ -122.354434, 47.559255 ], [ -122.354623, 47.559344 ], [ -122.354669, 47.559388 ], [ -122.354698, 47.559443 ], [ -122.354735, 47.559494 ], [ -122.354747, 47.559537 ], [ -122.354768, 47.559133 ], [ -122.356954, 47.559728 ], [ -122.360186, 47.559018 ], [ -122.360195, 47.559441 ], [ -122.361152, 47.560534 ], [ -122.361474, 47.560979 ], [ -122.361522, 47.560954 ], [ -122.361545, 47.560914 ], [ -122.361556, 47.56081 ], [ -122.361582, 47.559888 ], [ -122.361578, 47.559273 ], [ -122.36224, 47.55928 ], [ -122.362252, 47.559269 ], [ -122.362898, 47.559274 ], [ -122.364235, 47.559282 ], [ -122.365514, 47.559317 ], [ -122.365492, 47.561098 ], [ -122.365477, 47.562907 ] ] ] } },
{ "type": "Feature", "properties": { "GEOID": "530330077003", "population": 1305, "pop_in_seattle": 1305.0, "area_in_seattle": 242457.08125772877 }, "geometry": { "type": "Polygon", "coordinates": [ [ [ -122.302653, 47.615308 ], [ -122.302625, 47.616489 ], [ -122.302568, 47.616489 ], [ -122.301386, 47.616478 ], [ -122.301366, 47.617538 ], [ -122.301303, 47.617609 ], [ -122.301181, 47.617646 ], [ -122.300061, 47.61764 ], [ -122.299877, 47.617639 ], [ -122.299107, 47.617635 ], [ -122.298662, 47.617639 ], [ -122.298532, 47.617639 ], [ -122.297452, 47.617627 ], [ -122.297268, 47.617626 ], [ -122.296144, 47.617621 ], [ -122.296157, 47.616453 ], [ -122.296171, 47.615285 ], [ -122.296184, 47.614117 ], [ -122.296201, 47.612939 ], [ -122.297502, 47.612934 ], [ -122.298808, 47.612929 ], [ -122.300112, 47.612935 ], [ -122.301419, 47.612944 ], [ -122.302712, 47.61294 ], [ -122.30268, 47.614153 ], [ -122.302653, 47.615308 ] ] ] } },
{ "type": "Feature", "properties": { "GEOID": "530330077001", "population": 1326, "pop_in_seattle": 1326.0000000000002, "area_in_seattle": 395143.87997419306 }, "geometry": { "type": "Polygon", "coordinates": [ [ [ -122.296191, 47.623474 ], [ -122.29548, 47.623954 ], [ -122.295119, 47.624205 ], [ -122.294013, 47.624954 ], [ -122.292906, 47.625702 ], [ -122.2925, 47.625977 ], [ -122.29247, 47.625852 ], [ -122.292458, 47.625774 ], [ -122.292394, 47.625615 ], [ -122.292273, 47.625411 ], [ -122.292208, 47.625335 ], [ -122.292137, 47.625273 ], [ -122.292026, 47.625194 ], [ -122.29189, 47.625126 ], [ -122.291797, 47.625089 ], [ -122.291613, 47.62503 ], [ -122.291415, 47.624985 ], [ -122.291053, 47.62495 ], [ -122.291104, 47.624884 ], [ -122.291132, 47.624482 ], [ -122.291159, 47.623639 ], [ -122.291964, 47.623653 ], [ -122.29198, 47.622487 ], [ -122.291997, 47.621322 ], [ -122.292296, 47.621324 ], [ -122.29232, 47.620155 ], [ -122.292348, 47.618878 ], [ -122.292364, 47.618087 ], [ -122.292375, 47.617601 ], [ -122.292388, 47.616433 ], [ -122.292401, 47.615265 ], [ -122.292413, 47.614185 ], [ -122.29241, 47.614098 ], [ -122.292545, 47.614099 ], [ -122.292546, 47.614004 ], [ -122.29258, 47.612929 ], [ -122.293647, 47.612941 ], [ -122.293822, 47.612943 ], [ -122.294894, 47.61295 ], [ -122.295417, 47.612954 ], [ -122.296201, 47.612939 ], [ -122.296184, 47.614117 ], [ -122.296171, 47.615285 ], [ -122.296157, 47.616453 ], [ -122.296144, 47.617621 ], [ -122.296118, 47.618897 ], [ -122.296108, 47.619327 ], [ -122.296091, 47.620174 ], [ -122.296103, 47.621342 ], [ -122.296134, 47.622511 ], [ -122.296125, 47.622602 ], [ -122.296215, 47.622814 ], [ -122.296426, 47.623315 ], [ -122.296308, 47.623394 ], [ -122.296191, 47.623474 ] ] ] } },
{ "type": "Feature", "properties": { "GEOID": "530330077004", "population": 1649, "pop_in_seattle": 1648.9999999999998, "area_in_seattle": 187361.64764686991 }, "geometry": { "type": "Polygon", "coordinates": [ [ [ -122.302554, 47.618932 ], [ -122.302549, 47.619169 ], [ -122.302523, 47.619325 ], [ -122.302501, 47.620205 ], [ -122.302483, 47.621373 ], [ -122.301206, 47.621369 ], [ -122.299875, 47.621362 ], [ -122.299312, 47.621359 ], [ -122.298518, 47.621343 ], [ -122.298552, 47.621318 ], [ -122.298566, 47.62129 ], [ -122.29857, 47.620187 ], [ -122.297264, 47.62018 ], [ -122.296091, 47.620174 ], [ -122.296108, 47.619327 ], [ -122.296118, 47.618897 ], [ -122.296144, 47.617621 ], [ -122.297268, 47.617626 ], [ -122.297452, 47.617627 ], [ -122.298532, 47.617639 ], [ -122.298662, 47.617639 ], [ -122.299107, 47.617635 ], [ -122.299877, 47.617639 ], [ -122.300061, 47.61764 ], [ -122.301181, 47.617646 ], [ -122.301303, 47.617609 ], [ -122.301366, 47.617538 ], [ -122.301386, 47.616478 ], [ -122.302568, 47.616489 ], [ -122.302625, 47.616489 ], [ -122.302599, 47.617106 ], [ -122.302554, 47.618932 ] ] ] } },
{ "type": "Feature", "properties": { "GEOID": "530330077002", "population": 1110, "pop_in_seattle": 1109.9999999999998, "area_in_seattle": 232588.2741292243 }, "geometry": { "type": "Polygon", "coordinates": [ [ [ -122.302455, 47.623171 ], [ -122.302435, 47.62439 ], [ -122.302421, 47.625198 ], [ -122.301147, 47.625188 ], [ -122.299843, 47.625176 ], [ -122.298761, 47.625167 ], [ -122.297685, 47.625158 ], [ -122.296525, 47.625148 ], [ -122.295529, 47.625139 ], [ -122.295531, 47.624497 ], [ -122.295161, 47.624235 ], [ -122.295119, 47.624205 ], [ -122.29548, 47.623954 ], [ -122.296191, 47.623474 ], [ -122.296308, 47.623394 ], [ -122.296426, 47.623315 ], [ -122.296215, 47.622814 ], [ -122.296125, 47.622602 ], [ -122.296134, 47.622511 ], [ -122.296103, 47.621342 ], [ -122.296091, 47.620174 ], [ -122.297264, 47.62018 ], [ -122.29857, 47.620187 ], [ -122.298566, 47.62129 ], [ -122.298552, 47.621318 ], [ -122.298518, 47.621343 ], [ -122.299312, 47.621359 ], [ -122.299875, 47.621362 ], [ -122.301206, 47.621369 ], [ -122.302483, 47.621373 ], [ -122.302463, 47.622656 ], [ -122.302455, 47.623171 ] ] ] } },
{ "type": "Feature", "properties": { "GEOID": "530330100011", "population": 1196, "pop_in_seattle": 1196.0000000000002, "area_in_seattle": 1000722.6387405756 }, "geometry": { "type": "Polygon", "coordinates": [ [ [ -122.306476, 47.571922 ], [ -122.305322, 47.571921 ], [ -122.304451, 47.571921 ], [ -122.303415, 47.571921 ], [ -122.303381, 47.573087 ], [ -122.303353, 47.574044 ], [ -122.303331, 47.575066 ], [ -122.303329, 47.575882 ], [ -122.303328, 47.576705 ], [ -122.303326, 47.577527 ], [ -122.303327, 47.578349 ], [ -122.303323, 47.579171 ], [ -122.303323, 47.579994 ], [ -122.303322, 47.580686 ], [ -122.303226, 47.581003 ], [ -122.303205, 47.581002 ], [ -122.302486, 47.581021 ], [ -122.302237, 47.581021 ], [ -122.301621, 47.581024 ], [ -122.301527, 47.581011 ], [ -122.301215, 47.581015 ], [ -122.300194, 47.581026 ], [ -122.300169, 47.580993 ], [ -122.299183, 47.579699 ], [ -122.298153, 47.578348 ], [ -122.297524, 47.577524 ], [ -122.297026, 47.576872 ], [ -122.296632, 47.576357 ], [ -122.296657, 47.576256 ], [ -122.296659, 47.576026 ], [ -122.296667, 47.575899 ], [ -122.296674, 47.575783 ], [ -122.296674, 47.57561 ], [ -122.296687, 47.575067 ], [ -122.296701, 47.57454 ], [ -122.29671, 47.574025 ], [ -122.296724, 47.573267 ], [ -122.296731, 47.573032 ], [ -122.29674, 47.572743 ], [ -122.296735, 47.571987 ], [ -122.297001, 47.57191 ], [ -122.297772, 47.57166 ], [ -122.298156, 47.572347 ], [ -122.298248, 47.572441 ], [ -122.298307, 47.572481 ], [ -122.298382, 47.572512 ], [ -122.29846, 47.57253 ], [ -122.298555, 47.57254 ], [ -122.298924, 47.572552 ], [ -122.299139, 47.572547 ], [ -122.299203, 47.570581 ], [ -122.299168, 47.570192 ], [ -122.299162, 47.570126 ], [ -122.299118, 47.569994 ], [ -122.299101, 47.569906 ], [ -122.299136, 47.569578 ], [ -122.299143, 47.569513 ], [ -122.29927, 47.568789 ], [ -122.299286, 47.568566 ], [ -122.299306, 47.568417 ], [ -122.299289, 47.568159 ], [ -122.299248, 47.567524 ], [ -122.299258, 47.567372 ], [ -122.299291, 47.567243 ], [ -122.299548, 47.566752 ], [ -122.299705, 47.56645 ], [ -122.299767, 47.566065 ], [ -122.299782, 47.565973 ], [ -122.299759, 47.565644 ], [ -122.299857, 47.565377 ], [ -122.30062, 47.564451 ], [ -122.300745, 47.564336 ], [ -122.300929, 47.564226 ], [ -122.301028, 47.564182 ], [ -122.301433, 47.564057 ], [ -122.301681, 47.564014 ], [ -122.301934, 47.563941 ], [ -122.302033, 47.563912 ], [ -122.30221, 47.563805 ], [ -122.302292, 47.563719 ], [ -122.302371, 47.563559 ], [ -122.302373, 47.563503 ], [ -122.302318, 47.563351 ], [ -122.302198, 47.563168 ], [ -122.302111, 47.563087 ], [ -122.30182, 47.562909 ], [ -122.301707, 47.562816 ], [ -122.30163, 47.562699 ], [ -122.301605, 47.562569 ], [ -122.301645, 47.562424 ], [ -122.302238, 47.561659 ], [ -122.302384, 47.56155 ], [ -122.302458, 47.56151 ], [ -122.302584, 47.561451 ], [ -122.302881, 47.561361 ], [ -122.303186, 47.561291 ], [ -122.303634, 47.561245 ], [ -122.304774, 47.561208 ], [ -122.304857, 47.561196 ], [ -122.30517, 47.56227 ], [ -122.305233, 47.562381 ], [ -122.30537, 47.562802 ], [ -122.305506, 47.563224 ], [ -122.306043, 47.564946 ], [ -122.307529, 47.569718 ], [ -122.308247, 47.571902 ], [ -122.307538, 47.571902 ], [ -122.306476, 47.571922 ] ] ] } },
{ "type": "Feature", "properties": { "GEOID": "530330100013", "population": 1717, "pop_in_seattle": 1717.0000000000007, "area_in_seattle": 428875.17701007437 }, "geometry": { "type": "Polygon", "coordinates": [ [ [ -122.304926, 47.561177 ], [ -122.304857, 47.561196 ], [ -122.304774, 47.561208 ], [ -122.303634, 47.561245 ], [ -122.303186, 47.561291 ], [ -122.302881, 47.561361 ], [ -122.302584, 47.561451 ], [ -122.302458, 47.56151 ], [ -122.302384, 47.56155 ], [ -122.302238, 47.561659 ], [ -122.301645, 47.562424 ], [ -122.301605, 47.562569 ], [ -122.30163, 47.562699 ], [ -122.301707, 47.562816 ], [ -122.30182, 47.562909 ], [ -122.302111, 47.563087 ], [ -122.302198, 47.563168 ], [ -122.302318, 47.563351 ], [ -122.302373, 47.563503 ], [ -122.302371, 47.563559 ], [ -122.302292, 47.563719 ], [ -122.30221, 47.563805 ], [ -122.302033, 47.563912 ], [ -122.301934, 47.563941 ], [ -122.301681, 47.564014 ], [ -122.301433, 47.564057 ], [ -122.301028, 47.564182 ], [ -122.300929, 47.564226 ], [ -122.300745, 47.564336 ], [ -122.30062, 47.564451 ], [ -122.299857, 47.565377 ], [ -122.299759, 47.565644 ], [ -122.299782, 47.565973 ], [ -122.299767, 47.566065 ], [ -122.299705, 47.56645 ], [ -122.299548, 47.566752 ], [ -122.299291, 47.567243 ], [ -122.299258, 47.567372 ], [ -122.299248, 47.567524 ], [ -122.299289, 47.568159 ], [ -122.299306, 47.568417 ], [ -122.299286, 47.568566 ], [ -122.29927, 47.568789 ], [ -122.299143, 47.569513 ], [ -122.299136, 47.569578 ], [ -122.299101, 47.569906 ], [ -122.299118, 47.569994 ], [ -122.299162, 47.570126 ], [ -122.299168, 47.570192 ], [ -122.299203, 47.570581 ], [ -122.299139, 47.572547 ], [ -122.298924, 47.572552 ], [ -122.298555, 47.57254 ], [ -122.29846, 47.57253 ], [ -122.298382, 47.572512 ], [ -122.298307, 47.572481 ], [ -122.298248, 47.572441 ], [ -122.298156, 47.572347 ], [ -122.297772, 47.57166 ], [ -122.297001, 47.57191 ], [ -122.296735, 47.571987 ], [ -122.296733, 47.571626 ], [ -122.296734, 47.571555 ], [ -122.296753, 47.57012 ], [ -122.296768, 47.569093 ], [ -122.296772, 47.568691 ], [ -122.296789, 47.56809 ], [ -122.296803, 47.567777 ], [ -122.296827, 47.567239 ], [ -122.296833, 47.567076 ], [ -122.296807, 47.566763 ], [ -122.296765, 47.566528 ], [ -122.296724, 47.566401 ], [ -122.29668, 47.566273 ], [ -122.296619, 47.566139 ], [ -122.296531, 47.565953 ], [ -122.296093, 47.565227 ], [ -122.295701, 47.564619 ], [ -122.295637, 47.564525 ], [ -122.29521, 47.56385 ], [ -122.294922, 47.563427 ], [ -122.294546, 47.562881 ], [ -122.294153, 47.562293 ], [ -122.294025, 47.562096 ], [ -122.293963, 47.561999 ], [ -122.293913, 47.56192 ], [ -122.293856, 47.561831 ], [ -122.293641, 47.5615 ], [ -122.293203, 47.560809 ], [ -122.293365, 47.560813 ], [ -122.293551, 47.560817 ], [ -122.293651, 47.56082 ], [ -122.294232, 47.560836 ], [ -122.294721, 47.560849 ], [ -122.295163, 47.560956 ], [ -122.295243, 47.560976 ], [ -122.295541, 47.56108 ], [ -122.296624, 47.561504 ], [ -122.296963, 47.56159 ], [ -122.297254, 47.561679 ], [ -122.298539, 47.561445 ], [ -122.299682, 47.560985 ], [ -122.301062, 47.560481 ], [ -122.30208, 47.560118 ], [ -122.302464, 47.559996 ], [ -122.302512, 47.55998 ], [ -122.303114, 47.559833 ], [ -122.303676, 47.559734 ], [ -122.304388, 47.559636 ], [ -122.304564, 47.559612 ], [ -122.30466, 47.559614 ], [ -122.30479, 47.560064 ], [ -122.304967, 47.560657 ], [ -122.305104, 47.561118 ], [ -122.305027, 47.561135 ], [ -122.304926, 47.561177 ] ] ] } },
{ "type": "Feature", "properties": { "GEOID": "530330100012", "population": 1613, "pop_in_seattle": 1612.9999999999993, "area_in_seattle": 896213.65980723209 }, "geometry": { "type": "Polygon", "coordinates": [ [ [ -122.317327, 47.563495 ], [ -122.317278, 47.565312 ], [ -122.317229, 47.567225 ], [ -122.31597, 47.56723 ], [ -122.315988, 47.568107 ], [ -122.316007, 47.568981 ], [ -122.316027, 47.569859 ], [ -122.316034, 47.570196 ], [ -122.316046, 47.570736 ], [ -122.314766, 47.570742 ], [ -122.314784, 47.571558 ], [ -122.314797, 47.572143 ], [ -122.314569, 47.571741 ], [ -122.314532, 47.571622 ], [ -122.314056, 47.571624 ], [ -122.313409, 47.571627 ], [ -122.312896, 47.571629 ], [ -122.31252, 47.571647 ], [ -122.312066, 47.571758 ], [ -122.311656, 47.571862 ], [ -122.311406, 47.571927 ], [ -122.31031, 47.571904 ], [ -122.309619, 47.571902 ], [ -122.308247, 47.571902 ], [ -122.307529, 47.569718 ], [ -122.306043, 47.564946 ], [ -122.305506, 47.563224 ], [ -122.30537, 47.562802 ], [ -122.305233, 47.562381 ], [ -122.30517, 47.56227 ], [ -122.304857, 47.561196 ], [ -122.304926, 47.561177 ], [ -122.305027, 47.561135 ], [ -122.305104, 47.561118 ], [ -122.304967, 47.560657 ], [ -122.30479, 47.560064 ], [ -122.30466, 47.559614 ], [ -122.304738, 47.559618 ], [ -122.30483, 47.559633 ], [ -122.305191, 47.559729 ], [ -122.30554, 47.559851 ], [ -122.307799, 47.560589 ], [ -122.307968, 47.560644 ], [ -122.30889, 47.560945 ], [ -122.309533, 47.561187 ], [ -122.309869, 47.561331 ], [ -122.310501, 47.561651 ], [ -122.312819, 47.561693 ], [ -122.313482, 47.561699 ], [ -122.314142, 47.561699 ], [ -122.314841, 47.561698 ], [ -122.315286, 47.561696 ], [ -122.31607, 47.561695 ], [ -122.316866, 47.561693 ], [ -122.317381, 47.561691 ], [ -122.317358, 47.56243 ], [ -122.317327, 47.563495 ] ] ] } },
{ "type": "Feature", "properties": { "GEOID": "530330100021", "population": 1531, "pop_in_seattle": 1531.0, "area_in_seattle": 274896.51591112441 }, "geometry": { "type": "Polygon", "coordinates": [ [ [ -122.314571, 47.573968 ], [ -122.314443, 47.573948 ], [ -122.314309, 47.573884 ], [ -122.31422, 47.573774 ], [ -122.314028, 47.573358 ], [ -122.313948, 47.573215 ], [ -122.313836, 47.573136 ], [ -122.313687, 47.573095 ], [ -122.313398, 47.573092 ], [ -122.312465, 47.573092 ], [ -122.312433, 47.574048 ], [ -122.312398, 47.575114 ], [ -122.312075, 47.575117 ], [ -122.311176, 47.575101 ], [ -122.31078, 47.575094 ], [ -122.310374, 47.575085 ], [ -122.309218, 47.575085 ], [ -122.308507, 47.575085 ], [ -122.307433, 47.575084 ], [ -122.306301, 47.575084 ], [ -122.305558, 47.575079 ], [ -122.305376, 47.57507 ], [ -122.305249, 47.575064 ], [ -122.304343, 47.575065 ], [ -122.303331, 47.575066 ], [ -122.303353, 47.574044 ], [ -122.303381, 47.573087 ], [ -122.303415, 47.571921 ], [ -122.304451, 47.571921 ], [ -122.305322, 47.571921 ], [ -122.306476, 47.571922 ], [ -122.307538, 47.571902 ], [ -122.308247, 47.571902 ], [ -122.309619, 47.571902 ], [ -122.31031, 47.571904 ], [ -122.311406, 47.571927 ], [ -122.311656, 47.571862 ], [ -122.312066, 47.571758 ], [ -122.31252, 47.571647 ], [ -122.312896, 47.571629 ], [ -122.313409, 47.571627 ], [ -122.314056, 47.571624 ], [ -122.314532, 47.571622 ], [ -122.314569, 47.571741 ], [ -122.314797, 47.572143 ], [ -122.314838, 47.573965 ], [ -122.314571, 47.573968 ] ] ] } },
{ "type": "Feature", "properties": { "GEOID": "530330100023", "population": 1789, "pop_in_seattle": 1788.9999999999998, "area_in_seattle": 388437.45797447249 }, "geometry": { "type": "Polygon", "coordinates": [ [ [ -122.313411, 47.581013 ], [ -122.312101, 47.581007 ], [ -122.310796, 47.581001 ], [ -122.309783, 47.580998 ], [ -122.309493, 47.580997 ], [ -122.30873, 47.580994 ], [ -122.308188, 47.580992 ], [ -122.306884, 47.580988 ], [ -122.306565, 47.580987 ], [ -122.305614, 47.580989 ], [ -122.305553, 47.580998 ], [ -122.305492, 47.581008 ], [ -122.30433, 47.581007 ], [ -122.304276, 47.581007 ], [ -122.303226, 47.581003 ], [ -122.303322, 47.580686 ], [ -122.303323, 47.579994 ], [ -122.303323, 47.579171 ], [ -122.303327, 47.578349 ], [ -122.303326, 47.577527 ], [ -122.303328, 47.576705 ], [ -122.303329, 47.575882 ], [ -122.303331, 47.575066 ], [ -122.304343, 47.575065 ], [ -122.305249, 47.575064 ], [ -122.305376, 47.57507 ], [ -122.305558, 47.575079 ], [ -122.306301, 47.575084 ], [ -122.307433, 47.575084 ], [ -122.308507, 47.575085 ], [ -122.309218, 47.575085 ], [ -122.309621, 47.576362 ], [ -122.3098, 47.576665 ], [ -122.310086, 47.576992 ], [ -122.310139, 47.577049 ], [ -122.310822, 47.577783 ], [ -122.311599, 47.578624 ], [ -122.312047, 47.579109 ], [ -122.312379, 47.579469 ], [ -122.313414, 47.580591 ], [ -122.313805, 47.581015 ], [ -122.313411, 47.581013 ] ] ] } },
{ "type": "Feature", "properties": { "GEOID": "530330013003", "population": 1712, "pop_in_seattle": 1711.9999999999998, "area_in_seattle": 433174.98528305202 }, "geometry": { "type": "Polygon", "coordinates": [ [ [ -122.347359, 47.702885 ], [ -122.344922, 47.702877 ], [ -122.344774, 47.702877 ], [ -122.344777, 47.70324 ], [ -122.344592, 47.703242 ], [ -122.343309, 47.703236 ], [ -122.341982, 47.703234 ], [ -122.341959, 47.701421 ], [ -122.340601, 47.701418 ], [ -122.339749, 47.701416 ], [ -122.339727, 47.699602 ], [ -122.339704, 47.69776 ], [ -122.340296, 47.697801 ], [ -122.340536, 47.697819 ], [ -122.340808, 47.697793 ], [ -122.341913, 47.697797 ], [ -122.341905, 47.697071 ], [ -122.343663, 47.697079 ], [ -122.344327, 47.697083 ], [ -122.344508, 47.697084 ], [ -122.344576, 47.697084 ], [ -122.344609, 47.697807 ], [ -122.347304, 47.697815 ], [ -122.349999, 47.697822 ], [ -122.35001, 47.698728 ], [ -122.35002, 47.699633 ], [ -122.350031, 47.700538 ], [ -122.350035, 47.700987 ], [ -122.350041, 47.701444 ], [ -122.350043, 47.702168 ], [ -122.350051, 47.702893 ], [ -122.347359, 47.702885 ] ] ] } },
{ "type": "Feature", "properties": { "GEOID": "530330068001", "population": 1247, "pop_in_seattle": 1247.0, "area_in_seattle": 258490.09743346655 }, "geometry": { "type": "Polygon", "coordinates": [ [ [ -122.355616, 47.635954 ], [ -122.35561, 47.636565 ], [ -122.355603, 47.637172 ], [ -122.3556, 47.637414 ], [ -122.355588, 47.638318 ], [ -122.35558, 47.639114 ], [ -122.355575, 47.639593 ], [ -122.355572, 47.63995 ], [ -122.354416, 47.639949 ], [ -122.353476, 47.639945 ], [ -122.353306, 47.639945 ], [ -122.353137, 47.639946 ], [ -122.352689, 47.639946 ], [ -122.35192, 47.639945 ], [ -122.351851, 47.639945 ], [ -122.351304, 47.639944 ], [ -122.350699, 47.639943 ], [ -122.35071, 47.639108 ], [ -122.350722, 47.638258 ], [ -122.350733, 47.637408 ], [ -122.350743, 47.636557 ], [ -122.350753, 47.635707 ], [ -122.350762, 47.634857 ], [ -122.350772, 47.634007 ], [ -122.350782, 47.633157 ], [ -122.350791, 47.632307 ], [ -122.351319, 47.632308 ], [ -122.35263, 47.63231 ], [ -122.353225, 47.632311 ], [ -122.353215, 47.633161 ], [ -122.353206, 47.634011 ], [ -122.353195, 47.634861 ], [ -122.354412, 47.634863 ], [ -122.355629, 47.634864 ], [ -122.355619, 47.635715 ], [ -122.355616, 47.635954 ] ] ] } },
{ "type": "Feature", "properties": { "GEOID": "530330086001", "population": 1643, "pop_in_seattle": 1642.9999999999993, "area_in_seattle": 221611.54000895919 }, "geometry": { "type": "Polygon", "coordinates": [ [ [ -122.316304, 47.612909 ], [ -122.315428, 47.612907 ], [ -122.314156, 47.612916 ], [ -122.312782, 47.61291 ], [ -122.312799, 47.612025 ], [ -122.312809, 47.611546 ], [ -122.312833, 47.610377 ], [ -122.312841, 47.609209 ], [ -122.312848, 47.608112 ], [ -122.312849, 47.608041 ], [ -122.312853, 47.607411 ], [ -122.312862, 47.606185 ], [ -122.314167, 47.60619 ], [ -122.315472, 47.606196 ], [ -122.316782, 47.606201 ], [ -122.316782, 47.606836 ], [ -122.316782, 47.607425 ], [ -122.316782, 47.608057 ], [ -122.316782, 47.609225 ], [ -122.316781, 47.609953 ], [ -122.316781, 47.610393 ], [ -122.31678, 47.611561 ], [ -122.316782, 47.611979 ], [ -122.316783, 47.61222 ], [ -122.316786, 47.612891 ], [ -122.316304, 47.612909 ] ] ] } },
{ "type": "Feature", "properties": { "GEOID": "530330045002", "population": 1766, "pop_in_seattle": 1766.0000000000007, "area_in_seattle": 394890.11810601357 }, "geometry": { "type": "Polygon", "coordinates": [ [ [ -122.328267, 47.667903 ], [ -122.328271, 47.668646 ], [ -122.328259, 47.669364 ], [ -122.328247, 47.670115 ], [ -122.328236, 47.670854 ], [ -122.328225, 47.671567 ], [ -122.328219, 47.671919 ], [ -122.328218, 47.671994 ], [ -122.328214, 47.67228 ], [ -122.325495, 47.67226 ], [ -122.325226, 47.672258 ], [ -122.325133, 47.672257 ], [ -122.324461, 47.672253 ], [ -122.323448, 47.672246 ], [ -122.322822, 47.672243 ], [ -122.322372, 47.672241 ], [ -122.322316, 47.672268 ], [ -122.322288, 47.672308 ], [ -122.322107, 47.67227 ], [ -122.321978, 47.672262 ], [ -122.321807, 47.672252 ], [ -122.321768, 47.67225 ], [ -122.321597, 47.67224 ], [ -122.3216, 47.67223 ], [ -122.321796, 47.671358 ], [ -122.321883, 47.670769 ], [ -122.321944, 47.670135 ], [ -122.321964, 47.669464 ], [ -122.321965, 47.669358 ], [ -122.321969, 47.668625 ], [ -122.321985, 47.665967 ], [ -122.321992, 47.664963 ], [ -122.322265, 47.664964 ], [ -122.322482, 47.664965 ], [ -122.322864, 47.664974 ], [ -122.323985, 47.664976 ], [ -122.325056, 47.664983 ], [ -122.32561, 47.664986 ], [ -122.326127, 47.664989 ], [ -122.327199, 47.664995 ], [ -122.328269, 47.665001 ], [ -122.3283, 47.665733 ], [ -122.328296, 47.666006 ], [ -122.328593, 47.666458 ], [ -122.32938, 47.667657 ], [ -122.329541, 47.667902 ], [ -122.328267, 47.667903 ] ] ] } },
{ "type": "Feature", "properties": { "GEOID": "530330046003", "population": 1151, "pop_in_seattle": 1150.9999999999998, "area_in_seattle": 217732.37006872447 }, "geometry": { "type": "Polygon", "coordinates": [ [ [ -122.336399, 47.666494 ], [ -122.336393, 47.667218 ], [ -122.336388, 47.667942 ], [ -122.336381, 47.668684 ], [ -122.334874, 47.668686 ], [ -122.333643, 47.668682 ], [ -122.33299, 47.668678 ], [ -122.332822, 47.668678 ], [ -122.331736, 47.669008 ], [ -122.330769, 47.667535 ], [ -122.329541, 47.667902 ], [ -122.32938, 47.667657 ], [ -122.328593, 47.666458 ], [ -122.328296, 47.666006 ], [ -122.3283, 47.665733 ], [ -122.328269, 47.665001 ], [ -122.329064, 47.665007 ], [ -122.330584, 47.665016 ], [ -122.331014, 47.665018 ], [ -122.332092, 47.665024 ], [ -122.33372, 47.665034 ], [ -122.335153, 47.665034 ], [ -122.336411, 47.665033 ], [ -122.336406, 47.665771 ], [ -122.336399, 47.666494 ] ] ] } },
{ "type": "Feature", "properties": { "GEOID": "530330048003", "population": 1387, "pop_in_seattle": 1386.9999999999993, "area_in_seattle": 446265.01531850116 }, "geometry": { "type": "Polygon", "coordinates": [ [ [ -122.366158, 47.660794 ], [ -122.365628, 47.660794 ], [ -122.364001, 47.660791 ], [ -122.364, 47.660479 ], [ -122.363432, 47.66048 ], [ -122.362944, 47.66048 ], [ -122.362138, 47.66048 ], [ -122.36189, 47.66048 ], [ -122.360794, 47.660483 ], [ -122.360796, 47.660209 ], [ -122.360805, 47.658948 ], [ -122.360796, 47.658819 ], [ -122.360812, 47.657813 ], [ -122.360813, 47.65778 ], [ -122.360818, 47.656942 ], [ -122.360823, 47.656337 ], [ -122.359045, 47.656341 ], [ -122.357586, 47.656344 ], [ -122.357178, 47.656345 ], [ -122.356468, 47.656346 ], [ -122.355491, 47.656353 ], [ -122.355509, 47.655592 ], [ -122.355504, 47.655421 ], [ -122.355506, 47.654865 ], [ -122.355533, 47.654152 ], [ -122.35555, 47.652559 ], [ -122.35555, 47.652486 ], [ -122.354477, 47.652244 ], [ -122.354481, 47.651409 ], [ -122.354485, 47.650467 ], [ -122.354517, 47.65019 ], [ -122.354463, 47.649932 ], [ -122.355448, 47.650416 ], [ -122.356712, 47.651037 ], [ -122.360539, 47.65292 ], [ -122.360818, 47.653065 ], [ -122.362437, 47.653907 ], [ -122.366107, 47.655788 ], [ -122.366102, 47.656121 ], [ -122.366096, 47.656587 ], [ -122.366082, 47.656743 ], [ -122.36603, 47.65681 ], [ -122.365981, 47.656856 ], [ -122.365807, 47.656895 ], [ -122.365623, 47.656911 ], [ -122.365293, 47.656915 ], [ -122.364967, 47.656912 ], [ -122.364593, 47.656914 ], [ -122.363952, 47.656924 ], [ -122.36384, 47.656927 ], [ -122.363595, 47.656932 ], [ -122.362769, 47.656934 ], [ -122.36357, 47.657762 ], [ -122.363986, 47.658189 ], [ -122.364726, 47.658949 ], [ -122.365056, 47.659293 ], [ -122.365771, 47.660028 ], [ -122.366317, 47.660592 ], [ -122.366205, 47.660686 ], [ -122.366158, 47.660794 ] ] ] } },
{ "type": "Feature", "properties": { "GEOID": "530330048004", "population": 1244, "pop_in_seattle": 1244.0000000000005, "area_in_seattle": 286566.57171552314 }, "geometry": { "type": "Polygon", "coordinates": [ [ [ -122.366193, 47.66365 ], [ -122.366191, 47.664379 ], [ -122.366189, 47.665036 ], [ -122.366187, 47.66569 ], [ -122.366187, 47.665727 ], [ -122.366186, 47.666418 ], [ -122.366185, 47.666458 ], [ -122.366183, 47.667181 ], [ -122.366181, 47.667911 ], [ -122.366179, 47.668652 ], [ -122.365084, 47.668664 ], [ -122.364012, 47.668672 ], [ -122.363283, 47.668677 ], [ -122.363285, 47.66791 ], [ -122.363287, 47.667181 ], [ -122.363292, 47.666451 ], [ -122.363291, 47.665722 ], [ -122.363296, 47.665016 ], [ -122.360863, 47.665013 ], [ -122.360802, 47.665024 ], [ -122.360799, 47.664375 ], [ -122.360799, 47.664299 ], [ -122.3608, 47.663653 ], [ -122.360799, 47.663585 ], [ -122.360795, 47.663191 ], [ -122.360794, 47.662915 ], [ -122.360791, 47.662365 ], [ -122.360791, 47.662184 ], [ -122.360791, 47.661512 ], [ -122.360786, 47.661471 ], [ -122.360794, 47.660483 ], [ -122.36189, 47.66048 ], [ -122.362138, 47.66048 ], [ -122.362944, 47.66048 ], [ -122.363432, 47.66048 ], [ -122.364, 47.660479 ], [ -122.364001, 47.660791 ], [ -122.365628, 47.660794 ], [ -122.366158, 47.660794 ], [ -122.366175, 47.661459 ], [ -122.366197, 47.662191 ], [ -122.366195, 47.66292 ], [ -122.366193, 47.66365 ] ] ] } },
{ "type": "Feature", "properties": { "GEOID": "530330045001", "population": 1206, "pop_in_seattle": 1206.0, "area_in_seattle": 275611.16415655205 }, "geometry": { "type": "Polygon", "coordinates": [ [ [ -122.321969, 47.668625 ], [ -122.321965, 47.669358 ], [ -122.321964, 47.669464 ], [ -122.321944, 47.670135 ], [ -122.321883, 47.670769 ], [ -122.321796, 47.671358 ], [ -122.3216, 47.67223 ], [ -122.321597, 47.67224 ], [ -122.321326, 47.672224 ], [ -122.32097, 47.672225 ], [ -122.320796, 47.672227 ], [ -122.320062, 47.672222 ], [ -122.319681, 47.672218 ], [ -122.318995, 47.672211 ], [ -122.318872, 47.672261 ], [ -122.318783, 47.672336 ], [ -122.317821, 47.672117 ], [ -122.317365, 47.672013 ], [ -122.317365, 47.671477 ], [ -122.317365, 47.670751 ], [ -122.317365, 47.670053 ], [ -122.317366, 47.669427 ], [ -122.317366, 47.669301 ], [ -122.317365, 47.668575 ], [ -122.317382, 47.667105 ], [ -122.317389, 47.666435 ], [ -122.317405, 47.664936 ], [ -122.318412, 47.664942 ], [ -122.319543, 47.664949 ], [ -122.319873, 47.664951 ], [ -122.320704, 47.664956 ], [ -122.32167, 47.664964 ], [ -122.321748, 47.664965 ], [ -122.321788, 47.664962 ], [ -122.321992, 47.664963 ], [ -122.321985, 47.665967 ], [ -122.321969, 47.668625 ] ] ] } },
{ "type": "Feature", "properties": { "GEOID": "530330064001", "population": 1132, "pop_in_seattle": 1131.9999999999995, "area_in_seattle": 300491.21703444276 }, "geometry": { "type": "Polygon", "coordinates": [ [ [ -122.302385, 47.626692 ], [ -122.302383, 47.626814 ], [ -122.302379, 47.627433 ], [ -122.302357, 47.628643 ], [ -122.302334, 47.629904 ], [ -122.302305, 47.63175 ], [ -122.302295, 47.632284 ], [ -122.301615, 47.632277 ], [ -122.301561, 47.632276 ], [ -122.30029, 47.632269 ], [ -122.299637, 47.632265 ], [ -122.299428, 47.632264 ], [ -122.299275, 47.632245 ], [ -122.299165, 47.632204 ], [ -122.299077, 47.632144 ], [ -122.299007, 47.632049 ], [ -122.29899, 47.631965 ], [ -122.299003, 47.631258 ], [ -122.299021, 47.630255 ], [ -122.299039, 47.629819 ], [ -122.29901, 47.629644 ], [ -122.298987, 47.629606 ], [ -122.298954, 47.62955 ], [ -122.2989, 47.629497 ], [ -122.298813, 47.629433 ], [ -122.298062, 47.62917 ], [ -122.29732, 47.628921 ], [ -122.297205, 47.628867 ], [ -122.297165, 47.628841 ], [ -122.297125, 47.628814 ], [ -122.297012, 47.628698 ], [ -122.29694, 47.62861 ], [ -122.29688, 47.628501 ], [ -122.296828, 47.628379 ], [ -122.296744, 47.628133 ], [ -122.296349, 47.627413 ], [ -122.295117, 47.626668 ], [ -122.295096, 47.626628 ], [ -122.295068, 47.626566 ], [ -122.295052, 47.626499 ], [ -122.29507, 47.62588 ], [ -122.295083, 47.625361 ], [ -122.295091, 47.62531 ], [ -122.295108, 47.625266 ], [ -122.295181, 47.625195 ], [ -122.295276, 47.625157 ], [ -122.295316, 47.625148 ], [ -122.295529, 47.625139 ], [ -122.296525, 47.625148 ], [ -122.297685, 47.625158 ], [ -122.298761, 47.625167 ], [ -122.299843, 47.625176 ], [ -122.301147, 47.625188 ], [ -122.302421, 47.625198 ], [ -122.302407, 47.625944 ], [ -122.302385, 47.626692 ] ] ] } },
{ "type": "Feature", "properties": { "GEOID": "530330040002", "population": 1034, "pop_in_seattle": 1033.9999999999995, "area_in_seattle": 336864.78320648882 }, "geometry": { "type": "Polygon", "coordinates": [ [ [ -122.274333, 47.675771 ], [ -122.274289, 47.675796 ], [ -122.274253, 47.675815 ], [ -122.274215, 47.675911 ], [ -122.274259, 47.677583 ], [ -122.274302, 47.679398 ], [ -122.274343, 47.681214 ], [ -122.274385, 47.68303 ], [ -122.273158, 47.683028 ], [ -122.273046, 47.683028 ], [ -122.271702, 47.683026 ], [ -122.269018, 47.683023 ], [ -122.269006, 47.682185 ], [ -122.26899, 47.681204 ], [ -122.268961, 47.679386 ], [ -122.268949, 47.678632 ], [ -122.268908, 47.67759 ], [ -122.26888, 47.675748 ], [ -122.269473, 47.67575 ], [ -122.269652, 47.675751 ], [ -122.270284, 47.675753 ], [ -122.270498, 47.675754 ], [ -122.27089, 47.675754 ], [ -122.271537, 47.675755 ], [ -122.272256, 47.67576 ], [ -122.272361, 47.675751 ], [ -122.272842, 47.675658 ], [ -122.273882, 47.675448 ], [ -122.274133, 47.675397 ], [ -122.274258, 47.675343 ], [ -122.274359, 47.675243 ], [ -122.274416, 47.675055 ], [ -122.274485, 47.674967 ], [ -122.274619, 47.674892 ], [ -122.274702, 47.67487 ], [ -122.274819, 47.674862 ], [ -122.275261, 47.674877 ], [ -122.275367, 47.674907 ], [ -122.275476, 47.674971 ], [ -122.275523, 47.67502 ], [ -122.275559, 47.675095 ], [ -122.275559, 47.675352 ], [ -122.275589, 47.675455 ], [ -122.275653, 47.675551 ], [ -122.275832, 47.675774 ], [ -122.274333, 47.675771 ] ] ] } },
{ "type": "Feature", "properties": { "GEOID": "530330040001", "population": 2274, "pop_in_seattle": 2273.9999999999991, "area_in_seattle": 5465782.1412807992 }, "geometry": { "type": "Polygon", "coordinates": [ [ [ -122.268143, 47.683895 ], [ -122.268061, 47.683897 ], [ -122.267664, 47.683843 ], [ -122.267363, 47.683746 ], [ -122.26727, 47.683703 ], [ -122.267172, 47.683609 ], [ -122.266926, 47.683167 ], [ -122.26672, 47.682951 ], [ -122.266692, 47.682958 ], [ -122.266588, 47.682962 ], [ -122.266436, 47.682954 ], [ -122.26635, 47.682934 ], [ -122.266289, 47.683086 ], [ -122.266294, 47.683253 ], [ -122.266321, 47.683496 ], [ -122.266323, 47.683648 ], [ -122.266263, 47.683761 ], [ -122.266121, 47.683842 ], [ -122.265898, 47.683903 ], [ -122.265739, 47.683955 ], [ -122.265663, 47.684003 ], [ -122.265632, 47.684083 ], [ -122.265668, 47.684368 ], [ -122.265704, 47.68465 ], [ -122.265513, 47.684672 ], [ -122.264473, 47.684754 ], [ -122.264824, 47.685704 ], [ -122.264953, 47.686095 ], [ -122.265126, 47.686516 ], [ -122.265217, 47.68676 ], [ -122.265578, 47.687726 ], [ -122.265867, 47.688309 ], [ -122.266062, 47.688622 ], [ -122.266311, 47.688965 ], [ -122.267313, 47.690121 ], [ -122.267361, 47.690176 ], [ -122.267487, 47.690315 ], [ -122.266436, 47.69032 ], [ -122.265807, 47.690316 ], [ -122.249222, 47.69022 ], [ -122.243423, 47.689524 ], [ -122.242453, 47.689064 ], [ -122.241812, 47.688797 ], [ -122.238212, 47.687114 ], [ -122.236308, 47.686224 ], [ -122.233657, 47.684762 ], [ -122.232807, 47.684085 ], [ -122.232066, 47.683353 ], [ -122.231443, 47.682572 ], [ -122.230944, 47.681752 ], [ -122.230575, 47.680901 ], [ -122.23034, 47.680029 ], [ -122.23027, 47.679561 ], [ -122.229983, 47.677172 ], [ -122.229681, 47.668681 ], [ -122.229725, 47.667777 ], [ -122.229908, 47.666881 ], [ -122.230229, 47.666003 ], [ -122.230684, 47.665152 ], [ -122.230814, 47.66495 ], [ -122.231311, 47.664414 ], [ -122.231924, 47.663757 ], [ -122.249941, 47.673054 ], [ -122.251244, 47.673683 ], [ -122.252256, 47.674153 ], [ -122.253405, 47.674493 ], [ -122.253986, 47.674473 ], [ -122.254404, 47.674065 ], [ -122.254647, 47.673771 ], [ -122.254774, 47.673617 ], [ -122.254796, 47.67359 ], [ -122.254819, 47.673563 ], [ -122.254847, 47.673528 ], [ -122.258151, 47.673472 ], [ -122.258151, 47.673498 ], [ -122.258151, 47.673519 ], [ -122.258152, 47.673571 ], [ -122.258165, 47.674256 ], [ -122.258182, 47.675284 ], [ -122.258187, 47.675647 ], [ -122.258188, 47.675694 ], [ -122.258185, 47.675799 ], [ -122.259019, 47.67579 ], [ -122.259684, 47.675784 ], [ -122.261437, 47.675784 ], [ -122.261968, 47.675783 ], [ -122.263207, 47.67578 ], [ -122.263547, 47.675767 ], [ -122.264483, 47.675724 ], [ -122.265437, 47.675728 ], [ -122.266048, 47.675732 ], [ -122.266567, 47.675735 ], [ -122.266895, 47.675737 ], [ -122.267088, 47.675738 ], [ -122.267896, 47.675742 ], [ -122.26818, 47.675743 ], [ -122.26888, 47.675748 ], [ -122.268908, 47.67759 ], [ -122.268949, 47.678632 ], [ -122.268961, 47.679386 ], [ -122.26899, 47.681204 ], [ -122.269006, 47.682185 ], [ -122.269018, 47.683023 ], [ -122.269079, 47.683877 ], [ -122.268143, 47.683895 ] ] ] } },
{ "type": "Feature", "properties": { "GEOID": "530330038002", "population": 1045, "pop_in_seattle": 1044.9999999999998, "area_in_seattle": 278600.71239189693 }, "geometry": { "type": "Polygon", "coordinates": [ [ [ -122.299688, 47.683046 ], [ -122.298625, 47.683045 ], [ -122.297202, 47.683046 ], [ -122.295887, 47.683046 ], [ -122.295791, 47.679412 ], [ -122.296376, 47.679412 ], [ -122.296326, 47.677594 ], [ -122.29628, 47.675776 ], [ -122.296433, 47.675776 ], [ -122.297334, 47.675776 ], [ -122.297487, 47.675775 ], [ -122.298401, 47.675775 ], [ -122.298542, 47.675774 ], [ -122.299597, 47.675773 ], [ -122.300653, 47.675772 ], [ -122.30062, 47.677591 ], [ -122.300665, 47.679407 ], [ -122.300733, 47.682022 ], [ -122.300759, 47.683046 ], [ -122.299688, 47.683046 ] ] ] } },
{ "type": "Feature", "properties": { "GEOID": "530330078002", "population": 1541, "pop_in_seattle": 1540.9999999999993, "area_in_seattle": 489057.33163298288 }, "geometry": { "type": "Polygon", "coordinates": [ [ [ -122.292654, 47.604184 ], [ -122.292635, 47.605171 ], [ -122.292616, 47.606158 ], [ -122.292582, 47.607974 ], [ -122.292596, 47.608467 ], [ -122.292619, 47.609281 ], [ -122.292641, 47.610432 ], [ -122.291486, 47.610427 ], [ -122.290432, 47.610417 ], [ -122.289378, 47.610408 ], [ -122.288281, 47.610397 ], [ -122.288249, 47.611615 ], [ -122.288214, 47.612876 ], [ -122.288187, 47.614045 ], [ -122.287085, 47.614042 ], [ -122.28704, 47.614042 ], [ -122.285982, 47.614045 ], [ -122.285984, 47.613996 ], [ -122.284895, 47.613982 ], [ -122.284902, 47.61365 ], [ -122.284894, 47.613597 ], [ -122.284833, 47.613466 ], [ -122.284706, 47.613404 ], [ -122.284475, 47.613318 ], [ -122.28418, 47.613176 ], [ -122.284113, 47.613127 ], [ -122.284067, 47.613067 ], [ -122.284041, 47.61301 ], [ -122.283981, 47.612838 ], [ -122.283927, 47.612734 ], [ -122.283806, 47.612584 ], [ -122.283487, 47.612332 ], [ -122.283106, 47.612811 ], [ -122.283082, 47.612896 ], [ -122.283073, 47.613178 ], [ -122.283035, 47.613259 ], [ -122.282977, 47.613308 ], [ -122.282889, 47.613347 ], [ -122.282536, 47.613415 ], [ -122.282067, 47.612276 ], [ -122.282008, 47.612195 ], [ -122.281919, 47.612119 ], [ -122.282509, 47.611489 ], [ -122.282653, 47.611311 ], [ -122.282701, 47.611223 ], [ -122.282721, 47.611188 ], [ -122.282731, 47.611165 ], [ -122.28278, 47.611054 ], [ -122.282811, 47.610933 ], [ -122.282898, 47.609846 ], [ -122.282969, 47.60932 ], [ -122.283349, 47.608142 ], [ -122.283364, 47.608108 ], [ -122.28338, 47.608048 ], [ -122.283388, 47.607994 ], [ -122.283427, 47.607501 ], [ -122.283466, 47.606777 ], [ -122.283554, 47.606833 ], [ -122.283798, 47.607079 ], [ -122.284103, 47.607399 ], [ -122.284223, 47.607498 ], [ -122.284264, 47.60753 ], [ -122.284391, 47.607659 ], [ -122.284526, 47.60785 ], [ -122.28466, 47.608128 ], [ -122.284701, 47.608272 ], [ -122.284725, 47.608417 ], [ -122.284728, 47.608664 ], [ -122.284716, 47.609156 ], [ -122.285405, 47.609163 ], [ -122.285895, 47.609169 ], [ -122.286097, 47.609219 ], [ -122.286136, 47.607904 ], [ -122.287212, 47.607915 ], [ -122.287231, 47.607883 ], [ -122.287262, 47.607108 ], [ -122.287256, 47.60691 ], [ -122.287233, 47.60681 ], [ -122.287215, 47.606769 ], [ -122.287198, 47.606726 ], [ -122.287131, 47.606555 ], [ -122.286925, 47.606349 ], [ -122.286868, 47.606251 ], [ -122.28685, 47.606026 ], [ -122.286871, 47.605903 ], [ -122.287048, 47.605586 ], [ -122.287156, 47.605497 ], [ -122.287244, 47.605461 ], [ -122.287342, 47.605441 ], [ -122.287512, 47.605446 ], [ -122.287636, 47.605484 ], [ -122.28785, 47.605615 ], [ -122.287982, 47.60567 ], [ -122.288129, 47.605701 ], [ -122.288334, 47.605701 ], [ -122.288528, 47.605655 ], [ -122.288688, 47.605568 ], [ -122.288775, 47.605482 ], [ -122.288864, 47.605311 ], [ -122.288914, 47.60525 ], [ -122.289012, 47.605187 ], [ -122.289104, 47.605157 ], [ -122.289238, 47.605142 ], [ -122.2893, 47.605143 ], [ -122.290509, 47.605153 ], [ -122.290522, 47.604535 ], [ -122.290547, 47.604516 ], [ -122.290568, 47.6045 ], [ -122.291595, 47.604504 ], [ -122.291602, 47.604175 ], [ -122.29162, 47.603188 ], [ -122.292503, 47.60319 ], [ -122.292675, 47.60319 ], [ -122.292674, 47.603266 ], [ -122.292654, 47.604184 ] ] ] } },
{ "type": "Feature", "properties": { "GEOID": "530330078003", "population": 1160, "pop_in_seattle": 1160.0000000000005, "area_in_seattle": 312061.1364732887 }, "geometry": { "type": "Polygon", "coordinates": [ [ [ -122.29258, 47.612929 ], [ -122.292546, 47.614004 ], [ -122.292545, 47.614099 ], [ -122.29241, 47.614098 ], [ -122.292413, 47.614185 ], [ -122.292401, 47.615265 ], [ -122.292388, 47.616433 ], [ -122.291318, 47.616427 ], [ -122.29026, 47.616495 ], [ -122.289207, 47.616494 ], [ -122.288117, 47.616492 ], [ -122.287014, 47.61649 ], [ -122.287049, 47.615201 ], [ -122.285952, 47.615199 ], [ -122.285922, 47.616462 ], [ -122.285242, 47.61646 ], [ -122.284606, 47.616458 ], [ -122.284614, 47.616163 ], [ -122.283915, 47.615233 ], [ -122.282807, 47.613765 ], [ -122.282642, 47.613582 ], [ -122.282536, 47.613415 ], [ -122.282889, 47.613347 ], [ -122.282977, 47.613308 ], [ -122.283035, 47.613259 ], [ -122.283073, 47.613178 ], [ -122.283082, 47.612896 ], [ -122.283106, 47.612811 ], [ -122.283487, 47.612332 ], [ -122.283806, 47.612584 ], [ -122.283927, 47.612734 ], [ -122.283981, 47.612838 ], [ -122.284041, 47.61301 ], [ -122.284067, 47.613067 ], [ -122.284113, 47.613127 ], [ -122.28418, 47.613176 ], [ -122.284475, 47.613318 ], [ -122.284706, 47.613404 ], [ -122.284833, 47.613466 ], [ -122.284894, 47.613597 ], [ -122.284902, 47.61365 ], [ -122.284895, 47.613982 ], [ -122.285984, 47.613996 ], [ -122.285982, 47.614045 ], [ -122.28704, 47.614042 ], [ -122.287085, 47.614042 ], [ -122.288187, 47.614045 ], [ -122.288214, 47.612876 ], [ -122.288249, 47.611615 ], [ -122.288281, 47.610397 ], [ -122.289378, 47.610408 ], [ -122.290432, 47.610417 ], [ -122.291486, 47.610427 ], [ -122.292641, 47.610432 ], [ -122.292612, 47.611652 ], [ -122.29258, 47.612929 ] ] ] } },
{ "type": "Feature", "properties": { "GEOID": "530330078004", "population": 1300, "pop_in_seattle": 1299.9999999999998, "area_in_seattle": 491111.59123793384 }, "geometry": { "type": "Polygon", "coordinates": [ [ [ -122.292364, 47.618087 ], [ -122.292348, 47.618878 ], [ -122.29232, 47.620155 ], [ -122.292296, 47.621324 ], [ -122.291997, 47.621322 ], [ -122.29198, 47.622487 ], [ -122.291964, 47.623653 ], [ -122.291159, 47.623639 ], [ -122.291132, 47.624482 ], [ -122.291104, 47.624884 ], [ -122.291053, 47.62495 ], [ -122.290957, 47.62494 ], [ -122.290903, 47.62492 ], [ -122.290779, 47.624829 ], [ -122.29074, 47.62475 ], [ -122.290693, 47.624446 ], [ -122.290622, 47.624357 ], [ -122.290511, 47.624289 ], [ -122.29041, 47.624256 ], [ -122.290299, 47.624241 ], [ -122.289987, 47.624273 ], [ -122.289822, 47.624276 ], [ -122.289658, 47.624261 ], [ -122.289435, 47.624216 ], [ -122.288124, 47.62394 ], [ -122.287939, 47.623891 ], [ -122.287691, 47.62378 ], [ -122.287043, 47.623406 ], [ -122.286583, 47.62314 ], [ -122.285516, 47.622513 ], [ -122.285921, 47.621943 ], [ -122.285948, 47.62186 ], [ -122.285957, 47.621681 ], [ -122.285932, 47.621599 ], [ -122.285878, 47.621534 ], [ -122.285847, 47.621509 ], [ -122.285708, 47.621398 ], [ -122.285443, 47.621259 ], [ -122.285082, 47.621072 ], [ -122.284725, 47.620858 ], [ -122.284459, 47.620679 ], [ -122.284278, 47.620521 ], [ -122.284151, 47.620368 ], [ -122.283894, 47.619918 ], [ -122.283944, 47.619881 ], [ -122.283948, 47.619795 ], [ -122.28396, 47.619775 ], [ -122.284027, 47.619699 ], [ -122.283943, 47.619632 ], [ -122.283862, 47.619566 ], [ -122.283783, 47.619487 ], [ -122.283723, 47.619379 ], [ -122.283703, 47.619316 ], [ -122.283685, 47.61912 ], [ -122.283594, 47.619033 ], [ -122.283275, 47.618283 ], [ -122.283092, 47.617742 ], [ -122.283038, 47.617622 ], [ -122.28322, 47.617607 ], [ -122.283228, 47.616454 ], [ -122.284606, 47.616458 ], [ -122.285242, 47.61646 ], [ -122.285922, 47.616462 ], [ -122.285952, 47.615199 ], [ -122.287049, 47.615201 ], [ -122.287014, 47.61649 ], [ -122.288117, 47.616492 ], [ -122.289207, 47.616494 ], [ -122.29026, 47.616495 ], [ -122.291318, 47.616427 ], [ -122.292388, 47.616433 ], [ -122.292375, 47.617601 ], [ -122.292364, 47.618087 ] ] ] } },
{ "type": "Feature", "properties": { "GEOID": "530330080021", "population": 1347, "pop_in_seattle": 1347.0000000000002, "area_in_seattle": 51303.835928004468 }, "geometry": { "type": "Polygon", "coordinates": [ [ [ -122.343914, 47.611835 ], [ -122.342614, 47.611066 ], [ -122.341754, 47.611731 ], [ -122.340894, 47.612396 ], [ -122.339594, 47.611627 ], [ -122.340454, 47.610962 ], [ -122.341345, 47.610273 ], [ -122.341741, 47.609956 ], [ -122.341797, 47.609913 ], [ -122.342174, 47.609632 ], [ -122.343474, 47.610402 ], [ -122.343664, 47.61035 ], [ -122.343891, 47.610636 ], [ -122.34392, 47.610661 ], [ -122.343941, 47.61068 ], [ -122.34434, 47.610915 ], [ -122.344774, 47.611171 ], [ -122.343914, 47.611835 ] ] ] } },
{ "type": "Feature", "properties": { "GEOID": "530330107011", "population": 1780, "pop_in_seattle": 1779.9999999999995, "area_in_seattle": 508293.31231303693 }, "geometry": { "type": "Polygon", "coordinates": [ [ [ -122.372274, 47.542839 ], [ -122.371524, 47.542835 ], [ -122.371179, 47.542833 ], [ -122.370985, 47.542847 ], [ -122.37089, 47.542878 ], [ -122.370677, 47.542953 ], [ -122.370662, 47.542926 ], [ -122.370609, 47.542831 ], [ -122.370494, 47.542513 ], [ -122.369962, 47.541033 ], [ -122.3699, 47.540934 ], [ -122.369795, 47.540836 ], [ -122.369447, 47.540618 ], [ -122.369275, 47.540522 ], [ -122.36907, 47.540436 ], [ -122.368921, 47.540387 ], [ -122.368716, 47.540321 ], [ -122.368281, 47.540227 ], [ -122.368062, 47.540198 ], [ -122.367879, 47.540185 ], [ -122.366731, 47.540161 ], [ -122.366482, 47.540145 ], [ -122.366321, 47.54012 ], [ -122.36615, 47.540076 ], [ -122.365998, 47.540021 ], [ -122.36573, 47.539878 ], [ -122.365596, 47.539781 ], [ -122.36549, 47.53967 ], [ -122.365126, 47.539136 ], [ -122.364591, 47.538351 ], [ -122.364312, 47.53797 ], [ -122.364094, 47.537697 ], [ -122.363925, 47.537559 ], [ -122.363696, 47.537435 ], [ -122.363423, 47.537363 ], [ -122.363138, 47.537339 ], [ -122.362792, 47.537356 ], [ -122.362538, 47.537411 ], [ -122.362403, 47.537256 ], [ -122.362134, 47.53714 ], [ -122.361953, 47.537043 ], [ -122.361798, 47.536935 ], [ -122.361663, 47.536811 ], [ -122.361562, 47.536686 ], [ -122.361486, 47.536556 ], [ -122.361336, 47.536119 ], [ -122.361138, 47.53551 ], [ -122.360834, 47.534781 ], [ -122.36055, 47.53415 ], [ -122.360475, 47.533944 ], [ -122.360426, 47.53369 ], [ -122.363188, 47.533696 ], [ -122.364157, 47.533697 ], [ -122.365293, 47.5337 ], [ -122.365818, 47.533701 ], [ -122.36637, 47.533704 ], [ -122.366833, 47.533706 ], [ -122.366984, 47.533706 ], [ -122.367365, 47.533706 ], [ -122.367478, 47.533706 ], [ -122.36849, 47.533711 ], [ -122.369822, 47.533716 ], [ -122.371161, 47.533721 ], [ -122.371198, 47.533784 ], [ -122.371188, 47.535545 ], [ -122.371192, 47.53737 ], [ -122.371196, 47.539194 ], [ -122.371815, 47.539204 ], [ -122.37181, 47.539637 ], [ -122.37176, 47.540501 ], [ -122.371792, 47.540656 ], [ -122.371861, 47.540806 ], [ -122.371951, 47.540915 ], [ -122.372116, 47.541084 ], [ -122.372221, 47.541289 ], [ -122.372283, 47.541445 ], [ -122.372299, 47.541602 ], [ -122.372274, 47.542839 ] ] ] } },
{ "type": "Feature", "properties": { "GEOID": "530330107021", "population": 1187, "pop_in_seattle": 1186.9999999999995, "area_in_seattle": 299508.21296662104 }, "geometry": { "type": "Polygon", "coordinates": [ [ [ -122.376309, 47.551959 ], [ -122.376278, 47.553779 ], [ -122.375142, 47.553776 ], [ -122.375018, 47.553776 ], [ -122.374973, 47.553753 ], [ -122.374942, 47.553805 ], [ -122.374886, 47.553824 ], [ -122.374821, 47.553826 ], [ -122.374377, 47.553813 ], [ -122.372487, 47.553704 ], [ -122.372455, 47.553735 ], [ -122.372405, 47.553744 ], [ -122.372336, 47.553737 ], [ -122.372306, 47.553727 ], [ -122.37089, 47.553738 ], [ -122.370854, 47.553763 ], [ -122.370804, 47.553776 ], [ -122.370725, 47.553782 ], [ -122.36963, 47.553783 ], [ -122.369624, 47.553177 ], [ -122.369627, 47.55276 ], [ -122.369637, 47.552468 ], [ -122.369634, 47.552015 ], [ -122.369658, 47.551919 ], [ -122.369798, 47.551936 ], [ -122.370947, 47.551953 ], [ -122.370956, 47.550904 ], [ -122.370987, 47.550132 ], [ -122.370702, 47.55012 ], [ -122.370325, 47.550061 ], [ -122.370298, 47.550057 ], [ -122.370257, 47.550049 ], [ -122.370137, 47.550027 ], [ -122.369909, 47.549944 ], [ -122.369725, 47.549841 ], [ -122.369523, 47.549713 ], [ -122.369383, 47.549593 ], [ -122.369259, 47.549453 ], [ -122.369236, 47.549433 ], [ -122.36916, 47.549369 ], [ -122.368903, 47.549096 ], [ -122.368737, 47.548838 ], [ -122.368632, 47.548556 ], [ -122.368613, 47.548392 ], [ -122.368643, 47.548196 ], [ -122.368913, 47.547644 ], [ -122.369044, 47.547518 ], [ -122.36915, 47.547456 ], [ -122.36917, 47.547471 ], [ -122.369624, 47.547876 ], [ -122.369926, 47.548028 ], [ -122.370085, 47.548089 ], [ -122.370317, 47.548167 ], [ -122.370564, 47.548227 ], [ -122.37082, 47.548269 ], [ -122.371077, 47.548291 ], [ -122.371198, 47.548291 ], [ -122.372083, 47.548299 ], [ -122.37369, 47.548307 ], [ -122.375021, 47.548314 ], [ -122.376371, 47.548321 ], [ -122.37634, 47.55014 ], [ -122.376309, 47.551959 ] ] ] } },
{ "type": "Feature", "properties": { "GEOID": "530330108001", "population": 1529, "pop_in_seattle": 1528.9999999999989, "area_in_seattle": 3083978.6680016764 }, "geometry": { "type": "Polygon", "coordinates": [ [ [ -122.356954, 47.559728 ], [ -122.354768, 47.559133 ], [ -122.354747, 47.559537 ], [ -122.354735, 47.559494 ], [ -122.354698, 47.559443 ], [ -122.354669, 47.559388 ], [ -122.354623, 47.559344 ], [ -122.354434, 47.559255 ], [ -122.354263, 47.559166 ], [ -122.354193, 47.559111 ], [ -122.354133, 47.559023 ], [ -122.354125, 47.559003 ], [ -122.353272, 47.559337 ], [ -122.352309, 47.559384 ], [ -122.351748, 47.559412 ], [ -122.35165, 47.559412 ], [ -122.351495, 47.559412 ], [ -122.351395, 47.559389 ], [ -122.351381, 47.559322 ], [ -122.351256, 47.559311 ], [ -122.35072, 47.559322 ], [ -122.350151, 47.559125 ], [ -122.349216, 47.559117 ], [ -122.347237, 47.56302 ], [ -122.346271, 47.563267 ], [ -122.345351, 47.560169 ], [ -122.345057, 47.559182 ], [ -122.343288, 47.55603 ], [ -122.340587, 47.551218 ], [ -122.340536, 47.551135 ], [ -122.338102, 47.546519 ], [ -122.337722, 47.545799 ], [ -122.337517, 47.54541 ], [ -122.33668, 47.543825 ], [ -122.335564, 47.543034 ], [ -122.335318, 47.54286 ], [ -122.335074, 47.542687 ], [ -122.334713, 47.542431 ], [ -122.334677, 47.542405 ], [ -122.334942, 47.541596 ], [ -122.335012, 47.541341 ], [ -122.335063, 47.541135 ], [ -122.335115, 47.540833 ], [ -122.335132, 47.540691 ], [ -122.335144, 47.540591 ], [ -122.335158, 47.540374 ], [ -122.335151, 47.540002 ], [ -122.335081, 47.539185 ], [ -122.335052, 47.538854 ], [ -122.335226, 47.539004 ], [ -122.335472, 47.539175 ], [ -122.335702, 47.539306 ], [ -122.335924, 47.539407 ], [ -122.336117, 47.53949 ], [ -122.337091, 47.539772 ], [ -122.33918, 47.540135 ], [ -122.340435, 47.540364 ], [ -122.340798, 47.540405 ], [ -122.340931, 47.540416 ], [ -122.341031, 47.540425 ], [ -122.34146, 47.540409 ], [ -122.342183, 47.540351 ], [ -122.343202, 47.54027 ], [ -122.343735, 47.540183 ], [ -122.34525, 47.539727 ], [ -122.345823, 47.539482 ], [ -122.346142, 47.539187 ], [ -122.346247, 47.539013 ], [ -122.346398, 47.538765 ], [ -122.347092, 47.536393 ], [ -122.347162, 47.534821 ], [ -122.347164, 47.534782 ], [ -122.347093, 47.534394 ], [ -122.347072, 47.534076 ], [ -122.349277, 47.534051 ], [ -122.35054, 47.534041 ], [ -122.35071, 47.534048 ], [ -122.350876, 47.534071 ], [ -122.351678, 47.534263 ], [ -122.351961, 47.534294 ], [ -122.352243, 47.53428 ], [ -122.352497, 47.534226 ], [ -122.352763, 47.534129 ], [ -122.352829, 47.534103 ], [ -122.353917, 47.533684 ], [ -122.355035, 47.533679 ], [ -122.355028, 47.534556 ], [ -122.355021, 47.535492 ], [ -122.355006, 47.537305 ], [ -122.354999, 47.538212 ], [ -122.354994, 47.539118 ], [ -122.354983, 47.539709 ], [ -122.354923, 47.542858 ], [ -122.354905, 47.543811 ], [ -122.354888, 47.544727 ], [ -122.354883, 47.545341 ], [ -122.354877, 47.546557 ], [ -122.35486, 47.548666 ], [ -122.35478, 47.548779 ], [ -122.354774, 47.549205 ], [ -122.354846, 47.549321 ], [ -122.354838, 47.550117 ], [ -122.354832, 47.550747 ], [ -122.354771, 47.55082 ], [ -122.354788, 47.551916 ], [ -122.354802, 47.552921 ], [ -122.354799, 47.553689 ], [ -122.354793, 47.555962 ], [ -122.354832, 47.556044 ], [ -122.354894, 47.556095 ], [ -122.354976, 47.556121 ], [ -122.355079, 47.556125 ], [ -122.355194, 47.556073 ], [ -122.355928, 47.55575 ], [ -122.356354, 47.555751 ], [ -122.357052, 47.555754 ], [ -122.358266, 47.555754 ], [ -122.358465, 47.555759 ], [ -122.358608, 47.555792 ], [ -122.358706, 47.555829 ], [ -122.358804, 47.555897 ], [ -122.360149, 47.557353 ], [ -122.360161, 47.557927 ], [ -122.360186, 47.559018 ], [ -122.356954, 47.559728 ] ] ] } },
{ "type": "Feature", "properties": { "GEOID": "530330108002", "population": 1618, "pop_in_seattle": 1618.0000000000007, "area_in_seattle": 782004.53435906395 }, "geometry": { "type": "Polygon", "coordinates": [ [ [ -122.361706, 47.550097 ], [ -122.361326, 47.550158 ], [ -122.360957, 47.550146 ], [ -122.360514, 47.550178 ], [ -122.359882, 47.550171 ], [ -122.358568, 47.550197 ], [ -122.358497, 47.550186 ], [ -122.358425, 47.550156 ], [ -122.358401, 47.550128 ], [ -122.357094, 47.55013 ], [ -122.35597, 47.550126 ], [ -122.355245, 47.550123 ], [ -122.354838, 47.550117 ], [ -122.354846, 47.549321 ], [ -122.354774, 47.549205 ], [ -122.35478, 47.548779 ], [ -122.35486, 47.548666 ], [ -122.354877, 47.546557 ], [ -122.354883, 47.545341 ], [ -122.354888, 47.544727 ], [ -122.354905, 47.543811 ], [ -122.354923, 47.542858 ], [ -122.354983, 47.539709 ], [ -122.354994, 47.539118 ], [ -122.354999, 47.538212 ], [ -122.355006, 47.537305 ], [ -122.355021, 47.535492 ], [ -122.355028, 47.534556 ], [ -122.356488, 47.534559 ], [ -122.356668, 47.5346 ], [ -122.356809, 47.53464 ], [ -122.357028, 47.534724 ], [ -122.357149, 47.534784 ], [ -122.357325, 47.534913 ], [ -122.357448, 47.535049 ], [ -122.357514, 47.535144 ], [ -122.357556, 47.535257 ], [ -122.357576, 47.53539 ], [ -122.357583, 47.535494 ], [ -122.357593, 47.535633 ], [ -122.357593, 47.536038 ], [ -122.357611, 47.536253 ], [ -122.357636, 47.536425 ], [ -122.357702, 47.536667 ], [ -122.35787, 47.53702 ], [ -122.358041, 47.537328 ], [ -122.35814, 47.537443 ], [ -122.358237, 47.537528 ], [ -122.358357, 47.537592 ], [ -122.358503, 47.53766 ], [ -122.358613, 47.537706 ], [ -122.358838, 47.537763 ], [ -122.358982, 47.537782 ], [ -122.361094, 47.537952 ], [ -122.36094, 47.539146 ], [ -122.360757, 47.540539 ], [ -122.361166, 47.541896 ], [ -122.36123, 47.542111 ], [ -122.361216, 47.542882 ], [ -122.361201, 47.54368 ], [ -122.361211, 47.543913 ], [ -122.361197, 47.544164 ], [ -122.361471, 47.544699 ], [ -122.361697, 47.545029 ], [ -122.362544, 47.546082 ], [ -122.362597, 47.546148 ], [ -122.362765, 47.546396 ], [ -122.362898, 47.546666 ], [ -122.363011, 47.547042 ], [ -122.363046, 47.547425 ], [ -122.363012, 47.550107 ], [ -122.361706, 47.550097 ] ] ] } },
{ "type": "Feature", "properties": { "GEOID": "530330108003", "population": 1916, "pop_in_seattle": 1916.0000000000016, "area_in_seattle": 593865.11453832185 }, "geometry": { "type": "Polygon", "coordinates": [ [ [ -122.366192, 47.557497 ], [ -122.366039, 47.557515 ], [ -122.365911, 47.557511 ], [ -122.365732, 47.55749 ], [ -122.365536, 47.55748 ], [ -122.365514, 47.559317 ], [ -122.364235, 47.559282 ], [ -122.362898, 47.559274 ], [ -122.362252, 47.559269 ], [ -122.36224, 47.55928 ], [ -122.361578, 47.559273 ], [ -122.361582, 47.559888 ], [ -122.361556, 47.56081 ], [ -122.361545, 47.560914 ], [ -122.361522, 47.560954 ], [ -122.361474, 47.560979 ], [ -122.361152, 47.560534 ], [ -122.360195, 47.559441 ], [ -122.360186, 47.559018 ], [ -122.360161, 47.557927 ], [ -122.360149, 47.557353 ], [ -122.358804, 47.555897 ], [ -122.358706, 47.555829 ], [ -122.358608, 47.555792 ], [ -122.358465, 47.555759 ], [ -122.358266, 47.555754 ], [ -122.357052, 47.555754 ], [ -122.356354, 47.555751 ], [ -122.355928, 47.55575 ], [ -122.355194, 47.556073 ], [ -122.355079, 47.556125 ], [ -122.354976, 47.556121 ], [ -122.354894, 47.556095 ], [ -122.354832, 47.556044 ], [ -122.354793, 47.555962 ], [ -122.354799, 47.553689 ], [ -122.354802, 47.552921 ], [ -122.354788, 47.551916 ], [ -122.354771, 47.55082 ], [ -122.354832, 47.550747 ], [ -122.354838, 47.550117 ], [ -122.355245, 47.550123 ], [ -122.35597, 47.550126 ], [ -122.357094, 47.55013 ], [ -122.358401, 47.550128 ], [ -122.358425, 47.550156 ], [ -122.358497, 47.550186 ], [ -122.358568, 47.550197 ], [ -122.359882, 47.550171 ], [ -122.360514, 47.550178 ], [ -122.360957, 47.550146 ], [ -122.361326, 47.550158 ], [ -122.361706, 47.550097 ], [ -122.361758, 47.550212 ], [ -122.361781, 47.550342 ], [ -122.361771, 47.551909 ], [ -122.361746, 47.553713 ], [ -122.362965, 47.55372 ], [ -122.364302, 47.553733 ], [ -122.365566, 47.553755 ], [ -122.366336, 47.553769 ], [ -122.366215, 47.555308 ], [ -122.366192, 47.557497 ] ] ] } },
{ "type": "Feature", "properties": { "GEOID": "530330109001", "population": 617, "pop_in_seattle": 487.43572816417083, "area_in_seattle": 2565888.1840929352 }, "geometry": { "type": "Polygon", "coordinates": [ [ [ -122.326108, 47.537225 ], [ -122.325838, 47.537226 ], [ -122.325803, 47.537226 ], [ -122.324934, 47.537225 ], [ -122.322588, 47.537224 ], [ -122.322579, 47.537977 ], [ -122.322568, 47.538677 ], [ -122.322593, 47.539407 ], [ -122.322586, 47.539764 ], [ -122.322585, 47.53983 ], [ -122.323686, 47.540511 ], [ -122.3234, 47.541419 ], [ -122.322422, 47.544458 ], [ -122.321148, 47.54427 ], [ -122.32004, 47.544107 ], [ -122.318932, 47.543943 ], [ -122.318645, 47.544833 ], [ -122.318601, 47.544971 ], [ -122.318532, 47.545084 ], [ -122.318462, 47.545182 ], [ -122.318383, 47.545262 ], [ -122.318294, 47.545319 ], [ -122.318089, 47.545429 ], [ -122.316887, 47.546021 ], [ -122.316121, 47.546398 ], [ -122.314916, 47.546989 ], [ -122.314014, 47.547434 ], [ -122.31303, 47.546515 ], [ -122.312479, 47.545997 ], [ -122.311457, 47.545148 ], [ -122.310994, 47.544749 ], [ -122.31092, 47.544685 ], [ -122.302852, 47.537881 ], [ -122.302213, 47.537343 ], [ -122.299241, 47.534851 ], [ -122.298845, 47.53449 ], [ -122.298586, 47.534219 ], [ -122.298292, 47.533883 ], [ -122.298041, 47.533577 ], [ -122.29782, 47.533266 ], [ -122.297634, 47.532985 ], [ -122.297462, 47.53267 ], [ -122.297232, 47.532203 ], [ -122.296187, 47.52996 ], [ -122.29454, 47.526384 ], [ -122.293694, 47.524568 ], [ -122.29365, 47.52446 ], [ -122.293827, 47.524325 ], [ -122.294057, 47.52433 ], [ -122.295484, 47.524357 ], [ -122.29773, 47.524397 ], [ -122.29984, 47.524429 ], [ -122.299952, 47.52443 ], [ -122.30048, 47.524453 ], [ -122.300501, 47.524453 ], [ -122.300988, 47.524453 ], [ -122.30056, 47.524584 ], [ -122.300302, 47.524663 ], [ -122.300235, 47.52471 ], [ -122.300212, 47.524749 ], [ -122.300208, 47.52478 ], [ -122.300139, 47.524907 ], [ -122.300088, 47.525001 ], [ -122.299756, 47.526019 ], [ -122.299746, 47.526257 ], [ -122.299776, 47.526614 ], [ -122.299847, 47.526907 ], [ -122.299862, 47.526967 ], [ -122.29989, 47.52709 ], [ -122.300272, 47.52798 ], [ -122.300916, 47.529034 ], [ -122.301367, 47.529248 ], [ -122.301578, 47.529347 ], [ -122.302154, 47.529641 ], [ -122.303344, 47.530249 ], [ -122.305076, 47.531051 ], [ -122.305114, 47.531303 ], [ -122.305172, 47.531678 ], [ -122.307104, 47.531709 ], [ -122.307306, 47.531712 ], [ -122.30843, 47.531733 ], [ -122.308924, 47.531741 ], [ -122.309177, 47.531745 ], [ -122.313285, 47.531774 ], [ -122.31681, 47.53177 ], [ -122.317958, 47.531767 ], [ -122.31803, 47.531765 ], [ -122.318264, 47.531766 ], [ -122.318455, 47.531767 ], [ -122.319258, 47.532227 ], [ -122.320072, 47.532694 ], [ -122.327184, 47.537225 ], [ -122.326476, 47.537225 ], [ -122.326108, 47.537225 ] ] ] } },
{ "type": "Feature", "properties": { "GEOID": "530330109002", "population": 840, "pop_in_seattle": 840.0000000000008, "area_in_seattle": 2552517.6418536003 }, "geometry": { "type": "Polygon", "coordinates": [ [ [ -122.341709, 47.556052 ], [ -122.341704, 47.555904 ], [ -122.34166, 47.555884 ], [ -122.339611, 47.555826 ], [ -122.33839, 47.555758 ], [ -122.338277, 47.555751 ], [ -122.338131, 47.555743 ], [ -122.33678, 47.555705 ], [ -122.335287, 47.555692 ], [ -122.334217, 47.555678 ], [ -122.332367, 47.555681 ], [ -122.33091, 47.555668 ], [ -122.329533, 47.555651 ], [ -122.328366, 47.555648 ], [ -122.327641, 47.555652 ], [ -122.327187, 47.555637 ], [ -122.327114, 47.555626 ], [ -122.326979, 47.555593 ], [ -122.326901, 47.555563 ], [ -122.326712, 47.555464 ], [ -122.326516, 47.555339 ], [ -122.325814, 47.554852 ], [ -122.325673, 47.554767 ], [ -122.325408, 47.554577 ], [ -122.324718, 47.55411 ], [ -122.323623, 47.553365 ], [ -122.321977, 47.553356 ], [ -122.321679, 47.553354 ], [ -122.321535, 47.55336 ], [ -122.321372, 47.553387 ], [ -122.321186, 47.553434 ], [ -122.321078, 47.553378 ], [ -122.320974, 47.55331 ], [ -122.32083, 47.553182 ], [ -122.31981, 47.552132 ], [ -122.319767, 47.552095 ], [ -122.319714, 47.552049 ], [ -122.318928, 47.551271 ], [ -122.318414, 47.550758 ], [ -122.317756, 47.550101 ], [ -122.31721, 47.549554 ], [ -122.316897, 47.549242 ], [ -122.316531, 47.548879 ], [ -122.316444, 47.548818 ], [ -122.316179, 47.548671 ], [ -122.316072, 47.548624 ], [ -122.31596, 47.548582 ], [ -122.315747, 47.548501 ], [ -122.314996, 47.548243 ], [ -122.31485, 47.548172 ], [ -122.314746, 47.548112 ], [ -122.31466, 47.548053 ], [ -122.314014, 47.547434 ], [ -122.314916, 47.546989 ], [ -122.316121, 47.546398 ], [ -122.316887, 47.546021 ], [ -122.318089, 47.545429 ], [ -122.318294, 47.545319 ], [ -122.318383, 47.545262 ], [ -122.318462, 47.545182 ], [ -122.318532, 47.545084 ], [ -122.318601, 47.544971 ], [ -122.318645, 47.544833 ], [ -122.318932, 47.543943 ], [ -122.32004, 47.544107 ], [ -122.321148, 47.54427 ], [ -122.322422, 47.544458 ], [ -122.3234, 47.541419 ], [ -122.323686, 47.540511 ], [ -122.322585, 47.53983 ], [ -122.322586, 47.539764 ], [ -122.322593, 47.539407 ], [ -122.322568, 47.538677 ], [ -122.322579, 47.537977 ], [ -122.322588, 47.537224 ], [ -122.324934, 47.537225 ], [ -122.325803, 47.537226 ], [ -122.325838, 47.537226 ], [ -122.326108, 47.537225 ], [ -122.326476, 47.537225 ], [ -122.327184, 47.537225 ], [ -122.328388, 47.537992 ], [ -122.329005, 47.538385 ], [ -122.334163, 47.542041 ], [ -122.334272, 47.542118 ], [ -122.334677, 47.542405 ], [ -122.334713, 47.542431 ], [ -122.335074, 47.542687 ], [ -122.335318, 47.54286 ], [ -122.335564, 47.543034 ], [ -122.33668, 47.543825 ], [ -122.337517, 47.54541 ], [ -122.337722, 47.545799 ], [ -122.338102, 47.546519 ], [ -122.340536, 47.551135 ], [ -122.340587, 47.551218 ], [ -122.343288, 47.55603 ], [ -122.342737, 47.55622 ], [ -122.341709, 47.556052 ] ] ] } },
{ "type": "Feature", "properties": { "GEOID": "530330110013", "population": 1772, "pop_in_seattle": 1771.9999999999995, "area_in_seattle": 419677.09033592901 }, "geometry": { "type": "Polygon", "coordinates": [ [ [ -122.291503, 47.54253 ], [ -122.291358, 47.542527 ], [ -122.289893, 47.542487 ], [ -122.289275, 47.542492 ], [ -122.289207, 47.542495 ], [ -122.289025, 47.542506 ], [ -122.288646, 47.542504 ], [ -122.287404, 47.542498 ], [ -122.287301, 47.542497 ], [ -122.287188, 47.542496 ], [ -122.286289, 47.5425 ], [ -122.286258, 47.540617 ], [ -122.286241, 47.539862 ], [ -122.286147, 47.539666 ], [ -122.286135, 47.538982 ], [ -122.28607, 47.538913 ], [ -122.284865, 47.538916 ], [ -122.284686, 47.538867 ], [ -122.284705, 47.538843 ], [ -122.284714, 47.538787 ], [ -122.284659, 47.537033 ], [ -122.284634, 47.536181 ], [ -122.284951, 47.536177 ], [ -122.28508, 47.536186 ], [ -122.285203, 47.536214 ], [ -122.286063, 47.536453 ], [ -122.286237, 47.536499 ], [ -122.28645, 47.536556 ], [ -122.286633, 47.536647 ], [ -122.28677, 47.536768 ], [ -122.286802, 47.536804 ], [ -122.286871, 47.536905 ], [ -122.286909, 47.537024 ], [ -122.286912, 47.537147 ], [ -122.286864, 47.537297 ], [ -122.287376, 47.537473 ], [ -122.287933, 47.537663 ], [ -122.286332, 47.535342 ], [ -122.28623, 47.535198 ], [ -122.285506, 47.534168 ], [ -122.284482, 47.532701 ], [ -122.283647, 47.531532 ], [ -122.284062, 47.531538 ], [ -122.284205, 47.531541 ], [ -122.284241, 47.531545 ], [ -122.285911, 47.531553 ], [ -122.285956, 47.531553 ], [ -122.288174, 47.531683 ], [ -122.288471, 47.531683 ], [ -122.288831, 47.53237 ], [ -122.289183, 47.533058 ], [ -122.28955, 47.533746 ], [ -122.289673, 47.533977 ], [ -122.289692, 47.534014 ], [ -122.290006, 47.534434 ], [ -122.290412, 47.534845 ], [ -122.290708, 47.53507 ], [ -122.290922, 47.53522 ], [ -122.290486, 47.53522 ], [ -122.290194, 47.535219 ], [ -122.290073, 47.535259 ], [ -122.289996, 47.535316 ], [ -122.28997, 47.535389 ], [ -122.289959, 47.535453 ], [ -122.289963, 47.537043 ], [ -122.289986, 47.538371 ], [ -122.291422, 47.538865 ], [ -122.291519, 47.538867 ], [ -122.291513, 47.538971 ], [ -122.291337, 47.539246 ], [ -122.291211, 47.539351 ], [ -122.290897, 47.539475 ], [ -122.290572, 47.539538 ], [ -122.290366, 47.539634 ], [ -122.290275, 47.539715 ], [ -122.290201, 47.539815 ], [ -122.290149, 47.539947 ], [ -122.290136, 47.54001 ], [ -122.290151, 47.540062 ], [ -122.290194, 47.540152 ], [ -122.290319, 47.540328 ], [ -122.290572, 47.54069 ], [ -122.290596, 47.540724 ], [ -122.291011, 47.541329 ], [ -122.291439, 47.541919 ], [ -122.291685, 47.542282 ], [ -122.291868, 47.542541 ], [ -122.291503, 47.54253 ] ] ] } },
{ "type": "Feature", "properties": { "GEOID": "530330110021", "population": 1400, "pop_in_seattle": 1399.999999999998, "area_in_seattle": 1100768.4859536344 }, "geometry": { "type": "Polygon", "coordinates": [ [ [ -122.3135, 47.547685 ], [ -122.312516, 47.548166 ], [ -122.312195, 47.548328 ], [ -122.312022, 47.548419 ], [ -122.311733, 47.548565 ], [ -122.311539, 47.548666 ], [ -122.311364, 47.548752 ], [ -122.311133, 47.548884 ], [ -122.309924, 47.548065 ], [ -122.308884, 47.547499 ], [ -122.308754, 47.54743 ], [ -122.308625, 47.54736 ], [ -122.307939, 47.546979 ], [ -122.307868, 47.547006 ], [ -122.307761, 47.547048 ], [ -122.307504, 47.547123 ], [ -122.30726, 47.547124 ], [ -122.307081, 47.547072 ], [ -122.306871, 47.546932 ], [ -122.30665, 47.546742 ], [ -122.306436, 47.546623 ], [ -122.30638, 47.546607 ], [ -122.306324, 47.546591 ], [ -122.306179, 47.546537 ], [ -122.305946, 47.54652 ], [ -122.305787, 47.546505 ], [ -122.305015, 47.546487 ], [ -122.304469, 47.546474 ], [ -122.303492, 47.546451 ], [ -122.302341, 47.546424 ], [ -122.302314, 47.54633 ], [ -122.302279, 47.545356 ], [ -122.302276, 47.544277 ], [ -122.302289, 47.543586 ], [ -122.299894, 47.543588 ], [ -122.299799, 47.543604 ], [ -122.299584, 47.542909 ], [ -122.299501, 47.542629 ], [ -122.299336, 47.542071 ], [ -122.299245, 47.541755 ], [ -122.299137, 47.541453 ], [ -122.299042, 47.541245 ], [ -122.298836, 47.540906 ], [ -122.298638, 47.540629 ], [ -122.29846, 47.540411 ], [ -122.29821, 47.540165 ], [ -122.298165, 47.540122 ], [ -122.297967, 47.539944 ], [ -122.297425, 47.539562 ], [ -122.297194, 47.539408 ], [ -122.296526, 47.538963 ], [ -122.295847, 47.538511 ], [ -122.295068, 47.537992 ], [ -122.294586, 47.537671 ], [ -122.29444, 47.537574 ], [ -122.293221, 47.536762 ], [ -122.291625, 47.535699 ], [ -122.291206, 47.535419 ], [ -122.290922, 47.53522 ], [ -122.290708, 47.53507 ], [ -122.290412, 47.534845 ], [ -122.290006, 47.534434 ], [ -122.289692, 47.534014 ], [ -122.289673, 47.533977 ], [ -122.28955, 47.533746 ], [ -122.289183, 47.533058 ], [ -122.290688, 47.533065 ], [ -122.290793, 47.533066 ], [ -122.293424, 47.533079 ], [ -122.294195, 47.533082 ], [ -122.294595, 47.533112 ], [ -122.294476, 47.532809 ], [ -122.294265, 47.532406 ], [ -122.294103, 47.532147 ], [ -122.293407, 47.531163 ], [ -122.293358, 47.531033 ], [ -122.293343, 47.530933 ], [ -122.293371, 47.530811 ], [ -122.293427, 47.530695 ], [ -122.293488, 47.530626 ], [ -122.293596, 47.530555 ], [ -122.293727, 47.53049 ], [ -122.293971, 47.530415 ], [ -122.294195, 47.53036 ], [ -122.294458, 47.530309 ], [ -122.29485, 47.530224 ], [ -122.295397, 47.530116 ], [ -122.295542, 47.530087 ], [ -122.295864, 47.530023 ], [ -122.295931, 47.530009 ], [ -122.296106, 47.529972 ], [ -122.296187, 47.52996 ], [ -122.297232, 47.532203 ], [ -122.297462, 47.53267 ], [ -122.297634, 47.532985 ], [ -122.29782, 47.533266 ], [ -122.298041, 47.533577 ], [ -122.298292, 47.533883 ], [ -122.298586, 47.534219 ], [ -122.298845, 47.53449 ], [ -122.299241, 47.534851 ], [ -122.302213, 47.537343 ], [ -122.302852, 47.537881 ], [ -122.31092, 47.544685 ], [ -122.310994, 47.544749 ], [ -122.311457, 47.545148 ], [ -122.312479, 47.545997 ], [ -122.31303, 47.546515 ], [ -122.314014, 47.547434 ], [ -122.313818, 47.54753 ], [ -122.3135, 47.547685 ] ] ] } },
{ "type": "Feature", "properties": { "GEOID": "530330110023", "population": 1600, "pop_in_seattle": 1600.0, "area_in_seattle": 295933.08664440166 }, "geometry": { "type": "Polygon", "coordinates": [ [ [ -122.296886, 47.539653 ], [ -122.296878, 47.539971 ], [ -122.296891, 47.541071 ], [ -122.296898, 47.541688 ], [ -122.296879, 47.54265 ], [ -122.295833, 47.542652 ], [ -122.295534, 47.542651 ], [ -122.29476, 47.542647 ], [ -122.293654, 47.542649 ], [ -122.29279, 47.54265 ], [ -122.292158, 47.54265 ], [ -122.292066, 47.542639 ], [ -122.291963, 47.542605 ], [ -122.291912, 47.542581 ], [ -122.291868, 47.542541 ], [ -122.291685, 47.542282 ], [ -122.291439, 47.541919 ], [ -122.291011, 47.541329 ], [ -122.290596, 47.540724 ], [ -122.290572, 47.54069 ], [ -122.290319, 47.540328 ], [ -122.290194, 47.540152 ], [ -122.290151, 47.540062 ], [ -122.290136, 47.54001 ], [ -122.290149, 47.539947 ], [ -122.290201, 47.539815 ], [ -122.290275, 47.539715 ], [ -122.290366, 47.539634 ], [ -122.290572, 47.539538 ], [ -122.290897, 47.539475 ], [ -122.291211, 47.539351 ], [ -122.291337, 47.539246 ], [ -122.291513, 47.538971 ], [ -122.291519, 47.538867 ], [ -122.291422, 47.538865 ], [ -122.289986, 47.538371 ], [ -122.289963, 47.537043 ], [ -122.289959, 47.535453 ], [ -122.28997, 47.535389 ], [ -122.289996, 47.535316 ], [ -122.290073, 47.535259 ], [ -122.290194, 47.535219 ], [ -122.290486, 47.53522 ], [ -122.290922, 47.53522 ], [ -122.291206, 47.535419 ], [ -122.291625, 47.535699 ], [ -122.293221, 47.536762 ], [ -122.29444, 47.537574 ], [ -122.294586, 47.537671 ], [ -122.295068, 47.537992 ], [ -122.295847, 47.538511 ], [ -122.296526, 47.538963 ], [ -122.297194, 47.539408 ], [ -122.29698, 47.539558 ], [ -122.296886, 47.539653 ] ] ] } },
{ "type": "Feature", "properties": { "GEOID": "530330111011", "population": 1880, "pop_in_seattle": 1879.9999999999991, "area_in_seattle": 287060.28655625007 }, "geometry": { "type": "Polygon", "coordinates": [ [ [ -122.280807, 47.540661 ], [ -122.278087, 47.54067 ], [ -122.278098, 47.541559 ], [ -122.27811, 47.542449 ], [ -122.27647, 47.542457 ], [ -122.275376, 47.542463 ], [ -122.273462, 47.542471 ], [ -122.27281, 47.542474 ], [ -122.272377, 47.541856 ], [ -122.271562, 47.540692 ], [ -122.270945, 47.539802 ], [ -122.271072, 47.539801 ], [ -122.271661, 47.539797 ], [ -122.272643, 47.539797 ], [ -122.272642, 47.538901 ], [ -122.272639, 47.538298 ], [ -122.275349, 47.538293 ], [ -122.275353, 47.538896 ], [ -122.276708, 47.538894 ], [ -122.278064, 47.538891 ], [ -122.279425, 47.538889 ], [ -122.279387, 47.537051 ], [ -122.280737, 47.537047 ], [ -122.28094, 47.537047 ], [ -122.281836, 47.538885 ], [ -122.282828, 47.540674 ], [ -122.282604, 47.540673 ], [ -122.280807, 47.540661 ] ] ] } },
{ "type": "Feature", "properties": { "GEOID": "530330111012", "population": 814, "pop_in_seattle": 813.99999999999977, "area_in_seattle": 145491.60875023919 }, "geometry": { "type": "Polygon", "coordinates": [ [ [ -122.279387, 47.537051 ], [ -122.279425, 47.538889 ], [ -122.278064, 47.538891 ], [ -122.276708, 47.538894 ], [ -122.275353, 47.538896 ], [ -122.275349, 47.538293 ], [ -122.275345, 47.537627 ], [ -122.275341, 47.537006 ], [ -122.275335, 47.535913 ], [ -122.275332, 47.535215 ], [ -122.27651, 47.535183 ], [ -122.276702, 47.535177 ], [ -122.276903, 47.535172 ], [ -122.277274, 47.535173 ], [ -122.277515, 47.535179 ], [ -122.277639, 47.5352 ], [ -122.277745, 47.535218 ], [ -122.279357, 47.535212 ], [ -122.280327, 47.535209 ], [ -122.280344, 47.535256 ], [ -122.28064, 47.535402 ], [ -122.280656, 47.536131 ], [ -122.28094, 47.537047 ], [ -122.280737, 47.537047 ], [ -122.279387, 47.537051 ] ] ] } },
{ "type": "Feature", "properties": { "GEOID": "530330111013", "population": 1524, "pop_in_seattle": 1523.9999999999991, "area_in_seattle": 316732.52645100438 }, "geometry": { "type": "Polygon", "coordinates": [ [ [ -122.279357, 47.535212 ], [ -122.277745, 47.535218 ], [ -122.277639, 47.5352 ], [ -122.277515, 47.535179 ], [ -122.277274, 47.535173 ], [ -122.276903, 47.535172 ], [ -122.276702, 47.535177 ], [ -122.27651, 47.535183 ], [ -122.275332, 47.535215 ], [ -122.275335, 47.535913 ], [ -122.275341, 47.537006 ], [ -122.275345, 47.537627 ], [ -122.275349, 47.538293 ], [ -122.272639, 47.538298 ], [ -122.272642, 47.538901 ], [ -122.272643, 47.539797 ], [ -122.271661, 47.539797 ], [ -122.271072, 47.539801 ], [ -122.270945, 47.539802 ], [ -122.270726, 47.538892 ], [ -122.270591, 47.538311 ], [ -122.270435, 47.537641 ], [ -122.270276, 47.536956 ], [ -122.272643, 47.536948 ], [ -122.272644, 47.535921 ], [ -122.272645, 47.534707 ], [ -122.272646, 47.53366 ], [ -122.272651, 47.532624 ], [ -122.272665, 47.531643 ], [ -122.272717, 47.531563 ], [ -122.273247, 47.531562 ], [ -122.274477, 47.531558 ], [ -122.275312, 47.531555 ], [ -122.275877, 47.531552 ], [ -122.276195, 47.531551 ], [ -122.276822, 47.531548 ], [ -122.27692, 47.531547 ], [ -122.278305, 47.531541 ], [ -122.278491, 47.532184 ], [ -122.278586, 47.532508 ], [ -122.278738, 47.533046 ], [ -122.27882, 47.533255 ], [ -122.278911, 47.533376 ], [ -122.279006, 47.533468 ], [ -122.279264, 47.533693 ], [ -122.279532, 47.533963 ], [ -122.279714, 47.534174 ], [ -122.280022, 47.534614 ], [ -122.280327, 47.535209 ], [ -122.279357, 47.535212 ] ] ] } },
{ "type": "Feature", "properties": { "GEOID": "530330111022", "population": 1207, "pop_in_seattle": 1207.0, "area_in_seattle": 285220.9095057837 }, "geometry": { "type": "Polygon", "coordinates": [ [ [ -122.27542, 47.546029 ], [ -122.274811, 47.546032 ], [ -122.273717, 47.546042 ], [ -122.272898, 47.546048 ], [ -122.272645, 47.54605 ], [ -122.271532, 47.546058 ], [ -122.269887, 47.546071 ], [ -122.268576, 47.546067 ], [ -122.267134, 47.546063 ], [ -122.267147, 47.544272 ], [ -122.267159, 47.542479 ], [ -122.267163, 47.541583 ], [ -122.267168, 47.540688 ], [ -122.269922, 47.540698 ], [ -122.271562, 47.540692 ], [ -122.272377, 47.541856 ], [ -122.27281, 47.542474 ], [ -122.273405, 47.543329 ], [ -122.274052, 47.544258 ], [ -122.27451, 47.544901 ], [ -122.275119, 47.545363 ], [ -122.275558, 47.545696 ], [ -122.275991, 47.546025 ], [ -122.27542, 47.546029 ] ] ] } },
{ "type": "Feature", "properties": { "GEOID": "530330112001", "population": 1426, "pop_in_seattle": 1425.9999999999993, "area_in_seattle": 1068458.5010119532 }, "geometry": { "type": "Polygon", "coordinates": [ [ [ -122.334628, 47.538344 ], [ -122.334538, 47.538179 ], [ -122.334367, 47.537828 ], [ -122.334111, 47.537221 ], [ -122.333587, 47.536043 ], [ -122.333336, 47.535574 ], [ -122.333061, 47.535162 ], [ -122.332689, 47.53466 ], [ -122.332646, 47.53461 ], [ -122.332614, 47.534566 ], [ -122.332274, 47.534155 ], [ -122.331577, 47.533436 ], [ -122.330764, 47.532615 ], [ -122.330171, 47.532005 ], [ -122.329792, 47.531616 ], [ -122.329143, 47.530971 ], [ -122.328205, 47.530038 ], [ -122.328074, 47.529908 ], [ -122.327212, 47.52903 ], [ -122.325595, 47.527413 ], [ -122.325502, 47.52732 ], [ -122.324648, 47.526466 ], [ -122.32438, 47.526188 ], [ -122.323823, 47.525636 ], [ -122.322075, 47.523905 ], [ -122.321957, 47.523788 ], [ -122.321294, 47.523131 ], [ -122.321235, 47.523073 ], [ -122.320837, 47.522678 ], [ -122.320582, 47.522441 ], [ -122.320304, 47.522197 ], [ -122.320278, 47.522174 ], [ -122.32009, 47.522016 ], [ -122.319984, 47.521926 ], [ -122.319921, 47.521873 ], [ -122.319331, 47.521399 ], [ -122.318345, 47.520669 ], [ -122.317942, 47.520373 ], [ -122.31771, 47.520203 ], [ -122.317693, 47.520191 ], [ -122.317578, 47.520107 ], [ -122.317571, 47.51995 ], [ -122.317567, 47.519832 ], [ -122.317544, 47.519205 ], [ -122.31753, 47.518832 ], [ -122.317526, 47.518725 ], [ -122.318131, 47.518727 ], [ -122.318413, 47.518724 ], [ -122.318601, 47.518722 ], [ -122.320136, 47.518714 ], [ -122.320343, 47.518714 ], [ -122.321292, 47.518716 ], [ -122.321607, 47.518714 ], [ -122.323154, 47.518686 ], [ -122.32323, 47.518684 ], [ -122.323438, 47.518685 ], [ -122.323858, 47.518686 ], [ -122.324073, 47.518686 ], [ -122.324135, 47.518686 ], [ -122.32451, 47.518687 ], [ -122.3251, 47.518674 ], [ -122.325879, 47.518691 ], [ -122.325881, 47.520232 ], [ -122.325876, 47.52092 ], [ -122.327899, 47.520921 ], [ -122.329592, 47.520913 ], [ -122.330073, 47.520906 ], [ -122.330599, 47.520902 ], [ -122.330779, 47.520901 ], [ -122.330906, 47.520902 ], [ -122.331021, 47.520917 ], [ -122.3315, 47.520955 ], [ -122.331711, 47.521284 ], [ -122.33232, 47.522229 ], [ -122.332586, 47.522776 ], [ -122.332765, 47.523144 ], [ -122.332901, 47.523489 ], [ -122.333026, 47.523888 ], [ -122.333242, 47.524554 ], [ -122.333384, 47.52532 ], [ -122.333572, 47.526739 ], [ -122.333628, 47.52706 ], [ -122.333706, 47.527393 ], [ -122.333997, 47.528431 ], [ -122.334308, 47.529357 ], [ -122.334387, 47.529677 ], [ -122.334457, 47.530074 ], [ -122.334483, 47.530286 ], [ -122.334503, 47.53059 ], [ -122.334505, 47.530985 ], [ -122.334503, 47.531364 ], [ -122.334512, 47.531672 ], [ -122.334508, 47.532035 ], [ -122.334506, 47.532365 ], [ -122.334517, 47.533015 ], [ -122.334495, 47.533939 ], [ -122.334514, 47.534457 ], [ -122.33454, 47.534789 ], [ -122.334585, 47.535641 ], [ -122.334603, 47.535899 ], [ -122.334651, 47.53655 ], [ -122.334725, 47.537864 ], [ -122.334766, 47.538552 ], [ -122.334628, 47.538344 ] ] ] } },
{ "type": "Feature", "properties": { "GEOID": "530330112002", "population": 1252, "pop_in_seattle": 1216.3317438538909, "area_in_seattle": 1043409.5628948712 }, "geometry": { "type": "Polygon", "coordinates": [ [ [ -122.335144, 47.540591 ], [ -122.335132, 47.540691 ], [ -122.335115, 47.540833 ], [ -122.335063, 47.541135 ], [ -122.335012, 47.541341 ], [ -122.334942, 47.541596 ], [ -122.334677, 47.542405 ], [ -122.334272, 47.542118 ], [ -122.334163, 47.542041 ], [ -122.329005, 47.538385 ], [ -122.328388, 47.537992 ], [ -122.327184, 47.537225 ], [ -122.320072, 47.532694 ], [ -122.319258, 47.532227 ], [ -122.318455, 47.531767 ], [ -122.318465, 47.531114 ], [ -122.318467, 47.530914 ], [ -122.318468, 47.530844 ], [ -122.318473, 47.53057 ], [ -122.318474, 47.53047 ], [ -122.318487, 47.529778 ], [ -122.318488, 47.529693 ], [ -122.318493, 47.529439 ], [ -122.318244, 47.529438 ], [ -122.317576, 47.529436 ], [ -122.317575, 47.529413 ], [ -122.317568, 47.529169 ], [ -122.317575, 47.529026 ], [ -122.31759, 47.528825 ], [ -122.317599, 47.528549 ], [ -122.317554, 47.52821 ], [ -122.317483, 47.528171 ], [ -122.31509, 47.527429 ], [ -122.314991, 47.527397 ], [ -122.314898, 47.527369 ], [ -122.314908, 47.526737 ], [ -122.314913, 47.526439 ], [ -122.317584, 47.526447 ], [ -122.320243, 47.526455 ], [ -122.322918, 47.526464 ], [ -122.323876, 47.526467 ], [ -122.324295, 47.526469 ], [ -122.324648, 47.526466 ], [ -122.325502, 47.52732 ], [ -122.325595, 47.527413 ], [ -122.327212, 47.52903 ], [ -122.328074, 47.529908 ], [ -122.328205, 47.530038 ], [ -122.329143, 47.530971 ], [ -122.329792, 47.531616 ], [ -122.330171, 47.532005 ], [ -122.330764, 47.532615 ], [ -122.331577, 47.533436 ], [ -122.332274, 47.534155 ], [ -122.332614, 47.534566 ], [ -122.332646, 47.53461 ], [ -122.332689, 47.53466 ], [ -122.333061, 47.535162 ], [ -122.333336, 47.535574 ], [ -122.333587, 47.536043 ], [ -122.334111, 47.537221 ], [ -122.334367, 47.537828 ], [ -122.334538, 47.538179 ], [ -122.334628, 47.538344 ], [ -122.334766, 47.538552 ], [ -122.334863, 47.538667 ], [ -122.335003, 47.538812 ], [ -122.335052, 47.538854 ], [ -122.335081, 47.539185 ], [ -122.335151, 47.540002 ], [ -122.335158, 47.540374 ], [ -122.335144, 47.540591 ] ] ] } },
{ "type": "Feature", "properties": { "GEOID": "530330112003", "population": 1058, "pop_in_seattle": 1057.9999999999998, "area_in_seattle": 479023.95107030595 }, "geometry": { "type": "Polygon", "coordinates": [ [ [ -122.324295, 47.526469 ], [ -122.323876, 47.526467 ], [ -122.322918, 47.526464 ], [ -122.320243, 47.526455 ], [ -122.317584, 47.526447 ], [ -122.314913, 47.526439 ], [ -122.314908, 47.526737 ], [ -122.314898, 47.527369 ], [ -122.312833, 47.526819 ], [ -122.312645, 47.526777 ], [ -122.311887, 47.526583 ], [ -122.311836, 47.526557 ], [ -122.311724, 47.526485 ], [ -122.311609, 47.526363 ], [ -122.311428, 47.526182 ], [ -122.311084, 47.525758 ], [ -122.310315, 47.525051 ], [ -122.310148, 47.524907 ], [ -122.309972, 47.524754 ], [ -122.309856, 47.524584 ], [ -122.309703, 47.524299 ], [ -122.309637, 47.52412 ], [ -122.309595, 47.524004 ], [ -122.309533, 47.523704 ], [ -122.309521, 47.523466 ], [ -122.309518, 47.5234 ], [ -122.309549, 47.523097 ], [ -122.309619, 47.522756 ], [ -122.309667, 47.522187 ], [ -122.309671, 47.522145 ], [ -122.309758, 47.522145 ], [ -122.310126, 47.522145 ], [ -122.310995, 47.522146 ], [ -122.313361, 47.522133 ], [ -122.313516, 47.522154 ], [ -122.313666, 47.522183 ], [ -122.314266, 47.522183 ], [ -122.314889, 47.522191 ], [ -122.314984, 47.522197 ], [ -122.315112, 47.52221 ], [ -122.31586, 47.522206 ], [ -122.316023, 47.522218 ], [ -122.317656, 47.522222 ], [ -122.317641, 47.521828 ], [ -122.317611, 47.521011 ], [ -122.317593, 47.520549 ], [ -122.317588, 47.520393 ], [ -122.317578, 47.520107 ], [ -122.317693, 47.520191 ], [ -122.31771, 47.520203 ], [ -122.317942, 47.520373 ], [ -122.318345, 47.520669 ], [ -122.319331, 47.521399 ], [ -122.319921, 47.521873 ], [ -122.319984, 47.521926 ], [ -122.32009, 47.522016 ], [ -122.320278, 47.522174 ], [ -122.320304, 47.522197 ], [ -122.320582, 47.522441 ], [ -122.320837, 47.522678 ], [ -122.321235, 47.523073 ], [ -122.321294, 47.523131 ], [ -122.321957, 47.523788 ], [ -122.322075, 47.523905 ], [ -122.323823, 47.525636 ], [ -122.32438, 47.526188 ], [ -122.324648, 47.526466 ], [ -122.324295, 47.526469 ] ] ] } },
{ "type": "Feature", "properties": { "GEOID": "530330113001", "population": 2107, "pop_in_seattle": 2106.9999999999986, "area_in_seattle": 2113686.701229916 }, "geometry": { "type": "Polygon", "coordinates": [ [ [ -122.347092, 47.536393 ], [ -122.346398, 47.538765 ], [ -122.346247, 47.539013 ], [ -122.346142, 47.539187 ], [ -122.345823, 47.539482 ], [ -122.34525, 47.539727 ], [ -122.343735, 47.540183 ], [ -122.343202, 47.54027 ], [ -122.342183, 47.540351 ], [ -122.34146, 47.540409 ], [ -122.341031, 47.540425 ], [ -122.340931, 47.540416 ], [ -122.340798, 47.540405 ], [ -122.340435, 47.540364 ], [ -122.33918, 47.540135 ], [ -122.337091, 47.539772 ], [ -122.336117, 47.53949 ], [ -122.335924, 47.539407 ], [ -122.335702, 47.539306 ], [ -122.335472, 47.539175 ], [ -122.335226, 47.539004 ], [ -122.335052, 47.538854 ], [ -122.335003, 47.538812 ], [ -122.334863, 47.538667 ], [ -122.334766, 47.538552 ], [ -122.334725, 47.537864 ], [ -122.334651, 47.53655 ], [ -122.334603, 47.535899 ], [ -122.334585, 47.535641 ], [ -122.33454, 47.534789 ], [ -122.334514, 47.534457 ], [ -122.334495, 47.533939 ], [ -122.334517, 47.533015 ], [ -122.334506, 47.532365 ], [ -122.334508, 47.532035 ], [ -122.334512, 47.531672 ], [ -122.334503, 47.531364 ], [ -122.334505, 47.530985 ], [ -122.334503, 47.53059 ], [ -122.334483, 47.530286 ], [ -122.334457, 47.530074 ], [ -122.334387, 47.529677 ], [ -122.334308, 47.529357 ], [ -122.333997, 47.528431 ], [ -122.333706, 47.527393 ], [ -122.333628, 47.52706 ], [ -122.333572, 47.526739 ], [ -122.333384, 47.52532 ], [ -122.333242, 47.524554 ], [ -122.333026, 47.523888 ], [ -122.332901, 47.523489 ], [ -122.332765, 47.523144 ], [ -122.332586, 47.522776 ], [ -122.33232, 47.522229 ], [ -122.331711, 47.521284 ], [ -122.3315, 47.520955 ], [ -122.331904, 47.520926 ], [ -122.33436, 47.520818 ], [ -122.333866, 47.519824 ], [ -122.334222, 47.519749 ], [ -122.334391, 47.519705 ], [ -122.334592, 47.519681 ], [ -122.334762, 47.519679 ], [ -122.334991, 47.51973 ], [ -122.33568, 47.520029 ], [ -122.336194, 47.520252 ], [ -122.335837, 47.520631 ], [ -122.335789, 47.520727 ], [ -122.335795, 47.520829 ], [ -122.335796, 47.520853 ], [ -122.335836, 47.520926 ], [ -122.335905, 47.520992 ], [ -122.336303, 47.521242 ], [ -122.338364, 47.519724 ], [ -122.33895, 47.519284 ], [ -122.339045, 47.51919 ], [ -122.339139, 47.519061 ], [ -122.339442, 47.518546 ], [ -122.340158, 47.518532 ], [ -122.34016, 47.519093 ], [ -122.341597, 47.519104 ], [ -122.342562, 47.519112 ], [ -122.342888, 47.519114 ], [ -122.344161, 47.519124 ], [ -122.345435, 47.519134 ], [ -122.345443, 47.520812 ], [ -122.345444, 47.520967 ], [ -122.345444, 47.521265 ], [ -122.345447, 47.521451 ], [ -122.345483, 47.521969 ], [ -122.34547, 47.522794 ], [ -122.345491, 47.522821 ], [ -122.345593, 47.522845 ], [ -122.345917, 47.522846 ], [ -122.346123, 47.522821 ], [ -122.346507, 47.5228 ], [ -122.346729, 47.522808 ], [ -122.346738, 47.524642 ], [ -122.346083, 47.52463 ], [ -122.345588, 47.524621 ], [ -122.345498, 47.524643 ], [ -122.345464, 47.524667 ], [ -122.345445, 47.524703 ], [ -122.345446, 47.525885 ], [ -122.345475, 47.526459 ], [ -122.345485, 47.528288 ], [ -122.346757, 47.528297 ], [ -122.346769, 47.530126 ], [ -122.346781, 47.531934 ], [ -122.346825, 47.532689 ], [ -122.346872, 47.532922 ], [ -122.34696, 47.533303 ], [ -122.347061, 47.533739 ], [ -122.347072, 47.534076 ], [ -122.347093, 47.534394 ], [ -122.347164, 47.534782 ], [ -122.347162, 47.534821 ], [ -122.347092, 47.536393 ] ] ] } },
{ "type": "Feature", "properties": { "GEOID": "530330059013", "population": 1219, "pop_in_seattle": 1219.0, "area_in_seattle": 184082.77284268252 }, "geometry": { "type": "Polygon", "coordinates": [ [ [ -122.370142, 47.652252 ], [ -122.369265, 47.652255 ], [ -122.368863, 47.652019 ], [ -122.368204, 47.651636 ], [ -122.368088, 47.6516 ], [ -122.367788, 47.651955 ], [ -122.367473, 47.652327 ], [ -122.367201, 47.652648 ], [ -122.366896, 47.653067 ], [ -122.366785, 47.65323 ], [ -122.36675, 47.653216 ], [ -122.366346, 47.653071 ], [ -122.365881, 47.652934 ], [ -122.364008, 47.65249 ], [ -122.361965, 47.652009 ], [ -122.361025, 47.651787 ], [ -122.360852, 47.651783 ], [ -122.360846, 47.65172 ], [ -122.36086, 47.651676 ], [ -122.360874, 47.651565 ], [ -122.360879, 47.650827 ], [ -122.360881, 47.650416 ], [ -122.362965, 47.650405 ], [ -122.363538, 47.650473 ], [ -122.36484, 47.650461 ], [ -122.364842, 47.650226 ], [ -122.364836, 47.649931 ], [ -122.365547, 47.649854 ], [ -122.366252, 47.649777 ], [ -122.366794, 47.649717 ], [ -122.366988, 47.649672 ], [ -122.367209, 47.649563 ], [ -122.367529, 47.649302 ], [ -122.3676, 47.649422 ], [ -122.367616, 47.649549 ], [ -122.367523, 47.649874 ], [ -122.367477, 47.650139 ], [ -122.367464, 47.650454 ], [ -122.368713, 47.650447 ], [ -122.368863, 47.650467 ], [ -122.369986, 47.650468 ], [ -122.37015, 47.650484 ], [ -122.371528, 47.650481 ], [ -122.371543, 47.652174 ], [ -122.371549, 47.652248 ], [ -122.370142, 47.652252 ] ] ] } },
{ "type": "Feature", "properties": { "GEOID": "530330059011", "population": 1295, "pop_in_seattle": 1295.0000000000009, "area_in_seattle": 575479.21890687523 }, "geometry": { "type": "Polygon", "coordinates": [ [ [ -122.376225, 47.655415 ], [ -122.376225, 47.657525 ], [ -122.376224, 47.657874 ], [ -122.376224, 47.659353 ], [ -122.376027, 47.659319 ], [ -122.371713, 47.657878 ], [ -122.370501, 47.657474 ], [ -122.367339, 47.65642 ], [ -122.366107, 47.655788 ], [ -122.362437, 47.653907 ], [ -122.360818, 47.653065 ], [ -122.360539, 47.65292 ], [ -122.360539, 47.65242 ], [ -122.360874, 47.651931 ], [ -122.360852, 47.651783 ], [ -122.361025, 47.651787 ], [ -122.361965, 47.652009 ], [ -122.364008, 47.65249 ], [ -122.365881, 47.652934 ], [ -122.366346, 47.653071 ], [ -122.36675, 47.653216 ], [ -122.366785, 47.65323 ], [ -122.366896, 47.653067 ], [ -122.367201, 47.652648 ], [ -122.367473, 47.652327 ], [ -122.367788, 47.651955 ], [ -122.368088, 47.6516 ], [ -122.368204, 47.651636 ], [ -122.368863, 47.652019 ], [ -122.369265, 47.652255 ], [ -122.370142, 47.652252 ], [ -122.371549, 47.652248 ], [ -122.371543, 47.652174 ], [ -122.371528, 47.650481 ], [ -122.371528, 47.650389 ], [ -122.372282, 47.650384 ], [ -122.372312, 47.650354 ], [ -122.373588, 47.650344 ], [ -122.374895, 47.650342 ], [ -122.374901, 47.652168 ], [ -122.37491, 47.654002 ], [ -122.374918, 47.655163 ], [ -122.375317, 47.654959 ], [ -122.375443, 47.654871 ], [ -122.375513, 47.654794 ], [ -122.375607, 47.654643 ], [ -122.375626, 47.654575 ], [ -122.375637, 47.654306 ], [ -122.375748, 47.654174 ], [ -122.375798, 47.654144 ], [ -122.375867, 47.65413 ], [ -122.37593, 47.654134 ], [ -122.375985, 47.654176 ], [ -122.376072, 47.654276 ], [ -122.37622, 47.654875 ], [ -122.376225, 47.655253 ], [ -122.376225, 47.655329 ], [ -122.376225, 47.655415 ] ] ] } },
{ "type": "Feature", "properties": { "GEOID": "530330105011", "population": 1869, "pop_in_seattle": 1869.0, "area_in_seattle": 182649.84165927939 }, "geometry": { "type": "Polygon", "coordinates": [ [ [ -122.384129, 47.557475 ], [ -122.384157, 47.557557 ], [ -122.384116, 47.559312 ], [ -122.384093, 47.560965 ], [ -122.384112, 47.561076 ], [ -122.382818, 47.56106 ], [ -122.381775, 47.561066 ], [ -122.381657, 47.561087 ], [ -122.381532, 47.561118 ], [ -122.381311, 47.561083 ], [ -122.380065, 47.56108 ], [ -122.380006, 47.56096 ], [ -122.379992, 47.560881 ], [ -122.380026, 47.559275 ], [ -122.380026, 47.559247 ], [ -122.380026, 47.559231 ], [ -122.380027, 47.559193 ], [ -122.380046, 47.557712 ], [ -122.380173, 47.557532 ], [ -122.380204, 47.557451 ], [ -122.380238, 47.557368 ], [ -122.380266, 47.555635 ], [ -122.380783, 47.555636 ], [ -122.380928, 47.555636 ], [ -122.381129, 47.555637 ], [ -122.381423, 47.555638 ], [ -122.381528, 47.555628 ], [ -122.382876, 47.555646 ], [ -122.384176, 47.555664 ], [ -122.384095, 47.557374 ], [ -122.384129, 47.557475 ] ] ] } },
{ "type": "Feature", "properties": { "GEOID": "530330059021", "population": 1415, "pop_in_seattle": 1415.0000000000002, "area_in_seattle": 265178.25470435753 }, "geometry": { "type": "Polygon", "coordinates": [ [ [ -122.374778, 47.641224 ], [ -122.374782, 47.642941 ], [ -122.374783, 47.642985 ], [ -122.374794, 47.64477 ], [ -122.374795, 47.646502 ], [ -122.374879, 47.646598 ], [ -122.374888, 47.64847 ], [ -122.374895, 47.650342 ], [ -122.373588, 47.650344 ], [ -122.372312, 47.650354 ], [ -122.372282, 47.650384 ], [ -122.371528, 47.650389 ], [ -122.371533, 47.650075 ], [ -122.371557, 47.649742 ], [ -122.371552, 47.648478 ], [ -122.371525, 47.648373 ], [ -122.371529, 47.646842 ], [ -122.371534, 47.645851 ], [ -122.371549, 47.645027 ], [ -122.371545, 47.644326 ], [ -122.371542, 47.643628 ], [ -122.37154, 47.64319 ], [ -122.37154, 47.643017 ], [ -122.371539, 47.64295 ], [ -122.371536, 47.642 ], [ -122.371583, 47.64198 ], [ -122.371579, 47.640689 ], [ -122.372531, 47.640682 ], [ -122.372582, 47.640683 ], [ -122.372635, 47.640683 ], [ -122.372936, 47.640685 ], [ -122.373641, 47.640682 ], [ -122.374013, 47.640681 ], [ -122.374366, 47.640685 ], [ -122.374615, 47.640679 ], [ -122.375017, 47.641159 ], [ -122.374909, 47.64123 ], [ -122.374778, 47.641224 ] ] ] } },
{ "type": "Feature", "properties": { "GEOID": "530330067033", "population": 1206, "pop_in_seattle": 1206.0000000000005, "area_in_seattle": 154602.34584453423 }, "geometry": { "type": "Polygon", "coordinates": [ [ [ -122.351319, 47.632308 ], [ -122.350791, 47.632307 ], [ -122.350782, 47.633157 ], [ -122.349565, 47.633155 ], [ -122.348393, 47.633153 ], [ -122.348428, 47.632928 ], [ -122.348444, 47.632303 ], [ -122.34757, 47.632299 ], [ -122.347574, 47.631908 ], [ -122.347575, 47.631652 ], [ -122.347646, 47.631411 ], [ -122.347392, 47.631411 ], [ -122.346269, 47.631408 ], [ -122.344952, 47.631407 ], [ -122.344313, 47.631408 ], [ -122.34358, 47.631411 ], [ -122.343423, 47.631418 ], [ -122.343433, 47.63059 ], [ -122.343443, 47.629723 ], [ -122.343601, 47.629733 ], [ -122.344939, 47.629746 ], [ -122.346225, 47.629756 ], [ -122.346447, 47.62973 ], [ -122.347295, 47.629721 ], [ -122.347531, 47.629739 ], [ -122.348837, 47.629744 ], [ -122.350142, 47.629749 ], [ -122.351222, 47.629749 ], [ -122.351336, 47.629752 ], [ -122.351327, 47.631417 ], [ -122.351319, 47.632308 ] ] ] } },
{ "type": "Feature", "properties": { "GEOID": "530330054012", "population": 1339, "pop_in_seattle": 1339.0, "area_in_seattle": 647030.0339471742 }, "geometry": { "type": "Polygon", "coordinates": [ [ [ -122.336664, 47.64484 ], [ -122.336358, 47.645132 ], [ -122.336198, 47.645281 ], [ -122.336386, 47.645799 ], [ -122.336364, 47.646834 ], [ -122.336367, 47.646917 ], [ -122.336363, 47.647091 ], [ -122.336361, 47.647315 ], [ -122.336352, 47.648043 ], [ -122.33634, 47.649194 ], [ -122.336325, 47.6505 ], [ -122.336309, 47.651977 ], [ -122.335114, 47.651972 ], [ -122.33387, 47.651965 ], [ -122.332679, 47.651958 ], [ -122.331487, 47.651951 ], [ -122.330292, 47.651944 ], [ -122.32973, 47.651936 ], [ -122.329267, 47.6523 ], [ -122.329085, 47.652452 ], [ -122.32851, 47.653039 ], [ -122.327904, 47.65365 ], [ -122.327495, 47.654019 ], [ -122.327163, 47.654246 ], [ -122.326835, 47.65444 ], [ -122.326828, 47.654332 ], [ -122.326844, 47.654208 ], [ -122.32685, 47.653615 ], [ -122.326856, 47.652979 ], [ -122.32697, 47.649902 ], [ -122.327661, 47.649237 ], [ -122.329765, 47.647209 ], [ -122.331389, 47.645645 ], [ -122.332621, 47.644458 ], [ -122.337538, 47.63972 ], [ -122.338338, 47.63952 ], [ -122.338394, 47.639566 ], [ -122.340429, 47.641248 ], [ -122.336664, 47.64484 ] ] ] } },
{ "type": "Feature", "properties": { "GEOID": "530330041012", "population": 1362, "pop_in_seattle": 1362.0, "area_in_seattle": 1738278.2231822917 }, "geometry": { "type": "Polygon", "coordinates": [ [ [ -122.2866, 47.654983 ], [ -122.286584, 47.655201 ], [ -122.286519, 47.656053 ], [ -122.286456, 47.656887 ], [ -122.286263, 47.656571 ], [ -122.286031, 47.656279 ], [ -122.285864, 47.656124 ], [ -122.285647, 47.655984 ], [ -122.285399, 47.655875 ], [ -122.285134, 47.6558 ], [ -122.28485, 47.655757 ], [ -122.283958, 47.655748 ], [ -122.282749, 47.655748 ], [ -122.282761, 47.65609 ], [ -122.281397, 47.655765 ], [ -122.281302, 47.65587 ], [ -122.281297, 47.658413 ], [ -122.280116, 47.658412 ], [ -122.279385, 47.658411 ], [ -122.276686, 47.658407 ], [ -122.276689, 47.657667 ], [ -122.275654, 47.657664 ], [ -122.274661, 47.657662 ], [ -122.273991, 47.657661 ], [ -122.273993, 47.658387 ], [ -122.273677, 47.658377 ], [ -122.273433, 47.658294 ], [ -122.273196, 47.658191 ], [ -122.273248, 47.658137 ], [ -122.273234, 47.658067 ], [ -122.272569, 47.657079 ], [ -122.272492, 47.656955 ], [ -122.272457, 47.656837 ], [ -122.272455, 47.656228 ], [ -122.272382, 47.656164 ], [ -122.272024, 47.655849 ], [ -122.271945, 47.65578 ], [ -122.271771, 47.655896 ], [ -122.270754, 47.655105 ], [ -122.256908, 47.647229 ], [ -122.259841, 47.647176 ], [ -122.271139, 47.64733 ], [ -122.275585, 47.64739 ], [ -122.275836, 47.647394 ], [ -122.27702, 47.64741 ], [ -122.285036, 47.64752 ], [ -122.286736, 47.64752 ], [ -122.286636, 47.65452 ], [ -122.2866, 47.654983 ] ] ] } },
{ "type": "Feature", "properties": { "GEOID": "530330043023", "population": 1463, "pop_in_seattle": 1463.0, "area_in_seattle": 102133.90022184947 }, "geometry": { "type": "Polygon", "coordinates": [ [ [ -122.306507, 47.664923 ], [ -122.306499, 47.666416 ], [ -122.306489, 47.668004 ], [ -122.30548, 47.667995 ], [ -122.304703, 47.667987 ], [ -122.304444, 47.667985 ], [ -122.304015, 47.667983 ], [ -122.303767, 47.66797 ], [ -122.303391, 47.668024 ], [ -122.303407, 47.667129 ], [ -122.303415, 47.666432 ], [ -122.304377, 47.666436 ], [ -122.304413, 47.666236 ], [ -122.304517, 47.665919 ], [ -122.30454, 47.665775 ], [ -122.304431, 47.6649 ], [ -122.304368, 47.664561 ], [ -122.30405, 47.663807 ], [ -122.304, 47.663649 ], [ -122.303973, 47.663398 ], [ -122.304006, 47.663069 ], [ -122.304469, 47.66307 ], [ -122.305464, 47.663073 ], [ -122.306448, 47.663058 ], [ -122.306519, 47.663053 ], [ -122.306508, 47.664852 ], [ -122.306507, 47.664923 ] ] ] } },
{ "type": "Feature", "properties": { "GEOID": "530330080043", "population": 1147, "pop_in_seattle": 1147.0000000000002, "area_in_seattle": 722408.08836613712 }, "geometry": { "type": "Polygon", "coordinates": [ [ [ -122.36051, 47.618575 ], [ -122.359864, 47.618585 ], [ -122.359537, 47.618585 ], [ -122.35944, 47.618585 ], [ -122.359324, 47.618585 ], [ -122.358479, 47.618615 ], [ -122.357363, 47.618608 ], [ -122.356761, 47.618253 ], [ -122.355994, 47.617801 ], [ -122.354691, 47.617032 ], [ -122.353833, 47.617698 ], [ -122.352508, 47.616917 ], [ -122.353367, 47.616251 ], [ -122.352411, 47.615687 ], [ -122.35327, 47.615023 ], [ -122.353818, 47.614593 ], [ -122.353992, 47.614458 ], [ -122.354026, 47.614432 ], [ -122.353101, 47.613882 ], [ -122.352391, 47.613461 ], [ -122.352175, 47.613333 ], [ -122.351168, 47.612803 ], [ -122.350479, 47.612457 ], [ -122.348837, 47.611483 ], [ -122.346302, 47.609992 ], [ -122.344995, 47.609229 ], [ -122.344834, 47.609133 ], [ -122.344998, 47.609114 ], [ -122.346329, 47.60912 ], [ -122.351255, 47.60901 ], [ -122.351354, 47.609061 ], [ -122.354527, 47.61072 ], [ -122.358229, 47.612657 ], [ -122.359551, 47.613349 ], [ -122.36161, 47.614426 ], [ -122.36229, 47.614782 ], [ -122.369576, 47.618593 ], [ -122.36051, 47.618575 ] ] ] } },
{ "type": "Feature", "properties": { "GEOID": "530330063002", "population": 1502, "pop_in_seattle": 1502.0, "area_in_seattle": 1472833.9707616544 }, "geometry": { "type": "Polygon", "coordinates": [ [ [ -122.297582, 47.641389 ], [ -122.297418, 47.64164 ], [ -122.297407, 47.641657 ], [ -122.297179, 47.64191 ], [ -122.296852, 47.642204 ], [ -122.29656, 47.642416 ], [ -122.296239, 47.64261 ], [ -122.296047, 47.6427 ], [ -122.295764, 47.642808 ], [ -122.295316, 47.642967 ], [ -122.294675, 47.643203 ], [ -122.294373, 47.643352 ], [ -122.294081, 47.643515 ], [ -122.293751, 47.643738 ], [ -122.293294, 47.644097 ], [ -122.292548, 47.644623 ], [ -122.292413, 47.6447 ], [ -122.29226, 47.644761 ], [ -122.292101, 47.644808 ], [ -122.29194, 47.64484 ], [ -122.291661, 47.644866 ], [ -122.289704, 47.644815 ], [ -122.288385, 47.644729 ], [ -122.285391, 47.644533 ], [ -122.285076, 47.644513 ], [ -122.285118, 47.644298 ], [ -122.285125, 47.644266 ], [ -122.284982, 47.643599 ], [ -122.285036, 47.64326 ], [ -122.285191, 47.642829 ], [ -122.285326, 47.642459 ], [ -122.285344, 47.641266 ], [ -122.285359, 47.640778 ], [ -122.285385, 47.637445 ], [ -122.285391, 47.636991 ], [ -122.284717, 47.636987 ], [ -122.284716, 47.635799 ], [ -122.284731, 47.634591 ], [ -122.284688, 47.634591 ], [ -122.284601, 47.634591 ], [ -122.284457, 47.634591 ], [ -122.284042, 47.634589 ], [ -122.284057, 47.633382 ], [ -122.284746, 47.633385 ], [ -122.285297, 47.63339 ], [ -122.285347, 47.633376 ], [ -122.285368, 47.633352 ], [ -122.285366, 47.632691 ], [ -122.285385, 47.632199 ], [ -122.285402, 47.630787 ], [ -122.285465, 47.630745 ], [ -122.286503, 47.63004 ], [ -122.286815, 47.629828 ], [ -122.286828, 47.628574 ], [ -122.286839, 47.627367 ], [ -122.286857, 47.626161 ], [ -122.286875, 47.624982 ], [ -122.286811, 47.624519 ], [ -122.286816, 47.624392 ], [ -122.286744, 47.624228 ], [ -122.286549, 47.623905 ], [ -122.286548, 47.623527 ], [ -122.286521, 47.62347 ], [ -122.28645, 47.623338 ], [ -122.286457, 47.62325 ], [ -122.286505, 47.623198 ], [ -122.286583, 47.62314 ], [ -122.287043, 47.623406 ], [ -122.287691, 47.62378 ], [ -122.287939, 47.623891 ], [ -122.288124, 47.62394 ], [ -122.289435, 47.624216 ], [ -122.289658, 47.624261 ], [ -122.289822, 47.624276 ], [ -122.289987, 47.624273 ], [ -122.290299, 47.624241 ], [ -122.29041, 47.624256 ], [ -122.290511, 47.624289 ], [ -122.290622, 47.624357 ], [ -122.290693, 47.624446 ], [ -122.29074, 47.62475 ], [ -122.290779, 47.624829 ], [ -122.290903, 47.62492 ], [ -122.290957, 47.62494 ], [ -122.291053, 47.62495 ], [ -122.291415, 47.624985 ], [ -122.291613, 47.62503 ], [ -122.291797, 47.625089 ], [ -122.29189, 47.625126 ], [ -122.292026, 47.625194 ], [ -122.292137, 47.625273 ], [ -122.292208, 47.625335 ], [ -122.292273, 47.625411 ], [ -122.292394, 47.625615 ], [ -122.292458, 47.625774 ], [ -122.29247, 47.625852 ], [ -122.2925, 47.625977 ], [ -122.292463, 47.62612 ], [ -122.292466, 47.626199 ], [ -122.292477, 47.626253 ], [ -122.292513, 47.62631 ], [ -122.292576, 47.626383 ], [ -122.292783, 47.626582 ], [ -122.29289, 47.626713 ], [ -122.29295, 47.626839 ], [ -122.292975, 47.627008 ], [ -122.292982, 47.627177 ], [ -122.293019, 47.62736 ], [ -122.29306, 47.627428 ], [ -122.293187, 47.627639 ], [ -122.293259, 47.627727 ], [ -122.293383, 47.627824 ], [ -122.293786, 47.628025 ], [ -122.294003, 47.628109 ], [ -122.294061, 47.628287 ], [ -122.294087, 47.628408 ], [ -122.294082, 47.628513 ], [ -122.294057, 47.628691 ], [ -122.294017, 47.628877 ], [ -122.293994, 47.629125 ], [ -122.293976, 47.629226 ], [ -122.293971, 47.629314 ], [ -122.293995, 47.629441 ], [ -122.294142, 47.629788 ], [ -122.294191, 47.629925 ], [ -122.294225, 47.630069 ], [ -122.294274, 47.630166 ], [ -122.294331, 47.630229 ], [ -122.29452, 47.630404 ], [ -122.294586, 47.630504 ], [ -122.294617, 47.630594 ], [ -122.294625, 47.630862 ], [ -122.294618, 47.631 ], [ -122.294608, 47.631068 ], [ -122.294523, 47.631199 ], [ -122.294406, 47.631305 ], [ -122.294271, 47.631409 ], [ -122.294127, 47.631477 ], [ -122.293966, 47.631528 ], [ -122.293541, 47.631621 ], [ -122.293406, 47.631667 ], [ -122.293322, 47.631705 ], [ -122.293152, 47.63186 ], [ -122.292988, 47.632021 ], [ -122.292956, 47.63212 ], [ -122.292967, 47.632218 ], [ -122.293029, 47.632368 ], [ -122.29305, 47.632417 ], [ -122.293208, 47.632646 ], [ -122.293335, 47.632754 ], [ -122.293701, 47.632867 ], [ -122.293983, 47.633064 ], [ -122.29414, 47.633259 ], [ -122.294413, 47.633519 ], [ -122.294557, 47.633643 ], [ -122.294664, 47.633775 ], [ -122.295053, 47.634343 ], [ -122.295103, 47.634449 ], [ -122.295113, 47.634587 ], [ -122.295011, 47.634866 ], [ -122.294909, 47.635267 ], [ -122.294877, 47.635361 ], [ -122.294829, 47.635455 ], [ -122.294468, 47.636041 ], [ -122.294408, 47.636165 ], [ -122.29438, 47.636295 ], [ -122.294391, 47.636419 ], [ -122.29442, 47.636592 ], [ -122.294565, 47.636977 ], [ -122.29459, 47.637073 ], [ -122.294599, 47.637181 ], [ -122.294582, 47.63727 ], [ -122.294059, 47.638094 ], [ -122.294005, 47.638195 ], [ -122.294025, 47.638267 ], [ -122.294112, 47.638339 ], [ -122.294289, 47.638472 ], [ -122.294482, 47.638633 ], [ -122.294636, 47.638794 ], [ -122.294744, 47.638924 ], [ -122.294782, 47.639065 ], [ -122.294737, 47.639543 ], [ -122.294712, 47.639955 ], [ -122.294684, 47.64006 ], [ -122.294648, 47.640147 ], [ -122.294554, 47.640297 ], [ -122.294313, 47.640733 ], [ -122.294445, 47.640908 ], [ -122.294538, 47.640987 ], [ -122.29464, 47.641046 ], [ -122.294932, 47.64117 ], [ -122.295101, 47.641215 ], [ -122.295219, 47.641224 ], [ -122.295247, 47.641227 ], [ -122.295477, 47.641197 ], [ -122.295687, 47.641142 ], [ -122.296135, 47.640942 ], [ -122.296435, 47.64067 ], [ -122.296558, 47.640468 ], [ -122.296772, 47.640334 ], [ -122.29684, 47.640418 ], [ -122.29698, 47.640504 ], [ -122.297197, 47.6406 ], [ -122.297475, 47.640793 ], [ -122.297737, 47.64104 ], [ -122.297667, 47.641214 ], [ -122.297582, 47.641389 ] ] ] } },
{ "type": "Feature", "properties": { "GEOID": "530330101021", "population": 1441, "pop_in_seattle": 1441.0000000000002, "area_in_seattle": 3082078.8223630134 }, "geometry": { "type": "Polygon", "coordinates": [ [ [ -122.280725, 47.56172 ], [ -122.280726, 47.56197 ], [ -122.280726, 47.56266 ], [ -122.280728, 47.562881 ], [ -122.280725, 47.563193 ], [ -122.280731, 47.564105 ], [ -122.280616, 47.564077 ], [ -122.279503, 47.564083 ], [ -122.279512, 47.565274 ], [ -122.27952, 47.566449 ], [ -122.27954, 47.568798 ], [ -122.279551, 47.569977 ], [ -122.2795, 47.570121 ], [ -122.279362, 47.570067 ], [ -122.279179, 47.570025 ], [ -122.27901, 47.570018 ], [ -122.277683, 47.570024 ], [ -122.277612, 47.570296 ], [ -122.277326, 47.570398 ], [ -122.277208, 47.570558 ], [ -122.276871, 47.570706 ], [ -122.276635, 47.570762 ], [ -122.274473, 47.571499 ], [ -122.266726, 47.574139 ], [ -122.261153, 47.576115 ], [ -122.259925, 47.575475 ], [ -122.258604, 47.574925 ], [ -122.257206, 47.574472 ], [ -122.255868, 47.574148 ], [ -122.255706, 47.574107 ], [ -122.253772, 47.573614 ], [ -122.251847, 47.57296 ], [ -122.25116, 47.572682 ], [ -122.251032, 47.572612 ], [ -122.249739, 47.571901 ], [ -122.247649, 47.570537 ], [ -122.24578, 47.569033 ], [ -122.25267, 47.563715 ], [ -122.253221, 47.563536 ], [ -122.256061, 47.562616 ], [ -122.262361, 47.560577 ], [ -122.262534, 47.560521 ], [ -122.263834, 47.560521 ], [ -122.264374, 47.560627 ], [ -122.264777, 47.560611 ], [ -122.265681, 47.560607 ], [ -122.266937, 47.560602 ], [ -122.268159, 47.560598 ], [ -122.268289, 47.560645 ], [ -122.269343, 47.560631 ], [ -122.269448, 47.560592 ], [ -122.270707, 47.560589 ], [ -122.27196, 47.560582 ], [ -122.273217, 47.560575 ], [ -122.274472, 47.56057 ], [ -122.275727, 47.560565 ], [ -122.276939, 47.560558 ], [ -122.276983, 47.560539 ], [ -122.278142, 47.560538 ], [ -122.278201, 47.560552 ], [ -122.279494, 47.560545 ], [ -122.279604, 47.560553 ], [ -122.280731, 47.560542 ], [ -122.28073, 47.560721 ], [ -122.280725, 47.56172 ] ] ] } },
{ "type": "Feature", "properties": { "GEOID": "530330106021", "population": 1411, "pop_in_seattle": 1411.0000000000002, "area_in_seattle": 451186.6756701378 }, "geometry": { "type": "Polygon", "coordinates": [ [ [ -122.396026, 47.541074 ], [ -122.395331, 47.54181 ], [ -122.395202, 47.541985 ], [ -122.394345, 47.543157 ], [ -122.394085, 47.543517 ], [ -122.394256, 47.544698 ], [ -122.394316, 47.544958 ], [ -122.394363, 47.545157 ], [ -122.394345, 47.54587 ], [ -122.393874, 47.54677 ], [ -122.392538, 47.546752 ], [ -122.391259, 47.546735 ], [ -122.389979, 47.546718 ], [ -122.388679, 47.546701 ], [ -122.387197, 47.546681 ], [ -122.387204, 47.546032 ], [ -122.387212, 47.545324 ], [ -122.387217, 47.54487 ], [ -122.387223, 47.543072 ], [ -122.387223, 47.543017 ], [ -122.387245, 47.542278 ], [ -122.387254, 47.541483 ], [ -122.387262, 47.540729 ], [ -122.38727, 47.539893 ], [ -122.387362, 47.539865 ], [ -122.387793, 47.539878 ], [ -122.387948, 47.539871 ], [ -122.388541, 47.539877 ], [ -122.388817, 47.539876 ], [ -122.389006, 47.539856 ], [ -122.389188, 47.539815 ], [ -122.389412, 47.539742 ], [ -122.389637, 47.539694 ], [ -122.38987, 47.53967 ], [ -122.390329, 47.539692 ], [ -122.390417, 47.539699 ], [ -122.390534, 47.539701 ], [ -122.390701, 47.539669 ], [ -122.390855, 47.539632 ], [ -122.39142, 47.539625 ], [ -122.393079, 47.539639 ], [ -122.393096, 47.53845 ], [ -122.39317, 47.538561 ], [ -122.39372, 47.539192 ], [ -122.393809, 47.539263 ], [ -122.393972, 47.539348 ], [ -122.394989, 47.539727 ], [ -122.395382, 47.539914 ], [ -122.395833, 47.5402 ], [ -122.396216, 47.54053 ], [ -122.396462, 47.5407 ], [ -122.396313, 47.540789 ], [ -122.396026, 47.541074 ] ] ] } },
{ "type": "Feature", "properties": { "GEOID": "530330098012", "population": 1419, "pop_in_seattle": 1419.0, "area_in_seattle": 353836.43736874219 }, "geometry": { "type": "Polygon", "coordinates": [ [ [ -122.381395, 47.573149 ], [ -122.381392, 47.573393 ], [ -122.38137, 47.575595 ], [ -122.381339, 47.576922 ], [ -122.381326, 47.577447 ], [ -122.381302, 47.578318 ], [ -122.381276, 47.579288 ], [ -122.381261, 47.580292 ], [ -122.381246, 47.580822 ], [ -122.381239, 47.581112 ], [ -122.381081, 47.581108 ], [ -122.380207, 47.5811 ], [ -122.379133, 47.581093 ], [ -122.378293, 47.581083 ], [ -122.378049, 47.581059 ], [ -122.377884, 47.581028 ], [ -122.377638, 47.580956 ], [ -122.377405, 47.580866 ], [ -122.377243, 47.580777 ], [ -122.377188, 47.580744 ], [ -122.376989, 47.580581 ], [ -122.376891, 47.580478 ], [ -122.376805, 47.580371 ], [ -122.376683, 47.580273 ], [ -122.376991, 47.580274 ], [ -122.377005, 47.579271 ], [ -122.377034, 47.577423 ], [ -122.377059, 47.575571 ], [ -122.377083, 47.573121 ], [ -122.377104, 47.571182 ], [ -122.378181, 47.57119 ], [ -122.379259, 47.571199 ], [ -122.380337, 47.571207 ], [ -122.380889, 47.571211 ], [ -122.381415, 47.571216 ], [ -122.381395, 47.573072 ], [ -122.381395, 47.573149 ] ] ] } },
{ "type": "Feature", "properties": { "GEOID": "530330032012", "population": 1857, "pop_in_seattle": 1857.0000000000009, "area_in_seattle": 1743890.4158756512 }, "geometry": { "type": "Polygon", "coordinates": [ [ [ -122.411631, 47.686719 ], [ -122.4111, 47.686719 ], [ -122.405441, 47.686719 ], [ -122.402684, 47.686727 ], [ -122.402748, 47.685872 ], [ -122.402808, 47.684921 ], [ -122.402877, 47.68377 ], [ -122.40295, 47.683371 ], [ -122.402984, 47.68325 ], [ -122.403049, 47.683016 ], [ -122.403192, 47.682634 ], [ -122.403233, 47.682558 ], [ -122.403308, 47.682393 ], [ -122.403677, 47.681775 ], [ -122.404096, 47.681063 ], [ -122.404606, 47.68023 ], [ -122.404965, 47.67964 ], [ -122.405082, 47.679438 ], [ -122.404529, 47.679438 ], [ -122.402984, 47.679438 ], [ -122.402117, 47.679434 ], [ -122.401082, 47.679426 ], [ -122.401097, 47.678219 ], [ -122.401104, 47.677008 ], [ -122.401047, 47.677008 ], [ -122.401052, 47.676528 ], [ -122.401056, 47.67614 ], [ -122.401061, 47.675795 ], [ -122.401067, 47.675302 ], [ -122.401071, 47.674848 ], [ -122.401076, 47.674378 ], [ -122.401081, 47.673901 ], [ -122.401086, 47.673427 ], [ -122.401091, 47.672977 ], [ -122.401101, 47.672155 ], [ -122.401106, 47.671705 ], [ -122.40111, 47.671299 ], [ -122.40112, 47.670422 ], [ -122.401129, 47.669749 ], [ -122.401132, 47.669544 ], [ -122.401143, 47.668608 ], [ -122.402064, 47.668603 ], [ -122.402298, 47.668599 ], [ -122.402177, 47.668225 ], [ -122.402152, 47.667969 ], [ -122.402143, 47.667874 ], [ -122.402124, 47.667533 ], [ -122.402077, 47.666702 ], [ -122.402065, 47.666473 ], [ -122.403514, 47.66666 ], [ -122.403623, 47.666714 ], [ -122.40435, 47.667172 ], [ -122.405335, 47.668026 ], [ -122.405716, 47.66858 ], [ -122.406027, 47.669032 ], [ -122.406716, 47.670366 ], [ -122.406673, 47.670744 ], [ -122.40804, 47.671919 ], [ -122.408385, 47.672128 ], [ -122.410436, 47.673372 ], [ -122.411088, 47.673767 ], [ -122.413501, 47.675231 ], [ -122.414259, 47.675691 ], [ -122.419548, 47.678899 ], [ -122.417545, 47.680876 ], [ -122.411631, 47.686719 ] ] ] } },
{ "type": "Feature", "properties": { "GEOID": "530330006023", "population": 1310, "pop_in_seattle": 1309.9999999999998, "area_in_seattle": 728077.92647901073 }, "geometry": { "type": "Polygon", "coordinates": [ [ [ -122.342136, 47.713312 ], [ -122.342144, 47.713395 ], [ -122.342163, 47.714497 ], [ -122.341538, 47.714501 ], [ -122.34142, 47.714536 ], [ -122.341296, 47.714626 ], [ -122.341109, 47.71454 ], [ -122.341021, 47.71452 ], [ -122.340921, 47.714513 ], [ -122.340436, 47.714543 ], [ -122.340127, 47.714593 ], [ -122.339974, 47.714963 ], [ -122.340035, 47.715152 ], [ -122.34031, 47.71533 ], [ -122.339498, 47.715935 ], [ -122.33932, 47.715935 ], [ -122.338004, 47.715933 ], [ -122.33737, 47.715932 ], [ -122.336554, 47.71593 ], [ -122.336345, 47.71593 ], [ -122.335494, 47.715929 ], [ -122.334115, 47.715926 ], [ -122.334106, 47.715378 ], [ -122.334104, 47.715288 ], [ -122.334101, 47.715055 ], [ -122.334086, 47.714103 ], [ -122.334075, 47.713409 ], [ -122.334058, 47.712289 ], [ -122.334038, 47.711187 ], [ -122.334026, 47.710475 ], [ -122.33401, 47.709568 ], [ -122.333998, 47.708643 ], [ -122.333993, 47.708592 ], [ -122.333963, 47.706848 ], [ -122.334859, 47.706854 ], [ -122.335148, 47.706857 ], [ -122.335654, 47.706861 ], [ -122.335868, 47.706863 ], [ -122.336203, 47.706865 ], [ -122.337516, 47.706872 ], [ -122.337569, 47.706872 ], [ -122.339241, 47.706877 ], [ -122.339346, 47.706891 ], [ -122.339414, 47.706899 ], [ -122.34068, 47.706894 ], [ -122.341677, 47.706887 ], [ -122.342037, 47.706885 ], [ -122.343362, 47.706876 ], [ -122.344725, 47.706866 ], [ -122.344745, 47.708041 ], [ -122.344815, 47.712318 ], [ -122.344831, 47.713294 ], [ -122.342136, 47.713312 ] ] ] } },
{ "type": "Feature", "properties": { "GEOID": "530330080033", "population": 1234, "pop_in_seattle": 1234.0, "area_in_seattle": 72824.853926351847 }, "geometry": { "type": "Polygon", "coordinates": [ [ [ -122.356758, 47.618605 ], [ -122.355455, 47.6186 ], [ -122.354994, 47.618598 ], [ -122.354149, 47.618595 ], [ -122.353451, 47.618596 ], [ -122.353356, 47.618592 ], [ -122.352841, 47.61859 ], [ -122.351362, 47.618585 ], [ -122.350789, 47.618246 ], [ -122.349833, 47.617681 ], [ -122.350692, 47.617017 ], [ -122.351552, 47.616352 ], [ -122.352508, 47.616917 ], [ -122.353833, 47.617698 ], [ -122.354691, 47.617032 ], [ -122.355994, 47.617801 ], [ -122.356761, 47.618253 ], [ -122.357363, 47.618608 ], [ -122.356758, 47.618605 ] ] ] } },
{ "type": "Feature", "properties": { "GEOID": "530330090003", "population": 1138, "pop_in_seattle": 1137.9999999999995, "area_in_seattle": 283368.48537674203 }, "geometry": { "type": "Polygon", "coordinates": [ [ [ -122.306362, 47.598318 ], [ -122.30636, 47.59879 ], [ -122.306359, 47.599253 ], [ -122.30468, 47.599263 ], [ -122.304226, 47.599267 ], [ -122.304267, 47.599689 ], [ -122.304341, 47.599992 ], [ -122.304343, 47.600314 ], [ -122.304344, 47.600829 ], [ -122.303851, 47.601156 ], [ -122.303712, 47.601248 ], [ -122.303745, 47.601361 ], [ -122.303741, 47.601667 ], [ -122.302335, 47.601665 ], [ -122.302267, 47.60141 ], [ -122.302239, 47.601145 ], [ -122.302238, 47.600319 ], [ -122.302235, 47.599279 ], [ -122.302231, 47.597876 ], [ -122.302227, 47.596475 ], [ -122.302224, 47.595569 ], [ -122.30222, 47.594582 ], [ -122.302214, 47.593403 ], [ -122.302243, 47.593278 ], [ -122.302427, 47.593073 ], [ -122.302439, 47.59306 ], [ -122.302585, 47.592714 ], [ -122.302623, 47.592467 ], [ -122.302597, 47.592187 ], [ -122.302502, 47.591891 ], [ -122.30324, 47.591889 ], [ -122.304271, 47.591886 ], [ -122.304601, 47.591886 ], [ -122.305169, 47.591884 ], [ -122.305405, 47.591892 ], [ -122.305576, 47.591925 ], [ -122.305656, 47.591949 ], [ -122.305743, 47.591977 ], [ -122.305923, 47.592069 ], [ -122.305967, 47.592092 ], [ -122.306125, 47.592244 ], [ -122.306141, 47.592272 ], [ -122.306219, 47.592409 ], [ -122.306245, 47.592568 ], [ -122.306246, 47.593058 ], [ -122.306231, 47.59378 ], [ -122.306216, 47.594493 ], [ -122.3062, 47.595205 ], [ -122.306184, 47.59589 ], [ -122.306186, 47.595919 ], [ -122.306195, 47.596088 ], [ -122.306196, 47.596117 ], [ -122.306346, 47.596412 ], [ -122.306366, 47.596639 ], [ -122.306364, 47.597478 ], [ -122.306362, 47.598318 ] ] ] } }
]
}
